# System,SpT1,SpT2,Pday,Vmag,BmV,logM1,logM1e,logM2,logM2e,logR1,logR1e,logR2,logR2e,logg1,logg1e,logg2,logg2e,logT1,logT1e,logT2,logT2e,logL1,logL1e,logL2,logL2e
EPIC_203710387,M4.5V,M5V,2.809,14.3,1.8,-0.9363,0.0116,-0.9763,0.0111,-0.3648,0.0055,-0.373,0.0057,4.231,0.01,4.207,0.01,3.483,0.011,3.483,0.011,-1.842,0.047,-1.861,0.047
LP_819-72,K5_V,K5_V,11,10.54,1.76,-0.2291,0.0147,-0.1871,0.0134,-0.2218,0.0072,-0.2366,0.0075,4.65,0.02,4.72,0.02,3.605,0.006,3.626,0.006,-1.07,0.03,-1.01,0.03
OGLE-BLG-ECL-305487,KO_III,K2_III,176.655,18.2,1.7,0.0253,0.0082,-0.0039,0.0079,1.2849,0.0063,1.477,0.0035,1.893,0.013,1.48,0.005,3.628,0.042,3.6,0.027,2.03,0.17,2.31,0.11
PTFEB_132.707+19.810,M3.5_V,M4.3_V,6.016,17.89,1.66,-0.4031,0.0022,-0.6782,0.0029,-0.4401,0.0096,-0.5654,0.0192,4.915,0.019,4.891,0.039,3.513,0.012,3.494,0.015,-1.863,0.032,-2.3,0.13
UScoCTIO_5,M4.5_V,M4.5_V,34.001,16.19,1.62,-0.4694,0.0026,-0.4864,0.0027,-0.0588,0.0012,-0.077,0.0012,4.0859,0.0021,4.1053,0.0021,3.515,0.013,3.513,0.013,-1.105,0.053,-1.146,0.059
CM_Dra,M4.5_V,M4.5_V,1.268,12.9,1.6,-0.6478,0.0006,-0.6776,0.0006,-0.6003,0.0003,-0.6243,0.0004,4.9908,0.0008,5.0091,0.0007,3.496,0.01,3.494,0.014,-2.258,0.038,-2.313,0.056
OGLE-BLG-ECL-116218,K2_III,K3_III,80.586,17.59,1.6,-0.0137,0.0054,-0.0074,0.0053,1.2235,0.0073,1.3436,0.0051,1.978,0.015,1.744,0.009,3.627,0.021,3.611,0.015,1.91,0.08,2.08,0.06
ASAS_J180057-2333.8,K1_II,K4_II,269.496,10.34,1.6,0.6914,0.0019,0.688,0.0019,1.717,0.0115,1.8301,0.009,1.696,0.023,1.466,0.018,3.657,0.008,3.624,0.008,3.013,0.038,3.111,0.037
THOR_42,M3.5,none,0.859,15.17,1.53,-0.3036,0.0044,-0.6882,0.0042,-0.1811,0.002,-0.3726,0.002,4.496,0.003,4.496,0.004,3.518,0.003,3.478,0.003,-1.337,0.013,-1.879,0.013
TOI-450,M4.5_V,M4.5_V,10.715,15.2,1.5,-0.7525,0.001,-0.7528,0.0007,-0.4622,0.0076,-0.4609,0.0075,4.61,0.015,4.607,0.015,3.492,0.014,3.492,0.014,-9.99,-9.99,-9.99,-9.99
MG1-2056316,M2_V,M3_V,1.722,16.2,1.5,-0.3288,0.0019,-0.4179,0.0023,-0.3556,0.003,-0.4271,0.0035,4.82,0.006,4.874,0.007,3.539,0.022,3.521,0.022,-1.6,0.09,-1.82,0.09
MG1-78457,M3_V,M4_V,1.586,17.7,1.5,-0.2782,0.0016,-0.3089,0.0018,-0.2967,0.0095,-0.327,0.0111,4.753,0.019,4.783,0.022,3.522,0.013,3.515,0.013,-1.55,0.05,-1.64,0.05
GU_Boo,M1_V,M1_V,0.489,13.7,1.5,-0.2147,0.005,-0.2226,0.0044,-0.2055,0.0112,-0.2076,0.014,4.634,0.023,4.63,0.028,3.593,0.014,3.581,0.015,-1.09,0.06,-1.14,0.08
2MASS_J12220147-5737565,M2e,M2e,3.072,12.85,1.5,-0.1335,0.0034,-0.1752,0.0029,-0.0106,0.0058,-0.0259,0.0069,4.33,0.011,4.31,0.013,3.574,0.004,3.562,0.004,-0.772,0.021,-0.851,0.022
NGTS_J052218.2-250710.4,M5_V,M5_V,1.748,16.88,1.49,-0.7597,0.0032,-0.759,0.0032,-0.6893,0.0102,-0.6639,0.0096,5.057,0.021,5.007,0.02,3.476,0.014,3.477,0.012,-9.99,-9.99,-9.99,-9.99
LSPM_J1112+7626,M4_V,none,41.033,14.85,1.49,-0.4038,0.0025,-0.5615,0.0019,-0.4134,0.0061,-0.5261,0.007,4.861,0.012,4.929,0.014,3.486,0.024,3.47,0.023,-1.92,0.08,-2.21,0.09
YY_Gem,M1_Ve,M1_Ve,0.814,9.07,1.49,-0.2237,0.0034,-0.2212,0.0034,-0.2079,0.004,-0.2193,0.0041,4.63,0.008,4.655,0.051,3.582,0.011,3.582,0.011,-1.134,0.009,-1.134,0.009
ASAS_J061016-3321.3,K5_III,K5_V,199.857,9.71,1.48,0.0599,0.0117,0.0615,0.0045,1.0913,0.0067,1.5227,0.0051,2.315,0.014,1.454,0.01,3.632,0.019,3.583,0.021,1.667,0.074,2.319,0.092
CU_Cnc,M3.5_Ve,M3.5_Ve,2.771,11.89,1.4,-0.3632,0.0017,-0.4001,0.0015,-0.3648,0.0052,-0.408,0.0104,4.804,0.011,4.854,0.021,3.5,0.021,3.495,0.021,-1.778,0.083,-1.884,0.086
MG1-646680,M1_V,M2_V,1.638,17.3,1.4,-0.3019,0.0017,-0.3536,0.002,-0.3401,0.0067,-0.3696,0.0061,4.816,0.013,4.824,0.013,3.572,0.006,3.56,0.006,-1.44,0.03,-1.55,0.03
MG1-116309,K8_V,M0_V,0.827,16.1,1.4,-0.2464,0.0015,-0.2741,0.0016,-0.2581,0.0102,-0.2741,0.0073,4.708,0.02,4.712,0.015,3.593,0.011,3.581,0.011,-1.19,0.04,-1.27,0.05
MG1-506664,M1_V,M2_V,1.548,16,1.4,-0.2336,0.0015,-0.2644,0.0016,-0.2518,0.0039,-0.2899,0.0068,4.708,0.008,4.753,0.013,3.572,0.012,3.558,0.012,-1.26,0.05,-1.4,0.05
OGLE-LMC-ECL-12875,G8_III,K2.5_III,152.85,17.32,1.39,0.2627,0.0047,0.269,0.0054,1.1937,0.0036,1.6109,0.0034,2.313,0.007,1.486,0.006,3.685,0.009,3.642,0.011,2.083,0.036,2.744,0.044
V1236_Tau,K7_V,K7_V,2.588,18.1,1.37,-0.104,0.0066,-0.1135,0.0051,-0.1035,0.0083,-0.0878,0.0053,4.54,0.02,4.5,0.01,3.623,0.02,3.618,0.025,-0.76,0.1,-0.75,0.09
OGLE-LMC-ECL-12933,G7_III,K2_III,125.395,17.38,1.37,0.1807,0.0054,0.1801,0.0049,1.2385,0.0055,1.5612,0.0037,2.142,0.011,1.496,0.007,3.69,0.018,3.65,0.015,2.193,0.073,2.679,0.059
OGLE-LMC-ECL-15260,G8_III,K2_III,157.469,16.92,1.36,0.1611,0.0054,0.1529,0.0049,1.3659,0.008,1.6253,0.0095,1.868,0.016,1.34,0.019,3.682,0.012,3.645,0.008,2.415,0.05,2.787,0.038
HAT-TR-318-007,M4_V,M5_V,3.343,16.13,1.32,-0.3487,0.001,-0.5653,0.0067,-0.3422,0.0034,-0.5357,0.0036,4.774,0.0057,4.9442,0.0039,3.504,0.015,3.491,0.015,-1.715,0.06,-2.151,0.062
OGLE-LMC-ECL-03160,G7_III,K2_III,150.154,17.13,1.31,0.2533,0.0039,0.2558,0.0043,1.2312,0.0071,1.5731,0.0028,2.229,0.014,1.548,0.005,3.693,0.009,3.648,0.007,2.188,0.04,2.695,0.028
OGLE-LMC-ECL-18836,G5_III,K1_III,182.553,17.43,1.29,0.4561,0.0047,0.4447,0.0056,1.2028,0.0068,1.4895,0.0046,2.489,0.013,1.904,0.009,3.712,0.008,3.663,0.008,2.21,0.038,2.587,0.032
NGTS_0002-29,M,M,1.098,17.64,1.28,-0.4003,0.0036,-0.6488,0.0035,-0.3939,0.0052,-0.5592,0.0087,4.826,0.01,4.908,0.017,3.528,0.005,3.509,0.006,-1.72,0.02,-2.12,0.03
OGLE-BLG-ECL-296596,K6_III,K8_III,155.658,15.48,1.26,0.0386,0.006,0.0512,0.0054,1.2567,0.0067,1.4742,0.0048,1.963,0.013,1.541,0.011,3.625,0.014,3.599,0.013,1.964,0.067,2.297,0.06
V1174_Ori,K4.5_V,M1.5_V,2.635,13.95,1.24,0.0039,0.0065,-0.1361,0.0048,0.1268,0.0049,0.0273,0.0045,4.19,0.01,4.25,0.01,3.65,0.012,3.558,0.012,-0.193,0.048,-0.761,0.058
HD_187669,K0_III,K2.5_III,88.387,8.88,1.24,0.1772,0.0009,0.1775,0.0012,1.0542,0.0107,1.3545,0.0096,2.507,0.02,1.907,0.019,3.667,0.007,3.636,0.007,1.732,0.031,2.207,0.035
KIC_5640750,none,none,987.398,11.88,1.24,0.1804,0.0095,0.1113,0.0057,1.148,0.0037,0.2679,0.0054,2.323,0.007,4.014,0.01,3.656,0.007,3.767,0.015,1.871,0.029,0.555,0.06
KIC_9540226,none,none,175.443,12.08,1.21,0.143,0.0097,0.0065,0.0068,1.1281,0.0055,0.0145,0.0059,2.326,0.01,4.416,0.01,3.661,0.007,3.765,0.015,1.854,0.03,0.042,0.061
OGLE_SMC126.1_210,K2_III,K1_III,634.999,16.77,1.2,0.2238,0.0096,0.2225,0.0102,1.6387,0.0102,1.5911,0.0109,1.385,0.029,1.479,0.031,3.651,0.007,3.654,0.007,2.836,0.047,2.752,0.049
OGLE-LMC-ECL-12669,K0.5_III,G9_III,749.632,17.21,1.2,0.2655,0.0068,0.2927,0.0066,1.3833,0.0061,1.3685,0.0056,1.937,0.012,1.994,0.011,3.666,0.008,3.673,0.009,2.384,0.034,2.386,0.038
OGLE-LMC-ECL-09678,G4_III,G9_III,114.45,17.22,1.2,0.3802,0.0052,0.4064,0.0053,1.1389,0.005,1.4857,0.004,2.54,0.01,1.873,0.008,3.719,0.007,3.673,0.008,2.107,0.027,2.616,0.035
OGLE-LMC-ECL-05430,G9_III,G9_III,505.183,16.61,1.2,0.4341,0.0027,0.5281,0.0023,1.4622,0.0054,1.5396,0.0035,1.948,0.011,1.887,0.007,3.673,0.006,3.678,0.006,2.572,0.028,2.744,0.025
OGLE-LMC-ECL-06575,G6_II-III,K0_III,189.994,15.81,1.2,0.6198,0.0023,0.6009,0.0028,1.6428,0.0043,1.6698,0.004,1.773,0.008,1.699,0.008,3.692,0.007,3.667,0.006,3.009,0.029,2.963,0.024
OGLE-LMC-ECL-09660,G3_III,K0_III,167.796,16.27,1.19,0.4744,0.0019,0.4767,0.0017,1.374,0.0039,1.6474,0.0025,2.165,0.008,1.62,0.005,3.72,0.005,3.671,0.009,2.583,0.023,2.932,0.036
NSVS_10653195,K6_V,K7_V,0.561,12.5,1.17,-0.1937,0.0035,-0.1864,0.0035,-0.163,0.0133,-0.1726,0.0129,4.57,0.027,4.597,0.027,3.628,0.01,3.613,0.012,-0.863,0.05,-0.939,0.055
V404_CMa,none,none,0.452,17.45,1.17,-0.1349,0.003,-0.1791,0.0033,-0.1427,0.006,-0.1675,0.0128,4.608,0.012,4.614,0.025,3.623,0.01,3.596,0.012,-0.867,0.044,-1.028,0.054
ASAS_J212954-5620.1,none,none,0.702,11.93,1.17,-0.0794,0.0089,-0.153,0.008,-0.0731,0.0062,-0.1439,0.0103,4.506,0.012,4.574,0.02,3.677,0.014,3.625,0.019,-0.482,0.057,-0.84,0.076
OGLE-LMC-ECL-25658,G8_III,G9_III,192.789,17,1.17,0.3485,0.0047,0.3483,0.0045,1.3304,0.003,1.4411,0.003,2.126,0.006,1.904,0.006,3.685,0.006,3.674,0.007,2.354,0.027,2.533,0.028
OGLE-LMC-ECL-01866,G3_III,K1.5_III,251.247,16.13,1.17,0.5514,0.0024,0.5502,0.0038,1.428,0.0084,1.6731,0.0046,2.134,0.017,1.642,0.009,3.724,0.007,3.653,0.006,2.708,0.032,2.912,0.025
ASAS_J082552-1622.8,K7_V,M0_V,1.528,11.45,1.16,-0.1531,0.0028,-0.1629,0.0031,-0.1586,0.0056,-0.1555,0.0081,4.6,0.016,4.585,0.016,3.624,0.021,3.611,0.021,-0.808,0.082,-0.909,0.087
OGLE-LMC-ECL-24887,G5_III,G6_III,94.844,17.68,1.16,0.4389,0.0074,0.4736,0.0066,1.2156,0.0069,1.2512,0.0073,2.446,0.014,2.409,0.014,3.71,0.007,3.705,0.007,2.225,0.031,2.276,0.032
KIC_7037405,none,none,207.108,12.22,1.13,0.0682,0.0074,0.0453,0.0043,1.1461,0.0029,0.242,0.0035,2.2131,0.0067,3.999,0.0071,3.653,0.008,3.785,0.01,-9.99,-9.99,-9.99,-9.99
OGLE_SMC130.5_4296,G7_III,K1_III,120.468,16.78,1.1,0.2681,0.0059,0.2565,0.0065,1.4055,0.0043,1.6628,0.0033,1.895,0.014,1.369,0.013,3.691,0.007,3.655,0.007,2.529,0.036,2.898,0.036
OGLE-LMC-ECL-10567,G6_III,G9_III,117.975,16.43,1.09,0.5228,0.0038,0.503,0.0035,1.3909,0.0051,1.564,0.003,2.179,0.01,1.813,0.006,3.705,0.009,3.673,0.007,2.555,0.036,2.777,0.028
OGLE-LMC-SC9-230659,G6_III,G6_III,772.638,16.63,1.09,0.5561,0.0046,0.5352,0.0038,1.5163,0.0029,1.3692,0.0058,1.962,0.005,2.235,0.011,3.699,0.006,3.702,0.009,2.783,0.025,2.5,0.036
KIC_9970396,none,none,235.299,11.75,1.07,0.0711,0.0055,0.0013,0.0037,0.905,0.004,0.0449,0.002,2.699,0.011,4.3493,0.0054,3.687,0.007,3.794,0.009,-9.99,-9.99,-9.99,-9.99
OGLE-LMC-ECL-13360,G1_II-III,G4_II-III,262.439,15.82,1.07,0.5966,0.0026,0.6085,0.0026,1.4837,0.0054,1.5962,0.0039,2.067,0.011,1.854,0.008,3.74,0.007,3.706,0.007,2.882,0.031,2.972,0.028
OGLE-SMC-ECL-0970,G8_III,G9_III,191.551,17.93,1.06,0.1584,0.006,0.1523,0.0031,1.2648,0.0071,1.3243,0.0041,2.07,0.01,1.94,0.01,3.686,0.006,3.679,0.006,2.228,0.028,2.322,0.027
OGLE-LMC-ECL-21873,G4_III,G6_III,144.188,16.79,1.06,0.4748,0.0031,0.4904,0.0034,1.3066,0.0047,1.3922,0.0042,2.3,0.009,2.144,0.008,3.721,0.006,3.704,0.007,2.453,0.026,2.554,0.029
KIC_9246715,none,none,171.277,9.58,1.05,0.3398,0.0007,0.3344,0.0006,0.9289,0.0061,0.9138,0.0048,2.92,0.013,2.945,0.009,3.689,0.004,3.691,0.005,1.567,0.022,1.543,0.022
KIC_4054905,none,none,274.729,13.22,1.04,-0.0203,0.0043,-0.0193,0.0027,0.9224,0.0014,0.4901,0.0013,2.573,0.0026,3.4385,0.0019,3.686,0.006,3.721,0.019,1.542,0.025,0.819,0.081
OGLE-SMC-ECL-0727,G3_III,G8_III,316.572,18.11,1.04,0.4281,0.0065,0.4099,0.0068,1.1644,0.0059,1.3096,0.0064,2.53,0.01,2.23,0.01,3.724,0.008,3.684,0.008,2.182,0.034,2.31,0.034
OGLE-SMC-ECL-1492,G6_III,G8_III,73.715,17.71,1.03,-0.0132,0.0045,-0.0132,0.0045,1.2014,0.0164,1.3997,0.0052,2.02,0.03,1.63,0.01,3.697,0.009,3.679,0.006,2.149,0.046,2.468,0.028
OGLE-LMC-ECL-09114,G4_III,G2_III,214.366,16.71,1.03,0.519,0.003,0.5058,0.0034,1.4205,0.0056,1.2739,0.0086,2.116,0.011,2.396,0.017,3.719,0.005,3.734,0.009,2.669,0.023,2.439,0.04
OGLE-LMC-ECL-13529,G4_III,G4_III,49.467,17.36,1.01,0.4559,0.0024,0.4487,0.0025,1.2312,0.0054,1.2036,0.006,2.432,0.011,2.48,0.012,3.724,0.006,3.721,0.007,2.312,0.028,2.246,0.032
OGLE-SMC-ECL-0019,G4_III,G5_III,143.393,17.92,0.99,0.238,0.0075,0.2279,0.0077,1.2253,0.0103,1.2742,0.0139,2.23,0.02,2.12,0.03,3.716,0.008,3.708,0.009,2.27,0.04,2.334,0.044
OGLE-BLG-ECL-123903,K2_III,K2_III,118.531,16.9,0.99,0.3107,0.0057,0.3168,0.0048,0.9795,0.0022,0.9567,0.0029,2.79,0.011,2.841,0.012,3.679,0.012,3.68,0.016,1.633,0.071,1.591,0.067
TZ_For,G8_III,F7_III,75.666,6.88,0.97,0.3132,0.0002,0.2918,0.0002,0.9212,0.0057,0.5988,0.0088,2.915,0.023,3.539,0.037,3.693,0.003,3.803,0.005,1.57,0.02,1.36,0.03
CF_Tau,K0,G0,2.756,10.25,0.95,0.1079,0.003,0.0973,0.0038,0.4467,0.0017,0.3113,0.0034,3.653,0.005,3.913,0.008,3.716,0.013,3.778,0.011,0.71,0.05,0.69,0.05
EPIC_219511354,K2_V,K4_V,1.622,13.16,0.94,-0.04,0.0062,-0.0851,0.0085,-0.0362,0.0076,-0.0701,0.0082,4.47,0.016,4.494,0.017,3.702,0.013,3.671,0.012,-0.31,0.053,-0.5,0.052
V568_Lyr,none,none,14.47,17.34,0.94,0.0361,0.0016,-0.0822,0.0012,0.1452,0.004,-0.1072,0.0029,4.184,0.0078,4.5698,0.0059,3.752,0.007,3.683,0.013,-9.99,-9.99,-9.99,-9.99
V565_Lyr,none,none,18.799,17.71,0.93,-0.002,0.0014,-0.0318,0.0015,0.0418,0.0027,-0.0129,0.0024,4.3524,0.0053,4.4319,0.008,3.748,0.007,3.735,0.01,-9.99,-9.99,-9.99,-9.99
KIC_8430105,none,none,63.327,10.67,0.93,0.0983,0.0048,-0.0897,0.0027,0.8736,0.0018,-0.1253,0.0024,2.7892,0.0033,4.599,0.0039,3.752,0.006,3.756,0.006,-9.99,-9.99,-9.99,-9.99
V501_Her,G3_IV,G3_V,8.598,10.93,0.93,0.1035,0.0012,0.0833,0.0011,0.3014,0.0007,0.1793,0.0008,3.9384,0.0014,4.1623,0.0016,3.755,0.008,3.757,0.008,0.576,0.03,0.344,0.029
KIC_6131659,none,none,17.528,12.76,0.92,-0.0259,0.0046,-0.153,0.0049,-0.0443,0.0014,-0.2104,0.0021,4.496,0.005,4.705,0.006,3.716,0.008,3.617,0.05,-9.99,-9.99,-9.99,-9.99
OGLE-SMC-ECL-1859,G0_III,G7_III,75.544,17.69,0.92,0.4116,0.0051,0.3945,0.0035,1.2095,0.008,1.2718,0.007,2.43,0.02,2.29,0.01,3.744,0.008,3.695,0.009,2.35,0.035,2.276,0.037
M4_V69,none,none,48.188,17.01,0.9,-0.1155,0.003,-0.138,0.0029,-0.0627,0.0049,-0.0929,0.0043,4.444,0.132,4.483,0.119,3.784,0.009,3.772,0.01,-0.036,0.036,-0.146,0.041
M4_V65,none,none,2.293,17.03,0.9,-0.095,0.0046,-0.2182,0.0032,0.0596,0.0039,-0.214,0.0065,4.221,0.014,4.645,0.017,3.785,0.008,3.682,0.011,0.21,0.032,-0.747,0.046
ASAS_J052821+0338.5,K1_PMS,K3_PMS,3.873,11.7,0.9,0.1383,0.0035,0.1235,0.0026,0.2625,0.0024,0.238,0.0025,4.05,0.01,4.08,0.01,3.708,0.009,3.673,0.009,0.314,0.034,0.14,0.035
FS_Mon,F2_V,F4_V,1.906,9.6,0.9,0.2127,0.0032,0.1649,0.003,0.312,0.0025,0.2119,0.0032,4.026,0.005,4.179,0.006,3.827,0.006,3.816,0.007,0.888,0.026,0.644,0.026
OGLE-SMC-ECL-0439,G2_III,G2_III,279.266,18.06,0.9,0.356,0.0057,0.3598,0.0057,1.1614,0.015,1.1875,0.0141,2.47,0.03,2.42,0.03,3.72,0.008,3.721,0.008,2.158,0.042,2.215,0.043
1SWASP_J093010.78+533859.5,K1_V,K5_V,1.306,9.84,0.88,-0.1158,0.0079,-0.1911,0.0081,-0.1209,0.0046,-0.129,0.0058,4.564,0.012,4.505,0.014,3.699,0.017,3.627,0.021,-0.49,0.07,-0.8,0.08
M4_V66,none,none,8.111,16.84,0.88,-0.1056,0.0025,-0.1283,0.0025,-0.0293,0.0022,-0.081,0.0028,4.388,0.077,4.469,0.085,3.79,0.007,3.774,0.008,0.053,0.028,-0.115,0.031
V375_Cep,none,none,1.91,16.12,0.88,0.1099,0.0057,-0.06,0.004,0.2103,0.0016,-0.0472,0.0015,4.129,0.007,4.473,0.002,3.794,0.003,3.703,0.015,-9.99,-9.99,-9.99,-9.99
OGLE_SMC113.3_4007,G8_III,G8_III,371.768,15.81,0.88,0.5446,0.0035,0.5516,0.003,1.6609,0.0066,1.6848,0.0063,1.66,0.017,1.62,0.016,3.681,0.009,3.682,0.009,3,0.033,3.053,0.03
CG_Cyg,G9_V,K3_V,0.631,10.08,0.86,-0.0269,0.0055,-0.0915,0.007,-0.0506,0.0063,-0.0757,0.0072,4.512,0.014,4.505,0.016,3.721,0.015,3.674,0.006,-0.26,0.06,-0.51,0.03
OGLE_SMC108.1_14904,F9_II,G7_II,185.218,15.21,0.86,0.645,0.004,0.6463,0.0036,1.6716,0.0049,1.8065,0.0034,1.74,0.014,1.472,0.01,3.754,0.008,3.695,0.008,3.313,0.042,3.346,0.038
Kepler-47,none,none,7.448,15.38,0.85,-0.0191,0.0064,-0.466,0.0038,-0.0287,0.0023,-0.4711,0.0026,4.476,0.005,4.914,0.005,3.751,0.008,3.526,0.013,-0.076,0.035,-1.854,0.062
KIC_8410637,G_III,none,408.324,11.33,0.85,0.1679,0.005,0.1169,0.0046,1.0251,0.002,0.192,0.0028,2.556,0.003,4.171,0.005,3.663,0.008,3.783,0.014,1.656,0.03,0.468,0.058
KIC_5193386,none,none,21.378,14.26,0.84,0.1418,0.0113,0.0615,0.0075,0.6537,0.0031,0.1202,0.003,3.272,0.018,4.259,0.014,3.679,0.009,3.82,0.01,-9.99,-9.99,-9.99,-9.99
ASAS_J065134-2211.5,G,none,8.22,9.83,0.83,-0.0195,0.0055,-0.1713,0.0032,-0.0013,0.0017,-0.1612,0.0044,4.421,0.003,4.589,0.009,3.74,0.008,3.599,0.012,-0.09,0.03,-0.96,0.05
AI_Phe,K0_IV,F7_V,24.592,8.61,0.83,0.0769,0.0003,0.0948,0.0003,0.2565,0.0005,0.4673,0.0003,4.002,0.0011,3.5981,0.0009,3.792,0.002,3.707,0.002,0.654,0.007,0.736,0.006
NGC_7142_V1,none,none,15.651,14.86,0.83,0.1389,0.0028,0.1389,0.0028,0.2084,0.0013,0.2076,0.0013,4.16,0.003,4.162,0.003,3.782,0.014,3.782,0.014,-9.99,-9.99,-9.99,-9.99
KIC_4076952,none,none,9.762,13.88,0.82,0.2695,0.007,0.1367,0.0063,0.4883,0.0023,0.1617,0.0024,3.742,0.011,4.251,0.011,3.819,0.015,3.825,0.015,-9.99,-9.99,-9.99,-9.99
OGLE-SMC-ECL-2761,F9_III,G0_III,150.364,17.3,0.82,0.3874,0.0071,0.3766,0.0055,1.238,0.0075,1.243,0.0099,2.35,0.01,2.33,0.02,3.751,0.009,3.747,0.009,2.431,0.04,2.428,0.042
OGLE-LMC-ECL26122,none,none,771.781,16.63,0.82,0.5555,0.0066,0.5329,0.006,1.5147,0.0068,1.3615,0.0091,1.964,0.014,2.248,0.018,3.698,0.007,3.699,0.007,-9.99,-9.99,-9.99,-9.99
OGLE-SMC-ECL-3529,F8_III,G3_III,234.326,17.12,0.8,0.3729,0.0055,0.3945,0.0088,1.1004,0.0138,1.3243,0.0062,2.61,0.03,2.18,0.01,3.766,0.007,3.723,0.015,2.22,0.042,2.498,0.061
NGC_3201_V142,none,none,27.693,17.25,0.78,-0.0947,0.0027,-0.1778,0.0013,0.3448,0.0045,-0.1593,0.0025,3.654,0.005,4.588,0.003,3.772,0.012,3.744,0.012,0.731,0.049,-0.24,0.11
LV_Her,F9_V,F9_V,18.436,11.06,0.78,0.0766,0.0036,0.0681,0.003,0.1329,0.0038,0.1183,0.0036,4.2493,0.0082,4.2695,0.0081,3.793,0.011,3.78,0.011,0.349,0.044,0.311,0.044
HS_Aur,G8_V,K0_V,9.815,10.16,0.77,-0.0458,0.0092,-0.056,0.0084,0.0017,0.0104,-0.059,0.0119,4.389,0.023,4.5,0.025,3.728,0.006,3.716,0.006,-0.13,0.03,-0.3,0.03
OGLE-SMC-ECL-1421,G2_III,G6_III,102.834,17.18,0.77,0.4346,0.0032,0.4548,0.003,1.248,0.0074,1.3766,0.0036,2.37,0.01,2.14,0.01,3.732,0.008,3.701,0.008,2.38,0.034,2.512,0.033
V818_Tau,G8_V,K4_V,5.609,8.32,0.76,0.0105,0.001,-0.1292,0.0009,-0.0348,0.0071,-0.1314,0.0153,4.518,0.014,4.571,0.032,3.752,0.004,3.633,0.01,-9.99,-9.99,-9.99,-9.99
Kepler-453,none,none,27.322,13.7,0.75,-0.025,0.0046,-0.7097,0.0045,-0.0794,0.0057,-0.6676,0.0028,4.571,0.015,5.063,0.005,3.742,0.008,3.509,0.013,-9.99,-9.99,-9.99,-9.99
NGC_3201_V139,none,none,8.789,18.08,0.74,-0.0937,0.0038,-0.1649,0.0019,0.0846,0.0043,-0.163,0.0025,4.175,0.006,4.599,0.003,3.793,0.005,3.745,0.006,0.294,0.022,-0.387,0.021
KIC_2306740,none,none,10.307,13.7,0.74,0.077,0.0029,0.0326,0.0028,0.2258,0.001,0.0885,0.0018,4.063,0.002,4.294,0.004,3.764,0.018,3.782,0.017,0.449,0.075,0.26,0.072
ASAS_J045021+2300.4,none,none,1.653,10.26,0.73,-0.0297,0.0079,-0.3883,0.0053,0.0245,0.0094,-0.3893,0.0096,4.36,0.018,4.829,0.019,3.753,0.005,3.555,0.012,-9.99,-9.99,-9.99,-9.99
RT_CrB,G5_IV,K0_IV,5.117,10.21,0.73,0.1281,0.0032,0.1332,0.0029,0.4175,0.0073,0.4692,0.0075,3.731,0.014,3.632,0.015,3.762,0.008,3.71,0.009,0.838,0.032,0.736,0.036
EF_Aqr,G0_V,none,2.854,9.89,0.72,0.0948,0.0028,-0.0241,0.0028,0.1265,0.0039,-0.0195,0.0055,4.28,0.007,4.453,0.011,3.789,0.006,3.715,0.009,0.36,0.011,-0.227,0.02
ASAS_J085002+1752.5,none,none,5.226,10.15,0.72,0.1225,0.001,0.1967,0.0008,0.1962,0.0069,0.5081,0.0057,4.168,0.014,3.619,0.011,3.817,0.014,3.758,0.018,-9.99,-9.99,-9.99,-9.99
KIC_8736245,G2_V,none,5.069,13.95,0.71,-0.0057,0.004,-0.1068,0.005,0.1176,0.002,-0.0947,0.0022,4.197,0.006,4.521,0.008,3.764,0.009,3.702,0.011,-9.99,-9.99,-9.99,-9.99
WOCS_40007,none,none,3.185,15.65,0.71,0.092,0.007,0.0358,0.0072,0.1458,0.0022,0.0406,0.0016,4.24,0.005,4.381,0.004,3.795,0.006,3.775,0.011,-9.99,-9.99,-9.99,-9.99
V432_Aur,none,none,3.082,8.15,0.7,0.0334,0.0056,0.0792,0.0065,0.0899,0.0021,0.3909,0.0035,4.29,0.008,3.74,0.01,3.825,0.006,3.784,0.006,-9.99,-9.99,-9.99,-9.99
V1094_Tau,G0_V,G3_V,8.989,8.97,0.7,0.04,0.0016,0.0052,0.0012,0.1495,0.0018,0.0439,0.0026,4.179,0.004,4.355,0.005,3.767,0.007,3.756,0.008,0.32,0.03,0.05,0.03
EPIC_219568666,F8_V,none,11.991,11.86,0.7,0.0496,0.005,-0.1349,0.003,0.0711,0.0026,-0.1938,0.0115,4.346,0.005,4.69,0.022,3.788,0.007,3.653,0.01,0.248,0.028,-0.818,0.046
KIC_5359678,F5,none,6.231,14.21,0.7,0.0976,0.0062,0.0273,0.0053,0.1611,0.0036,0.0204,0.007,4.214,0.007,4.424,0.013,3.813,0.003,3.777,0.005,0.555,0.014,0.103,0.025
NP_Per,F5_V,K5_e,2.229,11.24,0.7,0.1208,0.0029,0.0194,0.0019,0.1374,0.0041,0.0896,0.0046,4.284,0.008,4.2779,0.0089,3.808,0.006,3.657,0.015,0.46,0.025,-0.237,0.058
IM_Per,A8_V,A8_V,2.254,11.28,0.7,0.2512,0.0023,0.249,0.0024,0.3818,0.0032,0.374,0.0031,3.9258,0.0067,3.9394,0.0068,3.88,0.009,3.879,0.009,1.235,0.035,1.217,0.036
CoRoT_105906206,none,none,3.695,11.78,0.7,0.3522,0.0077,0.1106,0.0101,0.6274,0.002,0.1271,0.0032,3.53,0.01,4.3,0.02,3.829,0.01,3.789,0.011,1.53,0.04,0.36,0.05
HP_Aur,G2_V,K1_V,1.423,11.17,0.68,-0.0203,0.0019,-0.0918,0.0019,0.0119,0.0018,-0.1103,0.0019,4.3942,0.004,4.5669,0.0043,3.764,0.009,3.713,0.01,0.036,0.035,-0.414,0.039
TIC_193993801,F8_V,none,1.431,11.27,0.67,0.1159,0.005,0.0752,0.0066,0.2284,0.0036,0.1153,0.0057,4.098,0.006,4.245,0.011,3.801,0.003,3.785,0.003,0.614,0.013,0.323,0.018
OGLE-SMC-ECL-3678,F2_II,G6_II,187.843,15.56,0.67,0.5832,0.0023,0.5717,0.0012,1.4942,0.007,1.6294,0.0041,2.03,0.01,1.75,0.01,3.823,0.008,3.697,0.006,3.234,0.037,3.003,0.026
Kepler-35,none,none,20.734,15.96,0.66,-0.0517,0.0025,-0.0918,0.0024,0.0122,0.0008,-0.1045,0.0012,4.3623,0.002,4.5556,0.0016,3.749,0.011,3.716,0.008,-0.027,0.043,-0.387,0.02
IM_Vir,G7_V,K7_V,1.309,9.57,0.66,-0.0083,0.0053,-0.1776,0.0031,0.0257,0.0065,-0.1669,0.0083,4.379,0.014,4.594,0.017,3.754,0.008,3.628,0.013,-0.012,0.034,-0.867,0.056
Kepler_1647,none,none,11.259,13.7,0.66,0.0866,0.004,-0.0142,0.0018,0.2529,0.0013,-0.0149,0.0026,4.018,0.002,4.4534,0.004,3.793,0.007,3.761,0.009,-9.99,-9.99,-9.99,-9.99
EPIC_219394517,G,G,6.527,11.34,0.64,0.0327,0.0008,0.0278,0.001,0.0233,0.0045,0.0179,0.005,4.4247,0.0094,4.4303,0.0097,3.773,0.007,3.769,0.007,0.091,0.031,0.066,0.031
V963_Cen,G1_IV-V,G1_IV-V,15.269,8.6,0.64,0.0339,0.0012,0.0315,0.0012,0.16,0.0016,0.1527,0.0021,4.152,0.003,4.164,0.004,3.764,0.004,3.765,0.005,0.332,0.018,0.32,0.021
ASAS_J171750-1915.3,none,none,3.137,10.99,0.64,0.1326,0.0008,0.1288,0.001,0.2243,0.0018,0.217,0.0016,4.122,0.003,4.133,0.003,3.815,0.009,3.813,0.009,-9.99,-9.99,-9.99,-9.99
OGLE-LMC-CEP-01812,F7_II,G4_III,551.776,16.69,0.64,0.5752,0.0035,0.4183,0.0033,1.2516,0.0032,1.073,0.0029,2.509,0.007,2.709,0.007,3.787,0.011,3.713,0.01,2.61,0.04,1.95,0.04
ASAS_J045304-0700.4,K2_V,K4_V,1.622,11.24,0.63,-0.0789,0.0019,-0.082,0.0021,-0.0716,0.0026,-0.0794,0.0026,4.503,0.005,4.515,0.005,3.726,0.016,3.708,0.017,-0.278,0.065,-0.365,0.068
Kepler-34,none,none,27.796,15.04,0.63,0.0203,0.0013,0.0089,0.0009,0.0651,0.0011,0.0385,0.0012,4.3284,0.0021,4.3703,0.0022,3.772,0.009,3.768,0.01,0.173,0.033,0.107,0.036
QR_Hya,G1_V,G2_V,5.006,8.4,0.63,0.0415,0.0007,0.0283,0.0008,0.1087,0.0014,0.0802,0.002,4.262,0.003,4.306,0.004,3.773,0.005,3.767,0.005,0.262,0.021,0.182,0.023
V636_Cen,G0_V,none,4.284,8.7,0.62,0.022,0.0021,-0.0685,0.0015,0.0077,0.0017,-0.0809,0.0021,4.444,0.004,4.532,0.005,3.771,0.006,3.699,0.009,0.05,0.03,-0.41,0.04
WOCS_12009,none,none,69.728,13.99,0.62,0.0457,0.0059,-0.1261,0.0029,0.0298,0.0036,-0.1469,0.0195,4.424,0.002,4.607,0.038,3.785,0.007,3.673,0.01,-9.99,-9.99,-9.99,-9.99
AN_Cam,F9_V,G2_IV,20.998,9.69,0.61,0.1399,0.0066,0.1467,0.0077,0.3343,0.0024,0.4226,0.0023,3.9095,0.003,3.74,0.0037,3.782,0.011,3.76,0.011,0.75,0.043,0.839,0.046
GX_Gem,F7_V,F7_V,4.038,11.33,0.61,0.1726,0.0032,0.1664,0.003,0.3668,0.0022,0.3499,0.0023,3.877,0.004,3.904,0.005,3.792,0.007,3.79,0.007,0.86,0.03,0.82,0.03
KIC_3858884,none,none,25.952,9.45,0.61,0.2742,0.0069,0.2695,0.0093,0.5378,0.0013,0.4843,0.0014,3.63,0.01,3.74,0.01,3.833,0.004,3.82,0.005,-9.99,-9.99,-9.99,-9.99
V785_Cep,none,none,6.504,14.74,0.6,0.0426,0.0028,0.0338,0.0028,0.1535,0.0058,0.1377,0.006,4.174,0.012,4.196,0.013,3.771,0.007,3.769,0.007,0.34,0.03,0.3,0.03
RU_Cnc,none,none,10.173,10.2,0.6,0.1294,0.0035,0.1508,0.0021,0.34,0.0083,0.6936,0.0064,3.888,0.017,3.202,0.013,3.817,0.006,3.678,0.013,-9.99,-9.99,-9.99,-9.99
OGLE-LMC-CEP-00227,F7_Ib-II,G4_II,309.669,15.2,0.6,0.618,0.0031,0.6085,0.0032,1.5425,0.0015,1.6512,0.0014,1.97,0.004,1.743,0.003,3.778,0.012,3.708,0.01,3.15,0.05,3.09,0.04
EPIC_210822691,none,none,8.074,11.37,0.59,0.0374,0.004,-0.0177,0.009,0.0969,0.0035,-0.0269,0.0046,4.286,0.021,4.473,0.033,3.775,0.009,3.745,0.012,0.245,0.028,-0.118,0.038
UW_LMi,G0_V,G0_V,3.874,8.32,0.59,0.0655,0.0007,0.057,0.0006,0.1271,0.0045,0.1055,0.0055,4.249,0.009,4.284,0.011,3.781,0.005,3.778,0.005,0.332,0.022,0.279,0.023
BF_Dra,F6_V,F6_V,11.211,9.76,0.59,0.1504,0.0009,0.1383,0.0009,0.3193,0.0025,0.2838,0.0027,3.95,0.005,4.008,0.005,3.803,0.011,3.806,0.01,0.81,0.04,0.75,0.04
BK_Peg,F8_V,F7_V,5.49,9.98,0.59,0.1504,0.0021,0.0993,0.0017,0.2984,0.0017,0.1685,0.005,3.992,0.004,4.201,0.01,3.797,0.006,3.801,0.006,0.74,0.02,0.49,0.03
ASAS_J163903-2847.2,none,none,23.31,9.85,0.59,0.1526,0.0012,0.0573,0.0008,0.3339,0.0012,0.0878,0.0014,3.923,0.002,4.32,0.003,3.822,0.005,3.819,0.025,-9.99,-9.99,-9.99,-9.99
KIC_2557430,F2_V,F9_V,1.298,11.63,0.58,0.2279,0.0077,0.1303,0.0064,0.2742,0.0046,0.0899,0.0106,4.116,0.009,4.386,0.019,3.848,0.011,3.782,0.05,0.899,0.038,0.249,0.075
ASAS_J060505+2032.1,none,none,2.121,11.93,0.58,0.2345,0.0056,0.2297,0.0072,0.3113,0.0021,0.3028,0.0024,4.05,0.003,4.062,0.004,3.87,0.025,3.87,0.022,-9.99,-9.99,-9.99,-9.99
V413_Ser,B8_V,B9_V,2.26,8,0.58,0.5658,0.0059,0.5263,0.0052,0.5065,0.0068,0.4669,0.0074,3.9914,0.0028,4.031,0.0031,4.045,0.012,4.015,0.012,2.149,0.022,1.949,0.034
NGC_6362_V41,none,none,17.889,18.77,0.57,-0.0854,0.0031,-0.1379,0.0028,0.031,0.0019,-0.1363,0.0027,4.311,0.004,4.593,0.006,3.787,0.009,3.759,0.009,0.164,0.033,-0.281,0.036
AL_Dor,F9_V,F9_V,14.905,7.74,0.57,0.0421,0.0002,0.0425,0.0003,0.0381,0.0008,0.0407,0.0008,4.404,0.002,4.399,0.002,3.782,0.005,3.782,0.005,0.159,0.018,0.164,0.018
EW_Ori,G0_V,G2_V,6.937,9.9,0.57,0.0693,0.0041,0.0504,0.0035,0.0674,0.0019,0.0402,0.002,4.372,0.005,4.408,0.005,3.783,0.007,3.771,0.007,0.22,0.03,0.12,0.03
V501_Mon,A6m,F0,7.021,12.32,0.57,0.2163,0.0011,0.164,0.0007,0.276,0.0067,0.2019,0.0076,4.103,0.013,4.199,0.016,3.876,0.006,3.845,0.006,1.007,0.027,0.743,0.043
M55_V54,none,none,9.269,18.3,0.56,-0.1391,0.009,-0.2557,0.0063,0.0026,0.0039,-0.2774,0.0041,4.294,0.01,4.737,0.01,3.796,0.005,3.701,0.008,0.14,0.021,-0.799,0.033
47_Tuc_E32,none,none,40.913,17.15,0.56,-0.0646,0.0024,-0.0826,0.0024,0.0731,0.0012,0.0019,0.0017,4.227,0.002,4.352,0.003,3.78,0.003,3.775,0.003,0.217,0.013,0.057,0.015
47_Tuc_V69,none,none,29.54,16.84,0.56,-0.0574,0.0024,-0.0661,0.003,0.1189,0.0017,0.0651,0.0023,4.143,0.003,4.242,0.003,3.775,0.003,3.777,0.003,0.292,0.013,0.193,0.014
KX_Cnc,F9_V,F9_V,31.22,7.19,0.56,0.0548,0.0012,0.0508,0.0017,0.0223,0.0023,0.025,0.0021,4.4825,0.0045,4.4388,0.0041,3.771,0.007,3.767,0.007,0.083,0.03,0.071,0.03
KIC_7821010,none,none,24.238,10.84,0.56,0.1062,0.0058,0.0867,0.0057,0.1059,0.0037,0.0828,0.005,4.332,0.007,4.359,0.009,3.827,0.01,3.817,0.011,0.47,0.04,0.39,0.05
NGC_6362_V40,none,none,5.296,18.22,0.55,-0.079,0.0033,-0.0998,0.0026,0.1223,0.0025,-0.0013,0.0057,4.55,0.005,4.361,0.011,3.789,0.009,3.785,0.011,0.356,0.035,0.093,0.046
Tyc_5227-1023-1,none,none,4.306,11.86,0.55,-0.0195,0.0073,-0.0762,0.0062,0.1424,0.0031,-0.0101,0.0044,4.13,0.01,4.38,0.01,3.803,0.014,3.773,0.016,-9.99,-9.99,-9.99,-9.99
HP_Dra,F9_V,F9_V,10.762,7.94,0.55,0.0542,0.0019,0.039,0.0028,0.137,0.0038,0.022,0.0041,4.218,0.01,4.433,0.011,3.778,0.011,3.77,0.011,0.34,0.044,0.079,0.044
TIC_172900988,none,none,19.658,10.14,0.55,0.0891,0.0003,0.0799,0.0003,0.1407,0.0008,0.1186,0.0004,4.2492,0.0016,4.2808,0.0009,3.782,0.007,3.777,0.007,-9.99,-9.99,-9.99,-9.99
ZZ_UMa,F8_V,G6_V,2.299,10.39,0.54,0.0549,0.0033,-0.0154,0.0023,0.1574,0.0021,0.0315,0.0019,4.178,0.004,4.36,0.003,3.775,0.005,3.722,0.007,0.37,0.052,-0.095,0.03
LL_Aqr,F3_V,F8_V,20.178,9.32,0.54,0.0777,0.0003,0.0144,0.0003,0.1209,0.002,0.0009,0.0022,4.274,0.004,4.451,0.004,3.784,0.003,3.756,0.004,0.332,0.014,-0.019,0.016
UX_Men,F8_V,F8_V,4.181,8.22,0.54,0.0874,0.0005,0.0747,0.0005,0.1294,0.0042,0.1052,0.0044,4.272,0.009,4.306,0.009,3.792,0.007,3.789,0.007,0.38,0.03,0.32,0.03
V1061_Cyg,F9_V,G8_V,2.347,9.24,0.54,0.1079,0.0051,-0.0308,0.0032,0.2082,0.0046,-0.0114,0.0089,4.129,0.011,4.43,0.018,3.791,0.007,3.724,0.012,0.533,0.03,-0.173,0.052
NN_Del,F8,none,99.269,8.4,0.54,0.1597,0.0009,0.1227,0.0007,0.3412,0.003,0.2063,0.0038,3.915,0.006,4.148,0.007,3.809,0.014,3.813,0.013,0.868,0.054,0.615,0.054
HD_32129,F3_V,G2_V,16.412,9.09,0.54,0.1872,0.001,0.0289,0.0008,0.2724,0.0012,-0.0055,0.0022,4.08,0.003,4.478,0.006,3.827,0.004,3.76,0.007,0.806,0.016,-0.013,0.031
CQ_Ind,F6_V,F8_V,8.974,8.36,0.53,0.1036,0.0004,0.0528,0.0005,0.1491,0.0012,0.0518,0.0022,4.243,0.002,4.387,0.003,3.81,0.005,3.788,0.005,0.494,0.018,0.212,0.021
DN_Cas,O8.5_V,B0.2_V,2.311,9.93,0.53,1.2797,0.0016,1.1377,0.0016,0.8585,0.0036,0.7627,0.0045,4,0.009,4.27,0.01,4.507,0.014,4.447,0.017,4.7,0.06,4.27,0.08
KIC_6525196,none,none,3.421,10.22,0.52,0.015,0.0023,-0.0127,0.0017,0.0302,0.0008,0.0044,0.0007,4.3927,0.0024,4.4166,0.0019,3.812,0.009,3.806,0.008,-9.99,-9.99,-9.99,-9.99
KIC_7177553,G2_V,G2_V,17.996,11.54,0.52,0.0183,0.0058,-0.0061,0.0066,-0.0269,0.0023,-0.0264,0.0023,4.517,0.008,4.491,0.008,3.763,0.01,3.759,0.011,-0.055,0.04,-0.071,0.041
AL_Ari,F6_V,G7_V,3.747,7.23,0.52,0.066,0.0005,-0.0404,0.0003,0.1374,0.0028,-0.0434,0.0038,4.229,0.005,4.458,0.008,3.804,0.004,3.745,0.005,0.444,0.016,-0.155,0.019
FL_Lyr,F8_V,G8_V,2.178,9.33,0.52,0.0829,0.0027,-0.0217,0.0018,0.0948,0.008,-0.0458,0.0116,4.331,0.016,4.508,0.023,3.796,0.008,3.74,0.019,0.33,0.095,-0.18,0.08
CO_And,F8_V,F8_V,3.655,10.83,0.52,0.1103,0.0025,0.1019,0.0025,0.2373,0.0053,0.2289,0.0044,4.074,0.011,4.0822,0.0089,3.788,0.009,3.79,0.009,0.58,0.038,0.572,0.038
LX_Mus,F5_V,F5_V,11.751,8.78,0.51,0.1282,0.0002,0.1317,0.0002,0.1287,0.0027,0.1449,0.0022,4.309,0.005,4.28,0.004,3.815,0.005,3.817,0.004,0.473,0.018,0.513,0.017
AQ_Ser,F5_IV,F6_IV,1.687,10.65,0.51,0.129,0.0077,0.1514,0.0067,0.3581,0.0027,0.3893,0.0048,3.85,0.009,3.81,0.012,3.808,0.007,3.802,0.007,0.901,0.027,0.939,0.042
RW_Lac,G5_V,G7_V,10.369,10.63,0.5,-0.0325,0.0028,-0.0605,0.002,0.0741,0.0015,-0.0159,0.0018,4.257,0.003,4.409,0.004,3.76,0.008,3.745,0.012,0.14,0.03,-0.1,0.05
EBLM_J0113+31,G0_V,none,14.277,10.12,0.5,0.0124,0.0106,-0.7055,0.0066,0.1514,0.0043,-0.6676,0.004,4.148,0.006,5.068,0.006,3.787,0.003,3.528,0.005,0.406,0.014,-2.267,0.024
CV_Boo,G2_V,G3_V,0.847,10.8,0.5,0.0137,0.0055,-0.0141,0.0054,0.1011,0.0079,0.0693,0.0085,4.294,0.016,4.285,0.017,3.76,0.011,3.754,0.011,0.197,0.048,0.107,0.049
WASP_0639-32,F,K,11.658,10.66,0.5,0.0624,0.0016,-0.1061,0.0016,0.2634,0.0054,-0.1372,0.0048,3.974,0.011,4.607,0.01,3.801,0.003,3.732,0.006,0.685,0.018,-0.392,0.028
WZ_Oph,F8_V,F8_V,4.184,9.1,0.5,0.0888,0.0025,0.0864,0.0021,0.1464,0.0037,0.152,0.0037,4.234,0.008,4.221,0.008,3.79,0.007,3.786,0.007,0.41,0.03,0.4,0.03
IT_Cas,F5_V,F5_V,3.897,11.15,0.5,0.122,0.0031,0.1212,0.0026,0.1918,0.0012,0.1907,0.0013,4.1765,0.0022,4.1778,0.0021,3.829,0.007,3.829,0.007,0.653,0.027,0.651,0.027
BG_Ind,F,F,1.464,6.13,0.5,0.1559,0.0061,0.1189,0.0083,0.369,0.0035,0.2019,0.009,3.852,0.008,4.15,0.012,3.809,0.002,3.834,0.002,0.926,0.009,0.693,0.02
EPIC_219552514,none,none,2.754,10.34,0.5,0.1787,0.017,-0.1878,0.01,0.3988,0.005,-0.1858,0.0087,3.822,0.009,4.624,0.012,3.791,0.007,3.603,0.018,0.913,0.03,-1.018,0.075
OGLE-SMC-ECL-2876,G0_III,G4_III,120.867,17.49,0.5,0.4082,0.0068,0.3997,0.0052,1.2175,0.0105,1.238,0.01,2.41,0.02,2.36,0.02,3.745,0.008,3.712,0.008,2.371,0.037,2.279,0.034
OGLE-LMC-CEP-04506,F7_Ib,F7_Ib-II,1550.354,15.5,0.5,0.5575,0.0036,0.5465,0.0037,1.4548,0.003,1.4216,0.0033,2.087,0.007,2.142,0.006,3.787,0.011,3.783,0.011,3.01,0.05,2.93,0.05
V530_Ori,G1_V,M1_V,6.111,9.96,0.49,0.0016,0.0029,-0.2251,0.0016,-0.0088,0.0058,-0.2311,0.005,4.457,0.012,4.676,0.01,3.777,0.007,3.589,0.013,0.016,0.032,-1.154,0.053
FM_Leo,F6_V,F6_V,6.729,8.47,0.49,0.1187,0.0002,0.1039,0.0001,0.2107,0.0006,0.1785,0.0008,4.135,0.001,4.185,0.001,3.806,0.004,3.805,0.004,0.6,0.015,0.533,0.015
BN_Scl,F7_V,F8_V,3.747,5.23,0.49,0.1482,0.0007,0.0948,0.0005,0.2634,0.0017,0.1399,0.0028,4.059,0.003,4.256,0.006,3.8,0.003,3.795,0.005,0.68,0.015,0.415,0.02
BD_+47_378,F0_V,K4_V,2.145,10.11,0.49,0.2279,0.0077,-0.0969,0.0109,0.301,0.0022,-0.1079,0.0056,4.068,0.003,4.552,0.006,3.854,0.006,3.664,0.009,0.968,0.025,-0.6,0.038
GG_Ori,A2_V,A2_V,6.631,10.43,0.49,0.3696,0.003,0.3688,0.0032,0.2676,0.0059,0.2625,0.0059,4.272,0.012,4.282,0.012,3.998,0.009,3.998,0.009,1.48,0.037,1.47,0.037
KIC_3439031,none,none,5.952,11.34,0.48,0.0884,0.0009,0.089,0.001,0.1484,0.0007,0.1471,0.0008,4.23,0.0013,4.2332,0.0015,3.815,0.015,3.815,0.015,0.45,0.06,0.45,0.06
IO_Aqr,F5_V-IV,F6_V-IV,2.368,8.86,0.48,0.1956,0.0011,0.2188,0.001,0.3406,0.003,0.3967,0.003,3.952,0.006,3.863,0.006,3.811,0.009,3.802,0.009,0.88,0.032,0.954,0.031
KIC_9850387,F1_V,none,2.748,13.67,0.48,0.2201,0.0026,0.0261,0.0016,0.3332,0.0006,0.0338,0.0012,3.992,0.003,4.396,0.003,3.865,0.005,3.79,0.005,-9.99,-9.99,-9.99,-9.99
CC_Cas,O8.5_III(n),B0.5_V,3.366,7.08,0.48,1.3709,0.017,0.9978,0.0148,1.0362,0.0072,0.8351,0.0114,3.736,0.013,3.766,0.022,4.538,0.025,4.452,0.031,5.179,0.053,4.474,0.064
V338_Vir,F5_V,F6_IV,5.985,9.15,0.47,0.1164,0.0007,0.1804,0.0006,0.1855,0.0028,0.3738,0.0017,4.183,0.006,3.871,0.003,3.818,0.006,3.808,0.004,0.599,0.024,0.934,0.017
UZ_Dra,F7_V,G0_V,3.261,9.59,0.47,0.1271,0.0065,0.0899,0.0071,0.1173,0.0099,0.0607,0.0076,4.33,0.03,4.4,0.03,3.793,0.008,3.777,0.008,0.35,0.05,0.18,0.05
V1143_Cyg,F5_V,F5_V,7.641,5.89,0.47,0.1339,0.0013,0.1245,0.0013,0.1297,0.0052,0.1212,0.0053,4.31,0.03,4.32,0.04,3.821,0.013,3.818,0.015,0.53,0.06,0.5,0.07
VZ_Cep,F3_V,G4_V,1.183,9.72,0.47,0.1467,0.0046,0.0444,0.0033,0.1858,0.0034,0.0179,0.0163,4.213,0.008,4.446,0.033,3.824,0.01,3.757,0.009,0.634,0.041,0.026,0.05
DM_Vir,F7_V,F7_V,4.669,8.73,0.47,0.1626,0.0024,0.1608,0.0024,0.2463,0.0042,0.2463,0.0042,4.108,0.009,4.106,0.009,3.813,0.007,3.813,0.007,0.7,0.03,0.7,0.03
RZ_Cha,F5_V,F5_V,2.832,8.1,0.47,0.1813,0.006,0.1787,0.0078,0.3549,0.0033,0.3549,0.0033,3.909,0.009,3.907,0.01,3.81,0.01,3.81,0.01,0.9,0.04,0.9,0.04
V1022_Cas,F6_V,F6_V,12.156,5.56,0.47,0.2111,0.0003,0.206,0.0003,0.4099,0.0035,0.3883,0.0039,3.83,0.02,3.87,0.01,3.803,0.01,3.808,0.01,0.985,0.049,0.961,0.046
WW_Cam,A4_Vm,A4_Vm,2.274,10.14,0.47,0.2833,0.0029,0.2725,0.0042,0.2813,0.0036,0.2572,0.0034,4.159,0.008,4.196,0.009,3.922,0.007,3.916,0.007,1.2,0.03,1.13,0.03
ASAS_J231922-0852.2,none,none,6.062,10.24,0.46,0.0554,0.0011,0.0026,0.0009,0.2148,0.0024,0.0453,0.009,4.064,0.005,4.35,0.018,3.797,0.003,3.795,0.007,-9.99,-9.99,-9.99,-9.99
V1200_Cen,F5_V,none,2.483,8.5,0.46,0.144,0.0056,-0.0638,0.0041,0.1483,0.0043,0.0622,0.0053,4.2855,0.0082,4.2496,0.0099,3.819,0.004,3.651,0.007,0.525,0.013,-0.319,0.025
V570_Per,F3_V,F5_V,1.901,8.09,0.46,0.161,0.0019,0.1302,0.002,0.187,0.0099,0.13,0.0103,4.225,0.02,4.308,0.021,3.835,0.003,3.817,0.003,0.669,0.023,0.483,0.024
BW_Aqr,F7_V,F7_V,6.72,10.3,0.45,0.1377,0.0057,0.167,0.0053,0.2388,0.0022,0.3161,0.0008,4.0982,0.004,3.9731,0.0025,3.81,0.007,3.802,0.007,0.669,0.027,0.796,0.028
ASAS_J073507-0905.7,F5_V,none,1.446,9.32,0.45,0.162,0.0102,-0.0926,0.007,0.2135,0.0032,-0.0867,0.0058,4.173,0.005,4.519,0.01,3.806,0.007,3.64,0.011,0.6,0.03,-0.66,0.05
KIC_6778289,none,none,30.13,13.09,0.45,0.1796,0.0063,0.0382,0.0076,0.2425,0.0022,-0.0009,0.0022,4.133,0.008,4.479,0.01,3.834,0.01,3.861,0.026,-9.99,-9.99,-9.99,-9.99
KIC_10031808,none,none,8.59,9.56,0.45,0.2408,0.0022,0.2548,0.0031,0.4133,0.0034,0.481,0.002,3.852,0.006,3.731,0.004,3.852,0.007,3.835,0.007,1.185,0.027,1.254,0.027
AP_And,F5_V,F5_V,1.587,11.19,0.44,0.1062,0.0015,0.0973,0.0015,0.0911,0.0022,0.0775,0.0019,4.3623,0.0044,4.3805,0.0038,3.817,0.01,3.813,0.01,0.403,0.04,0.358,0.039
AD_Boo,F6_V,G0_V,2.069,9.38,0.44,0.1504,0.0028,0.0824,0.0022,0.2074,0.0038,0.0849,0.0036,4.173,0.008,4.351,0.007,3.818,0.008,3.789,0.008,0.64,0.03,0.28,0.04
CD_Tau,F6_V,F6_V,3.435,6.77,0.44,0.159,0.0048,0.1361,0.0051,0.2548,0.0041,0.1998,0.0055,4.087,0.01,4.174,0.012,3.792,0.004,3.792,0.004,-9.99,-9.99,-9.99,-9.99
V455_Aur,F5_V,F6_V,3.146,7.28,0.43,0.1102,0.0021,0.0905,0.0018,0.1427,0.0034,0.1199,0.0046,4.2626,0.007,4.2887,0.0089,3.813,0.013,3.806,0.013,0.492,0.054,0.419,0.055
V2080_Cyg,F4_V,F4_V,4.934,7.4,0.42,0.0759,0.0062,0.0633,0.0064,0.203,0.0022,0.2038,0.0022,4.108,0.003,4.093,0.003,3.778,0.005,3.777,0.005,0.474,0.022,0.472,0.022
V505_Per,F5_V,F5_V,4.222,6.88,0.42,0.1053,0.0012,0.0996,0.001,0.112,0.0005,0.1016,0.0006,4.3194,0.001,4.3343,0.001,3.814,0.003,3.81,0.013,0.434,0.013,0.399,0.013
CoRoT_102918586,none,none,4.391,12.45,0.42,0.2201,0.0052,0.1732,0.0087,0.2148,0.0026,0.1703,0.0029,4.23,0.01,4.27,0.01,3.868,0.005,3.851,0.007,-9.99,-9.99,-9.99,-9.99
HY_Vir,F0m,F5_V,2.732,7.81,0.42,0.2643,0.0021,0.1474,0.0019,0.4481,0.0012,0.1816,0.0023,3.806,0.003,4.222,0.004,3.836,0.008,3.816,0.008,1.2,0.04,0.58,0.04
VV_Crv,F5_IV,F5_V,3.145,5.27,0.42,0.2962,0.0022,0.1798,0.0023,0.5283,0.0013,0.2175,0.0021,3.678,0.006,4.183,0.009,3.813,0.013,3.822,0.013,1.261,0.054,0.676,0.054
HS_Hya,F5_V,F5_V,1.568,8.12,0.41,0.0987,0.0027,0.0859,0.0025,0.1054,0.0025,0.085,0.0025,4.3259,0.0056,4.3539,0.0057,3.8129,0.0033,3.8062,0.0034,0.415,0.014,0.347,0.015
VZ_Hya,F5_V,F6_V,2.904,8.95,0.41,0.1041,0.0021,0.0592,0.0027,0.1186,0.0017,0.0461,0.0027,4.305,0.005,4.405,0.006,3.809,0.01,3.799,0.01,0.48,0.04,0.24,0.04
CPD_-54_810,none,none,26.132,10.45,0.41,0.1167,0.0017,0.0373,0.0014,0.2853,0.0007,0.0724,0.0014,3.9836,0.0012,4.3297,0.0026,3.81,0.003,3.801,0.003,0.766,0.011,0.305,0.012
V2154_Cyg,F3_V,K2_V,2.631,7.83,0.4,0.1035,0.0058,-0.1225,0.0034,0.1694,0.0035,-0.1407,0.0055,4.2028,0.0089,4.597,0.012,3.831,0.01,3.701,0.013,0.616,0.039,-0.523,0.039
HD_22064,F2_V,none,9.135,8.81,0.4,0.1287,0.01,-0.2396,0.0075,0.1915,0.0039,-0.2255,0.0058,4.184,0.006,4.65,0.01,3.83,0.003,3.568,0.037,0.658,0.006,-1.176,0.012
HIP_7666,A5,none,2.372,9.64,0.4,0.1847,0.0085,0.0899,0.0106,0.3181,0.0042,0.0253,0.0082,3.98,0.02,4.47,0.02,3.851,0.006,3.78,0.005,0.99,0.03,0.13,0.04
KIC_5288543,none,none,3.457,13.52,0.39,0.0973,0.0052,-0.0237,0.0046,0.2097,0.0009,-0.0328,0.0015,4.116,0.007,4.48,0.008,3.798,0.012,3.748,0.012,-9.99,-9.99,-9.99,-9.99
NGC_2506_V4,none,none,2.868,14.65,0.39,0.1697,0.0021,0.0969,0.0035,0.3617,0.0026,0.1858,0.0054,3.884,0.007,4.163,0.012,3.834,0.006,3.834,0.006,-9.99,-9.99,-9.99,-9.99
KIC_11285625,early_F,early_F,10.79,10.16,0.39,0.1884,0.0037,0.0792,0.0058,0.3269,0.002,0.1679,0.0041,3.973,0.006,4.18,0.01,3.843,0.006,3.857,0.012,-9.99,-9.99,-9.99,-9.99
DS_And,F1_III,G2_V,1.011,10.44,0.39,0.2284,0.0028,0.0734,0.0011,0.3395,0.0018,0.0792,0.0022,3.987,0.017,4.353,0.004,3.849,0.009,3.796,0.014,0.957,0.003,0.225,0.003
HD_71636,F2_V,F5_V,5.013,7.89,0.38,0.1778,0.0006,0.1079,0.0007,0.1995,0.0066,0.1186,0.0099,4.22,0.01,4.31,0.02,3.842,0.009,3.809,0.009,0.721,0.036,0.428,0.041
BD_+37_410,F4_III,none,15.535,9.94,0.38,0.2348,0.0028,0.07,0.0018,0.4622,0.0019,0.0741,0.0018,3.748,0.004,4.36,0.003,3.821,0.013,3.801,0.014,-9.99,-9.99,-9.99,-9.99
OT_And,A0_V,F5_V,20.853,7.89,0.38,0.3528,0.0027,0.3318,0.0022,0.5006,0.0018,0.4231,0.0025,3.79,0.01,3.92,0.01,3.903,0.011,3.911,0.011,1.568,0.046,1.447,0.047
KIC_9777062,Am,none,19.23,12.26,0.37,0.2049,0.0046,0.152,0.0028,0.2415,0.001,0.1886,0.0008,4.16,0.003,4.213,0.002,3.886,0.008,3.854,0.006,-9.99,-9.99,-9.99,-9.99
V1130_Tau,F2_V,F2_V,0.799,6.56,0.36,0.1159,0.0027,0.1436,0.0025,0.1729,0.0029,0.2509,0.0027,4.208,0.006,4.08,0.006,3.822,0.005,3.821,0.005,0.59,0.02,0.74,0.02
ASAS_J090232-5653.4,none,none,20.822,10.63,0.36,0.1572,0.0048,0.1374,0.0057,0.1838,0.002,0.1436,0.0022,4.201,0.006,4.244,0.007,3.847,0.014,3.825,0.015,0.736,0.062,0.585,0.065
ZZ_Boo,F3_V,F3_V,4.992,6.78,0.36,0.1923,0.0022,0.2038,0.0033,0.3144,0.0012,0.3434,0.0012,4.0016,0.0019,3.955,0.0023,3.827,0.006,3.825,0.006,0.893,0.026,0.943,0.026
AY_Cam,none,none,2.735,9.9,0.36,0.279,0.0091,0.2317,0.0092,0.4426,0.0031,0.3064,0.0032,3.832,0.015,4.057,0.016,3.86,0.015,3.869,0.02,1.28,0.006,1.042,0.006
AI_Hya,F2_m,F0_V,8.29,9.36,0.36,0.29,0.0074,0.3214,0.0073,0.44,0.0024,0.5869,0.0024,3.848,0.003,3.586,0.003,3.886,0.006,3.856,0.014,1.381,0.034,1.554,0.035
EI_Cep,F3_IV,F1_V,8.439,7.61,0.33,0.2485,0.0017,0.2253,0.0016,0.4618,0.0072,0.3672,0.0082,3.763,0.014,3.929,0.016,3.829,0.007,3.842,0.006,1.193,0.03,1.055,0.03
V442_Cyg,F1_V,F2_V,2.386,9.72,0.32,0.1942,0.0067,0.1492,0.0071,0.3164,0.0071,0.2206,0.0086,3.999,0.016,4.146,0.019,3.839,0.006,3.833,0.006,0.94,0.03,0.72,0.03
PV_Pup,A8_V,A8_V,1.661,6.89,0.32,0.1945,0.0031,0.1915,0.0036,0.1881,0.0051,0.1758,0.0052,4.257,0.01,4.278,0.011,3.84,0.019,3.841,0.019,0.69,0.08,0.67,0.08
KIC_6864859,none,none,40.878,11.64,0.31,0.1495,0.0086,0.1316,0.009,0.2188,0.0034,0.1629,0.0036,4.15,0.01,4.244,0.012,3.813,0.011,3.816,0.019,-9.99,-9.99,-9.99,-9.99
BT_Vul,F0_V,F7_V,1.141,11.69,0.31,0.1886,0.0028,0.0862,0.0028,0.1864,0.0051,0.0611,0.0109,4.254,0.011,4.403,0.022,3.862,0.009,3.797,0.012,0.772,0.038,0.26,0.055
V456_Cyg,A2m,F3_V,0.892,10.85,0.31,0.2693,0.0096,0.1976,0.0102,0.2009,0.0041,0.1781,0.0046,4.306,0.006,4.279,0.008,3.889,0.006,3.86,0.007,-9.99,-9.99,-9.99,-9.99
EPIC_211982753,none,none,5.39,8.77,0.3,0.2279,0.0051,0.2014,0.0055,0.2201,0.0052,0.1847,0.0057,4.226,0.01,4.27,0.011,3.87,0.015,3.844,0.016,0.875,0.01,0.703,0.013
MY_Cyg,F0_Vm,F0_Vm,4.005,8.31,0.3,0.2601,0.0072,0.2553,0.0072,0.3464,0.0039,0.3579,0.0038,4.01,0.01,3.98,0.01,3.851,0.012,3.847,0.012,1.05,0.04,1.06,0.05
TV_Nor,none,none,8.524,9,0.3,0.3124,0.0047,0.2214,0.0047,0.2646,0.0028,0.1903,0.0039,4.221,0.01,4.278,0.012,3.96,0.007,3.892,0.006,1.325,0.034,0.902,0.035
MU_Cas,B5_V,B5_V,9.653,10.8,0.3,0.6599,0.0086,0.6684,0.0093,0.5647,0.0047,0.6222,0.0052,3.969,0.01,3.861,0.01,4.179,0.014,4.169,0.014,2.8,0.06,2.88,0.06
AH_Cep,B0.5_V,B0.5_V,1.775,6.81,0.3,1.2079,0.007,1.1364,0.0067,0.8136,0.0067,0.7513,0.0085,4.019,0.012,4.073,0.018,4.487,0.008,4.459,0.008,4.53,0.03,4.3,0.04
XY_Cet,A8_Vm,F0_Vm,2.781,8.8,0.29,0.2487,0.0039,0.2082,0.0038,0.2725,0.0081,0.2487,0.0071,4.142,0.016,4.149,0.014,3.896,0.006,3.882,0.007,1.082,0.03,0.978,0.032
EY_Cep,F0_V,F0_V,7.971,9.8,0.27,0.1827,0.0023,0.1755,0.0041,0.1652,0.0024,0.1667,0.003,4.29,0.006,4.28,0.006,3.851,0.01,3.843,0.01,0.69,0.04,0.66,0.04
V2365_Oph,A1_V,none,4.866,8.86,0.26,0.2934,0.0038,0.0237,0.0041,0.3404,0.0018,-0.0297,0.0019,4.051,0.003,4.521,0.004,3.978,0.009,3.806,0.014,1.544,0.05,0.121,0.01
V788_Cen,A7_IV,A9_V,4.966,5.74,0.25,0.2927,0.0015,0.1893,0.001,0.4366,0.0016,0.2154,0.0029,3.858,0.004,4.197,0.009,3.893,0.006,3.87,0.007,1.401,0.024,0.864,0.029
RR_Lyn,A6_IVm,F0_Vm:,9.945,5.54,0.22,0.2877,0.0015,0.179,0.0009,0.4089,0.0032,0.2076,0.0035,3.9078,0.0063,4.2017,0.0071,3.89,0.012,3.856,0.012,1.334,0.035,0.795,0.049
SZ_Cen,A7_V,A7_V,4.108,8.48,0.22,0.3649,0.0049,0.3574,0.004,0.6584,0.0031,0.5592,0.0031,3.486,0.008,3.677,0.007,3.875,0.017,3.892,0.017,1.77,0.07,1.64,0.07
V506_Oph,F1_V,F1_V,1.06,11.41,0.21,0.1508,0.0031,0.1467,0.0028,0.2368,0.0025,0.2284,0.0031,4.1155,0.0061,4.1284,0.0067,3.835,0.01,3.831,0.007,0.766,0.039,0.734,0.028
V392_Car,A2_V,A2_V,3.175,9.48,0.21,0.2788,0.0055,0.2679,0.0056,0.2109,0.008,0.2044,0.0084,4.286,0.017,4.31,0.024,3.947,0.01,3.937,0.01,-9.99,-9.99,-9.99,-9.99
RS_Cha,A8_V,A8_V,1.67,6.03,0.2,0.269,0.0037,0.2603,0.0043,0.3298,0.0112,0.3688,0.0102,4.047,0.023,3.961,0.021,3.906,0.01,3.886,0.01,1.24,0.05,1.24,0.05
V459_Cas,A1_m,A1_m,8.458,10.37,0.2,0.3054,0.0065,0.2923,0.0066,0.303,0.0028,0.2934,0.0029,4.136,0.006,4.144,0.006,3.961,0.014,3.959,0.014,1.41,0.05,1.38,0.06
HW_CMa,A7_Vm,A7_Vm,21.118,10,0.19,0.2358,0.0028,0.2507,0.0029,0.2156,0.0048,0.2206,0.0055,4.242,0.01,4.247,0.011,3.879,0.009,3.886,0.008,0.898,0.036,0.94,0.035
V889_Aql,B9.5_V,B9.5_V,11.121,8.58,0.19,0.3365,0.004,0.3284,0.0041,0.2718,0.0093,0.2672,0.0094,4.23,0.02,4.23,0.02,3.964,0.005,3.958,0.005,1.354,0.027,1.32,0.029
GW_Eri,A4_Vm,A4_Vm,3.659,5.8,0.18,0.2537,0.0014,0.2496,0.0013,0.262,0.0038,0.2543,0.0036,4.168,0.007,4.179,0.007,3.923,0.004,3.913,0.004,1.149,0.018,1.114,0.02
V362_Pav,A4_V,K,2.748,7.4,0.18,0.2869,0.004,-0.0571,0.0025,0.3411,0.0018,-0.0743,0.0029,4.043,0.004,4.53,0.006,3.914,0.004,3.695,0.018,1.292,0.016,-0.409,0.067
V364_Lac,A7_m,A7_m,7.352,8.36,0.18,0.3679,0.0028,0.361,0.0047,0.5194,0.005,0.4749,0.0051,3.767,0.01,3.849,0.011,3.917,0.008,3.929,0.008,1.657,0.033,1.62,0.032
V1031_Ori,A3_V,A6_V,3.406,6.02,0.18,0.3932,0.0032,0.3591,0.003,0.6356,0.0034,0.4738,0.0093,3.56,0.008,3.85,0.019,3.895,0.028,3.924,0.026,1.8,0.11,1.6,0.11
V453_Cyg,B0.4_IV,B0.7_IV,3.89,8.29,0.18,1.1449,0.0072,1.0453,0.007,0.9378,0.0028,0.7202,0.0046,3.708,0.004,4.044,0.009,4.459,0.008,4.442,0.009,4.666,0.031,4.163,0.039
KW_Hya,A5_Vm,F0_V,7.75,6.11,0.17,0.2956,0.0062,0.1723,0.0038,0.3272,0.0031,0.1581,0.0066,4.079,0.013,4.27,0.01,3.903,0.011,3.843,0.013,1.221,0.044,0.64,0.054
EG_Ser,A2_V,A4_V,9.947,9.24,0.17,0.3424,0.0099,0.2989,0.0109,0.2458,0.0032,0.2133,0.0035,4.29,0.01,4.31,0.01,3.944,0.01,3.92,0.01,1.22,0.03,1.06,0.046
PV_Cas,B9.5_V,B9.5_V,1.75,9.74,0.17,0.4409,0.0094,0.4487,0.0077,0.3533,0.0031,0.3612,0.004,4.17,0.02,4.17,0.02,4.008,0.01,4.008,0.01,1.69,0.04,1.71,0.04
V578_Mon,B0_V,B1:_V,2.408,8.54,0.17,1.1626,0.0024,1.0124,0.0025,0.7332,0.0032,0.6325,0.0051,4.133,0.018,4.185,0.021,4.477,0.007,4.411,0.007,4.33,0.03,3.86,0.03
GL_Car,B0.5_V,B1_V,2.422,9.7,0.17,1.2003,0.0085,1.1746,0.0087,0.7195,0.004,0.6962,0.0045,4.199,0.007,4.22,0.008,4.491,0.007,4.483,0.007,4.357,0.029,4.278,0.03
V885_Cyg,A3_m,A4_m,1.695,10.03,0.15,0.3021,0.0063,0.3491,0.0051,0.3701,0.0022,0.5296,0.0033,4,0.007,3.728,0.008,3.923,0.008,3.911,0.008,1.38,0.03,1.66,0.03
WW_Aur,A4_Vm,A5_Vm,2.525,5.87,0.14,0.2931,0.0015,0.2586,0.0017,0.2849,0.0025,0.2651,0.0026,4.162,0.007,4.167,0.007,3.901,0.024,3.885,0.024,1.129,0.092,1.023,0.093
V335_Ser,A1_V,A3_V,3.45,7.49,0.14,0.3318,0.0028,0.2801,0.0018,0.3075,0.0064,0.238,0.01,4.155,0.011,4.241,0.017,3.955,0.007,3.93,0.008,1.39,0.03,1.15,0.04
V624_Her,A3_Vm,A7_V,3.895,6.2,0.14,0.3583,0.0029,0.2744,0.003,0.4814,0.0049,0.3442,0.0067,3.834,0.01,4.024,0.014,3.911,0.008,3.9,0.008,1.56,0.03,1.24,0.04
V1292_Sco,O9.5_III,B1-2_IV,4.24,7.57,0.14,1.2704,0.011,0.8865,0.0068,0.9731,0.0069,0.567,0.0071,3.762,0.018,4.19,0.016,4.49,0.014,4.336,0.02,-9.99,-9.99,-9.99,-9.99
SW_CMa,A4_m,A5_m,10.092,9.72,0.13,0.3501,0.0027,0.323,0.0037,0.4791,0.0029,0.3971,0.0073,3.8298,0.0065,3.967,0.015,3.914,0.008,3.908,0.008,1.566,0.032,1.38,0.035
WX_Cep,A2_V,A5_V,3.378,9.03,0.11,0.4047,0.0086,0.3672,0.0084,0.6014,0.0033,0.4331,0.0037,3.64,0.011,3.939,0.011,3.911,0.012,3.949,0.012,1.8,0.05,1.62,0.05
V348_And,B9_V,none,27.703,6.6,0.11,0.4487,0.0062,0.4298,0.0065,0.3838,0.0054,0.3692,0.0056,4.12,0.02,4.13,0.02,4.02,0.02,4.02,0.02,-9.99,-9.99,-9.99,-9.99
V573_Car,O9.5V_(n),B0.5V_(n),1.469,9.52,0.11,1.1793,0.0037,1.0924,0.0035,0.7347,0.0034,0.6559,0.0047,4.148,0.007,4.218,0.009,4.504,0.005,4.458,0.005,4.439,0.023,4.098,0.023
FT_Ori,A0_Vm,A2_Vm,3.15,9.26,0.1,0.3389,0.0044,0.2512,0.0049,0.2695,0.003,0.2084,0.0035,4.237,0.006,4.272,0.007,3.982,0.018,3.935,0.015,1.486,0.023,1.179,0.025
V4089_Sgr,A2_IV,A3_V,4.627,6,0.09,0.4123,0.002,0.206,0.0022,0.5981,0.0022,0.2055,0.0019,3.654,0.005,4.233,0.004,3.926,0.005,3.867,0.006,-9.99,-9.99,-9.99,-9.99
V572_Per,A0_V,none,1.213,6.71,0.08,0.2455,0.0074,0.143,0.0094,0.2253,0.0078,0.1106,0.0135,4.23,0.02,4.36,0.03,3.9,0.03,3.82,0.04,-9.99,-9.99,-9.99,-9.99
EE_Peg,A3_m,F5_V,2.628,6.97,0.08,0.3326,0.0048,0.1245,0.0036,0.3201,0.0052,0.1179,0.0043,4.131,0.01,4.327,0.008,3.94,0.01,3.81,0.02,1.352,0.041,0.427,0.082
V1229_Tau,A0_V,A_Vm,2.46,6.84,0.08,0.3566,0.0021,0.2028,0.0022,0.255,0.0046,0.1492,0.0065,4.285,0.009,4.342,0.013,4.009,0.004,3.885,0.005,1.499,0.018,0.792,0.023
DW_Car,B1_V,B1_V,1.328,9.68,0.07,1.0546,0.0046,1.0265,0.0057,0.6588,0.0043,0.6332,0.0056,4.175,0.008,4.198,0.011,4.446,0.016,4.423,0.016,4.055,0.063,3.915,0.067
GZ_CMa,A3_Vm,A4:_V,4.801,7.98,0.06,0.3436,0.0037,0.3021,0.0039,0.3965,0.0056,0.3286,0.0075,3.989,0.012,4.083,0.016,3.945,0.017,3.931,0.017,1.53,0.07,1.33,0.07
V396_Cas,A1_V,A3_V,5.505,9.56,0.06,0.3798,0.004,0.279,0.0037,0.4136,0.0022,0.2502,0.0024,3.99,0.004,4.216,0.005,3.965,0.007,3.932,0.006,1.642,0.028,1.183,0.024
V3903_Sgr,O7V(n),B0:V:,1.744,7.27,0.06,1.4357,0.0088,1.279,0.0101,0.9078,0.0046,0.7871,0.0043,4.058,0.016,4.143,0.013,4.58,0.021,4.531,0.021,5.087,0.029,4.658,0.032
PT_Vel,A0_V,A8_V,1.802,7.03,0.05,0.342,0.0032,0.2111,0.0024,0.321,0.0041,0.1928,0.0056,4.138,0.008,4.263,0.011,3.966,0.007,3.883,0.01,1.461,0.038,0.875,0.025
EK_Cep,A2_V,G5_Vp,4.428,7.87,0.04,0.3073,0.0049,0.0508,0.0046,0.1984,0.0019,0.1189,0.002,4.349,0.01,4.251,0.006,3.954,0.01,3.756,0.015,1.17,0.04,0.21,0.06
beta_Aur,A1_Vm,A1_Vm,3.96,1.89,0.04,0.3758,0.0049,0.36,0.0051,0.4412,0.0027,0.4096,0.0029,3.932,0.005,3.979,0.005,3.971,0.009,3.964,0.009,1.721,0.038,1.63,0.038
AR_Aur,B9_V,B9_V,4.135,6.17,0.04,0.4055,0.0015,0.3725,0.0015,0.255,0.0031,0.2634,0.0045,4.333,0.008,4.284,0.01,4.039,0.012,4.015,0.013,1.61,0.05,1.53,0.05
alpha_Dra,A0_III,none,51.417,3.68,0.04,0.5032,0.006,0.3858,0.0034,0.693,0.0032,0.3666,0.0097,3.555,0.006,4.09,0.019,4.01,0.004,3.997,0.014,2.38,0.018,1.667,0.059
YZ_Cas,A1_Vm,F2_V,4.467,5.64,0.03,0.3547,0.0023,0.1222,0.0023,0.4023,0.0019,0.1242,0.002,3.988,0.004,4.311,0.004,3.979,0.005,3.838,0.015,1.672,0.022,0.552,0.061
psi_Cen,A0_IV,none,38.813,4.05,0.03,0.5034,0.0042,0.2925,0.0033,0.5814,0.0008,0.2778,0.0009,3.779,0.003,4.175,0.004,4.019,0.012,3.944,0.015,2.147,0.05,1.244,0.059
HD_96609,B9,none,8.192,8.61,0.02,0.4249,0.0033,0.2648,0.0024,0.4378,0.001,0.2297,0.0013,3.987,0.001,4.243,0.002,3.985,0.011,3.952,0.012,1.76,0.04,1.22,0.04
V596_Pup,A1_V,A1_V,4.596,6.58,0,0.3224,0.0045,0.322,0.0039,0.3359,0.004,0.3359,0.004,4.089,0.009,4.088,0.009,3.978,0.009,3.978,0.009,1.54,0.04,1.54,0.04
V467_Vel,O6_Vf,B1_V,2.753,10.9,0,1.4031,0.012,0.9165,0.009,0.9996,0.0039,0.5428,0.0037,3.842,0.016,4.268,0.017,4.559,0.031,4.402,0.046,5.187,0.126,3.649,0.11
V1647_Sgr,A1_V,A1_V,3.283,6.94,-0.01,0.3402,0.0073,0.2949,0.0073,0.2627,0.0043,0.2217,0.0044,4.253,0.012,4.289,0.012,3.982,0.014,3.959,0.014,1.41,0.05,1.23,0.06
V906_Sco,B9_V,B9_V,2.786,5.96,-0.01,0.5123,0.0092,0.5287,0.0091,0.5459,0.0048,0.6552,0.0034,3.858,0.013,3.656,0.012,4.029,0.02,4.017,0.021,2.162,0.082,2.33,0.084
OGLE-LMC-ECL-22270,none,none,5.414,14.03,-0.02,1.1209,0.0026,1.1596,0.0042,0.9284,0.0051,1.1123,0.0017,3.702,0.01,3.374,0.003,4.417,0.027,4.376,0.024,4.478,0.01,4.681,0.003
V402_Lac,B8_V,B8_V,3.782,6.73,-0.04,0.4472,0.0078,0.444,0.0078,0.3766,0.0055,0.3729,0.0055,4.132,0.013,4.136,0.014,4.054,0.01,4.052,0.009,1.93,0.04,1.91,0.04
EP_Cru,B5_V,B5_V,11.077,8.69,-0.04,0.7007,0.0112,0.6839,0.0117,0.5551,0.0042,0.5434,0.0042,4.028,0.008,4.035,0.008,4.196,0.014,4.188,0.014,-9.99,-9.99,-9.99,-9.99
V414_Pup,ApSi,Am,4.749,8.81,-0.05,0.499,0.0081,0.2433,0.0097,0.4442,0.0053,0.143,0.0131,4.049,0.011,4.395,0.021,4.114,0.01,3.954,0.007,-9.99,-9.99,-9.99,-9.99
V541_Cyg,B9.5_V,B9.5_V,15.338,10.44,-0.06,0.3683,0.0028,0.3541,0.0029,0.2693,0.0026,0.2572,0.0034,4.2675,0.0051,4.277,0.0064,4.027,0.008,4.015,0.008,1.601,0.033,1.528,0.035
TZ_Men,A0_V,A8_V,8.57,6.19,-0.06,0.3957,0.0044,0.1772,0.0029,0.3045,0.0043,0.1559,0.0045,4.225,0.011,4.303,0.009,4.017,0.017,3.857,0.018,1.63,0.07,0.69,0.07
V1388_Ori,B2.5_IV,B3_V,2.187,7.5,-0.06,0.8596,0.0047,0.7014,0.0033,0.7244,0.0061,0.4975,0.0077,3.849,0.012,4.144,0.015,4.279,0.023,4.23,0.025,3.65,0.044,3.018,0.049
V380_Cyg,B1.5_III,B2_V,12.426,5.68,-0.06,1.058,0.0072,0.8451,0.0087,1.1962,0.0036,0.5819,0.0055,3.104,0.006,4.12,0.011,4.336,0.006,4.356,0.023,4.691,0.041,3.626,0.038
V346_Cen,B0_IV,B1_V,6.322,8.51,-0.06,1.0697,0.0044,0.9222,0.0046,0.9179,0.0041,0.6152,0.0076,3.672,0.008,4.13,0.015,4.417,0.005,4.352,0.006,4.457,0.022,3.594,0.028
delta_Cir,O7_IV((f)),B,3.902,5.09,-0.06,1.301,0.0109,1.0573,0.0091,0.9664,0.0043,0.7264,0.0074,3.806,0.007,4.043,0.014,4.574,0.01,4.519,0.013,5.184,0.07,4.339,0.09
V451_Oph,B9_V,A0_V,2.197,7.87,-0.08,0.4434,0.0099,0.3722,0.0096,0.4216,0.0051,0.3071,0.006,4.038,0.015,4.196,0.015,4.033,0.032,3.991,0.022,1.93,0.13,1.53,0.09
chi2_Hya,B8_V,B8_V,2.268,5.65,-0.09,0.5579,0.0095,0.4213,0.0082,0.6419,0.0039,0.3355,0.0086,3.712,0.015,4.188,0.019,4.066,0.01,4.041,0.01,2.5,0.04,1.79,0.04
Y_Cyg,O9.5_IV,O9.5_IV,2.996,7.32,-0.09,1.2485,0.0086,1.2487,0.0073,0.7623,0.0068,0.7646,0.0047,4.161,0.014,4.157,0.01,4.521,0.003,4.525,0.003,-9.99,-9.99,-9.99,-9.99
IQ_Per,B8_V,A6_V,1.744,7.73,-0.11,0.5467,0.0083,0.2398,0.0078,0.3885,0.0046,0.177,0.0049,4.208,0.019,4.323,0.013,4.09,0.008,3.885,0.008,2.09,0.03,0.85,0.04
zeta_Phe,B6_V,B8_V,1.67,3.95,-0.15,0.592,0.0063,0.4041,0.0053,0.4526,0.0029,0.2753,0.0025,4.125,0.005,4.292,0.004,4.158,0.024,4.079,0.022,2.49,0.1,1.82,0.09
GG_Lup,B7_V,B9_V,1.85,5.59,-0.16,0.6145,0.0042,0.3995,0.0042,0.3764,0.0046,0.2368,0.0048,4.301,0.011,4.364,0.01,4.169,0.013,4.041,0.024,2.38,0.05,1.59,0.1
V760_Sco,B4_V,B4_V,1.731,6.99,-0.17,0.6972,0.0078,0.6646,0.0069,0.479,0.0095,0.4216,0.0087,4.177,0.021,4.259,0.019,4.228,0.013,4.21,0.013,2.82,0.05,2.63,0.06
U_Oph,B5_V,B6_V,1.678,5.91,-0.18,0.7067,0.0051,0.6609,0.0047,0.5366,0.0013,0.4843,0.0014,4.073,0.004,4.131,0.004,4.22,0.005,4.183,0.003,-9.99,-9.99,-9.99,-9.99
DI_Her,B5_V,B5_V,10.55,8.42,-0.18,0.7147,0.009,0.6565,0.0063,0.4281,0.0075,0.3939,0.0079,4.297,0.018,4.307,0.017,4.23,0.02,4.179,0.02,2.73,0.08,2.46,0.08
V436_Per,B1.5_V,B1.5_V,25.936,5.52,-0.18,0.8376,0.0023,0.8662,0.0023,0.5334,0.0059,0.5735,0.0031,4.209,0.012,4.157,0.006,4.332,0.02,4.342,0.02,3.351,0.081,3.471,0.079
CV_Vel,B2.5_V,B2.5_V,6.889,6.69,-0.19,0.783,0.0008,0.7747,0.0008,0.6107,0.0032,0.5955,0.0033,4,0.008,4.021,0.008,4.255,0.012,4.25,0.012,3.204,0.048,3.137,0.048
V539_Ara,B3_V,B4_V,3.169,5.71,-0.19,0.7951,0.0046,0.7253,0.0049,0.6581,0.0018,0.5533,0.0043,3.917,0.003,4.057,0.008,4.258,0.012,4.233,0.013,3.302,0.048,2.993,0.052
V1034_Sco,O9.2_IV,B1:_V,2.441,8.47,-0.22,1.2307,0.0036,0.981,0.0024,0.8758,0.0043,0.6363,0.0051,3.917,0.009,4.147,0.01,4.508,0.007,4.412,0.005,4.738,0.028,3.874,0.028
QX_Car,B2_V,B2_V,4.478,6.64,-0.23,0.9669,0.0057,0.9284,0.0062,0.6324,0.0092,0.6076,0.0098,4.14,0.02,4.151,0.021,4.377,0.009,4.354,0.01,3.72,0.04,3.58,0.04
CW_Cep,B0.5_V,B0.5_V,2.729,7.59,-0.28,1.1139,0.0023,1.077,0.0029,0.7364,0.0048,0.7067,0.0051,4.079,0.01,4.102,0.104,4.452,0.008,4.44,0.007,-9.99,-9.99,-9.99,-9.99
V478_Cyg,O9.5_II,O9.5_III,2.881,8.63,-0.29,1.1875,0.0107,1.1767,0.0101,0.8609,0.0054,0.8543,0.0055,3.904,0.009,3.907,0.01,4.507,0.007,4.502,0.008,4.7,0.03,4.67,0.04
EM_Car,O7.5_V((f)),O7.5_V((f),)     3.414,8.38,-0.31,1.3596,0.0061,1.331,0.0067,0.9708,0.0079,0.9212,0.0073,3.856,0.017,3.926,0.016,4.531,0.026,4.531,0.026,5.02,0.1,4.92,0.1
KOI-126_BC,M,M,1.722,14,1.7,-0.6286,0.0011,-0.6834,0.0013,-0.5943,0.0014,-0.6354,0.0013,4.998,0.003,5.026,0.003,3.51,0.005,3.501,0.005,-2.194,0.02,-2.312,0.02
