System,SpT,Pday,Vmag,BmV,logM,logMe,logR,logRe,logg,logge,logT,logTe,logL,logLe,Mass[solMass],log.Teff [K],B-V,Absolute Mag,SpType
EPIC_203710387-1,M4.5V,2.809,14.3,1.8,-0.9363,0.0116,-0.3648,0.0055,4.231,0.01,3.483,0.011,-1.842,0.047,0.11579771775189399,3.483,1.8,9.405000000000001,M
EPIC_203710387-2,M5V,2.809,14.3,1.8,-0.9763,0.0111,-0.373,0.0057,4.207,0.01,3.483,0.011,-1.861,0.047,0.10560877376240357,3.483,1.8,9.4525,M
LP_819-72-1,K5_V,11.0,10.54,1.76,-0.2291,0.0147,-0.2218,0.0072,4.65,0.02,3.605,0.006,-1.07,0.03,0.5900651969956662,3.605,1.76,7.475,K
LP_819-72-2,K5_V,11.0,10.54,1.76,-0.1871,0.0134,-0.2366,0.0075,4.72,0.02,3.626,0.006,-1.01,0.03,0.6499800096830252,3.626,1.76,7.324999999999999,K
OGLE-BLG-ECL-305487-1,KO_III,176.655,18.2,1.7,0.0253,0.0082,1.2849,0.0063,1.893,0.013,3.628,0.042,2.03,0.17,1.0599856845091675,3.628,1.7,-0.27499999999999947,K
OGLE-BLG-ECL-305487-2,K2_III,176.655,18.2,1.7,-0.0039,0.0079,1.477,0.0035,1.48,0.005,3.6,0.027,2.31,0.11,0.9910601186478311,3.6,1.7,-0.9750000000000005,K
PTFEB_132.707+19.810-1,M3.5_V,6.016,17.89,1.66,-0.4031,0.0022,-0.4401,0.0096,4.915,0.019,3.513,0.012,-1.863,0.032,0.39527559401972756,3.513,1.66,9.4575,M
PTFEB_132.707+19.810-2,M4.3_V,6.016,17.89,1.66,-0.6782,0.0029,-0.5654,0.0192,4.891,0.039,3.494,0.015,-2.3,0.13,0.20979735086192464,3.494,1.66,10.55,M
UScoCTIO_5-1,M4.5_V,34.001,16.19,1.62,-0.4694,0.0026,-0.0588,0.0012,4.0859,0.0021,3.515,0.013,-1.105,0.053,0.3393126101629318,3.515,1.62,7.5625,M
UScoCTIO_5-2,M4.5_V,34.001,16.19,1.62,-0.4864,0.0027,-0.077,0.0012,4.1053,0.0021,3.513,0.013,-1.146,0.059,0.32628717214308506,3.513,1.62,7.664999999999999,M
CM_Dra-1,M4.5_V,1.268,12.9,1.6,-0.6478,0.0006,-0.6003,0.0003,4.9908,0.0008,3.496,0.01,-2.258,0.038,0.22500905722793066,3.496,1.6,10.445,M
CM_Dra-2,M4.5_V,1.268,12.9,1.6,-0.6776,0.0006,-0.6243,0.0004,5.0091,0.0007,3.494,0.014,-2.313,0.056,0.2100873969240991,3.494,1.6,10.5825,M
OGLE-BLG-ECL-116218-1,K2_III,80.586,17.59,1.6,-0.0137,0.0054,1.2235,0.0073,1.978,0.015,3.627,0.021,1.91,0.08,0.9689469499787371,3.627,1.6,0.025000000000000355,K
OGLE-BLG-ECL-116218-2,K3_III,80.586,17.59,1.6,-0.0074,0.0053,1.3436,0.0051,1.744,0.009,3.611,0.015,2.08,0.06,0.9831052152817692,3.611,1.6,-0.40000000000000036,K
ASAS_J180057-2333.8-1,K1_II,269.496,10.34,1.6,0.6914,0.0019,1.717,0.0115,1.696,0.023,3.657,0.008,3.013,0.038,4.913602272990918,3.657,1.6,-2.7325,K
ASAS_J180057-2333.8-2,K4_II,269.496,10.34,1.6,0.688,0.0019,1.8301,0.009,1.466,0.018,3.624,0.008,3.111,0.037,4.875284901033862,3.624,1.6,-2.977500000000001,K
THOR_42-1,M3.5,0.859,15.17,1.53,-0.3036,0.0044,-0.1811,0.002,4.496,0.003,3.518,0.003,-1.337,0.013,0.497049910576235,3.518,1.53,8.1425,M
THOR_42-2,none,0.859,15.17,1.53,-0.6882,0.0042,-0.3726,0.002,4.496,0.004,3.478,0.003,-1.879,0.013,0.20502178012019837,3.478,1.53,9.497499999999999,n
MG1-2056316-1,M2_V,1.722,16.2,1.5,-0.3288,0.0019,-0.3556,0.003,4.82,0.006,3.539,0.022,-1.6,0.09,0.46902932840593764,3.539,1.5,8.8,M
MG1-2056316-2,M3_V,1.722,16.2,1.5,-0.4179,0.0023,-0.4271,0.0035,4.874,0.007,3.521,0.022,-1.82,0.09,0.38203222688441085,3.521,1.5,9.35,M
MG1-78457-1,M3_V,1.586,17.7,1.5,-0.2782,0.0016,-0.2967,0.0095,4.753,0.019,3.522,0.013,-1.55,0.05,0.5269871189967232,3.522,1.5,8.675,M
MG1-78457-2,M4_V,1.586,17.7,1.5,-0.3089,0.0018,-0.327,0.0111,4.783,0.022,3.515,0.013,-1.64,0.05,0.4910209248830859,3.515,1.5,8.899999999999999,M
GU_Boo-1,M1_V,0.489,13.7,1.5,-0.2147,0.005,-0.2055,0.0112,4.634,0.023,3.593,0.014,-1.09,0.06,0.6099580958722387,3.593,1.5,7.525,M
GU_Boo-2,M1_V,0.489,13.7,1.5,-0.2226,0.0044,-0.2076,0.014,4.63,0.028,3.581,0.015,-1.14,0.08,0.5989630064029511,3.581,1.5,7.6499999999999995,M
2MASS_J12220147-5737565-1,M2e,3.072,12.85,1.5,-0.1335,0.0034,-0.0106,0.0058,4.33,0.011,3.574,0.004,-0.772,0.021,0.7353599954754003,3.574,1.5,6.73,M
2MASS_J12220147-5737565-2,M2e,3.072,12.85,1.5,-0.1752,0.0029,-0.0259,0.0069,4.31,0.013,3.562,0.004,-0.851,0.022,0.6680362046792466,3.562,1.5,6.9275,M
LSPM_J1112+7626-1,M4_V,41.033,14.85,1.49,-0.4038,0.0025,-0.4134,0.0061,4.861,0.012,3.486,0.024,-1.92,0.08,0.39463899820986464,3.486,1.49,9.6,M
LSPM_J1112+7626-2,none,41.033,14.85,1.49,-0.5615,0.0019,-0.5261,0.007,4.929,0.014,3.47,0.023,-2.21,0.09,0.27447323434785353,3.47,1.49,10.325,n
YY_Gem-1,M1_Ve,0.814,9.07,1.49,-0.2237,0.0034,-0.2079,0.004,4.63,0.008,3.582,0.011,-1.134,0.009,0.5974478464258168,3.582,1.49,7.635,M
YY_Gem-2,M1_Ve,0.814,9.07,1.49,-0.2212,0.0034,-0.2193,0.0041,4.655,0.051,3.582,0.011,-1.134,0.009,0.6008969504834859,3.582,1.49,7.635,M
ASAS_J061016-3321.3-1,K5_III,199.857,9.71,1.48,0.0599,0.0117,1.0913,0.0067,2.315,0.014,3.632,0.019,1.667,0.074,1.1478892797901818,3.632,1.48,0.6324999999999994,K
ASAS_J061016-3321.3-2,K5_V,199.857,9.71,1.48,0.0615,0.0045,1.5227,0.0051,1.454,0.01,3.583,0.021,2.319,0.092,1.1521260598258072,3.583,1.48,-0.9974999999999996,K
CU_Cnc-1,M3.5_Ve,2.771,11.89,1.4,-0.3632,0.0017,-0.3648,0.0052,4.804,0.011,3.5,0.021,-1.778,0.083,0.4333112852118382,3.5,1.4,9.245000000000001,M
CU_Cnc-2,M3.5_Ve,2.771,11.89,1.4,-0.4001,0.0015,-0.408,0.0104,4.854,0.021,3.495,0.021,-1.884,0.086,0.3980155135426725,3.495,1.4,9.51,M
MG1-646680-1,M1_V,1.638,17.3,1.4,-0.3019,0.0017,-0.3401,0.0067,4.816,0.013,3.572,0.006,-1.44,0.03,0.4989993730845961,3.572,1.4,8.399999999999999,M
MG1-646680-2,M2_V,1.638,17.3,1.4,-0.3536,0.002,-0.3696,0.0061,4.824,0.013,3.56,0.006,-1.55,0.03,0.4429961991003637,3.56,1.4,8.675,M
MG1-116309-1,K8_V,0.827,16.1,1.4,-0.2464,0.0015,-0.2581,0.0102,4.708,0.02,3.593,0.011,-1.19,0.04,0.5670221181605433,3.593,1.4,7.7749999999999995,K
MG1-116309-2,M0_V,0.827,16.1,1.4,-0.2741,0.0016,-0.2741,0.0073,4.712,0.015,3.581,0.011,-1.27,0.05,0.5319857509170658,3.581,1.4,7.975,M
MG1-506664-1,M1_V,1.548,16.0,1.4,-0.2336,0.0015,-0.2518,0.0039,4.708,0.008,3.572,0.012,-1.26,0.05,0.5839827246189302,3.572,1.4,7.949999999999999,M
MG1-506664-2,M2_V,1.548,16.0,1.4,-0.2644,0.0016,-0.2899,0.0068,4.753,0.013,3.558,0.012,-1.4,0.05,0.5440013782467273,3.558,1.4,8.3,M
OGLE-LMC-ECL-12875-1,G8_III,152.85,17.32,1.39,0.2627,0.0047,1.1937,0.0036,2.313,0.007,3.685,0.009,2.083,0.036,1.831049141471676,3.685,1.39,-0.40750000000000064,G
OGLE-LMC-ECL-12875-2,K2.5_III,152.85,17.32,1.39,0.269,0.0054,1.6109,0.0034,1.486,0.006,3.642,0.011,2.744,0.044,1.8578044550916986,3.642,1.39,-2.0600000000000005,K
V1236_Tau-1,K7_V,2.588,18.1,1.37,-0.104,0.0066,-0.1035,0.0083,4.54,0.02,3.623,0.02,-0.76,0.1,0.7870457896950986,3.623,1.37,6.699999999999999,K
V1236_Tau-2,K7_V,2.588,18.1,1.37,-0.1135,0.0051,-0.0878,0.0053,4.5,0.01,3.618,0.025,-0.75,0.09,0.770016444356872,3.618,1.37,6.675,K
OGLE-LMC-ECL-12933-1,G7_III,125.395,17.38,1.37,0.1807,0.0054,1.2385,0.0055,2.142,0.011,3.69,0.018,2.193,0.073,1.5160027880536715,3.69,1.37,-0.6825000000000001,G
OGLE-LMC-ECL-12933-2,K2_III,125.395,17.38,1.37,0.1801,0.0049,1.5612,0.0037,1.496,0.007,3.65,0.015,2.679,0.059,1.5139097989198238,3.65,1.37,-1.8975,K
OGLE-LMC-ECL-15260-1,G8_III,157.469,16.92,1.36,0.1611,0.0054,1.3659,0.008,1.868,0.016,3.682,0.012,2.415,0.05,1.4491054840012254,3.682,1.36,-1.2374999999999998,G
OGLE-LMC-ECL-15260-2,K2_III,157.469,16.92,1.36,0.1529,0.0049,1.6253,0.0095,1.34,0.019,3.645,0.008,2.787,0.038,1.422001321518881,3.645,1.36,-2.1674999999999995,K
HAT-TR-318-007-1,M4_V,3.343,16.13,1.32,-0.3487,0.001,-0.3422,0.0034,4.774,0.0057,3.504,0.015,-1.715,0.06,0.4480226804128664,3.504,1.32,9.0875,M
HAT-TR-318-007-2,M5_V,3.343,16.13,1.32,-0.5653,0.0067,-0.5357,0.0036,4.9442,0.0039,3.491,0.015,-2.151,0.062,0.27208211820917877,3.491,1.32,10.177499999999998,M
OGLE-LMC-ECL-03160-1,G7_III,150.154,17.13,1.31,0.2533,0.0039,1.2312,0.0071,2.229,0.014,3.693,0.009,2.188,0.04,1.7918431880502004,3.693,1.31,-0.6700000000000008,G
OGLE-LMC-ECL-03160-2,K2_III,150.154,17.13,1.31,0.2558,0.0043,1.5731,0.0028,1.548,0.005,3.648,0.007,2.695,0.028,1.8021876116640496,3.648,1.31,-1.9375,K
OGLE-LMC-ECL-18836-1,G5_III,182.553,17.43,1.29,0.4561,0.0047,1.2028,0.0068,2.489,0.013,3.712,0.008,2.21,0.038,2.858248603672737,3.712,1.29,-0.7250000000000005,G
OGLE-LMC-ECL-18836-2,K1_III,182.553,17.43,1.29,0.4447,0.0056,1.4895,0.0046,1.904,0.009,3.663,0.008,2.587,0.032,2.784197248883564,3.663,1.29,-1.6675000000000004,K
NGTS_0002-29-1,M,1.098,17.64,1.28,-0.4003,0.0036,-0.3939,0.0052,4.826,0.01,3.528,0.005,-1.72,0.02,0.3978322628232958,3.528,1.28,9.1,M
NGTS_0002-29-2,M,1.098,17.64,1.28,-0.6488,0.0035,-0.5592,0.0087,4.908,0.017,3.509,0.006,-2.12,0.03,0.22449155075695898,3.509,1.28,10.100000000000001,M
OGLE-BLG-ECL-296596-1,K6_III,155.658,15.48,1.26,0.0386,0.006,1.2567,0.0067,1.963,0.013,3.625,0.014,1.964,0.067,1.0929492590847418,3.625,1.26,-0.11000000000000032,K
OGLE-BLG-ECL-296596-2,K8_III,155.658,15.48,1.26,0.0512,0.0054,1.4742,0.0048,1.541,0.011,3.599,0.013,2.297,0.06,1.1251229929657667,3.599,1.26,-0.9425000000000008,K
V1174_Ori-1,K4.5_V,2.635,13.95,1.24,0.0039,0.0065,0.1268,0.0049,4.19,0.01,3.65,0.012,-0.193,0.048,1.0090205237643568,3.65,1.24,5.2825,K
V1174_Ori-2,M1.5_V,2.635,13.95,1.24,-0.1361,0.0048,0.0273,0.0045,4.25,0.01,3.558,0.012,-0.761,0.058,0.730970751868601,3.558,1.24,6.7025,M
HD_187669-1,K0_III,88.387,8.88,1.24,0.1772,0.0009,1.0542,0.0107,2.507,0.02,3.667,0.007,1.732,0.031,1.5038343479613578,3.667,1.24,0.46999999999999975,K
HD_187669-2,K2.5_III,88.387,8.88,1.24,0.1775,0.0012,1.3545,0.0096,1.907,0.019,3.636,0.007,2.207,0.035,1.5048735188025137,3.636,1.24,-0.7175000000000002,K
KIC_5640750-1,none,987.398,11.88,1.24,0.1804,0.0095,1.148,0.0037,2.323,0.007,3.656,0.007,1.871,0.029,1.5149559320403436,3.656,1.24,0.12249999999999961,n
KIC_5640750-2,none,987.398,11.88,1.24,0.1113,0.0057,0.2679,0.0054,4.014,0.01,3.767,0.015,0.555,0.06,1.2921115244259302,3.767,1.24,3.4124999999999996,n
KIC_9540226-1,none,175.443,12.08,1.21,0.143,0.0097,1.1281,0.0055,2.326,0.01,3.661,0.007,1.854,0.03,1.3899526312133532,3.661,1.21,0.16500000000000004,n
KIC_9540226-2,none,175.443,12.08,1.21,0.0065,0.0068,0.0145,0.0059,4.416,0.01,3.765,0.015,0.042,0.061,1.0150793665726912,3.765,1.21,4.694999999999999,n
OGLE_SMC126.1_210-1,K2_III,634.999,16.77,1.2,0.2238,0.0096,1.6387,0.0102,1.385,0.029,3.651,0.007,2.836,0.047,1.674171713907115,3.651,1.2,-2.29,K
OGLE_SMC126.1_210-2,K1_III,634.999,16.77,1.2,0.2225,0.0102,1.5911,0.0109,1.479,0.031,3.654,0.007,2.752,0.049,1.6691678072110576,3.654,1.2,-2.079999999999999,K
OGLE-LMC-ECL-12669-1,K0.5_III,749.632,17.21,1.2,0.2655,0.0068,1.3833,0.0061,1.937,0.012,3.666,0.008,2.384,0.034,1.8428924889705542,3.666,1.2,-1.1600000000000001,K
OGLE-LMC-ECL-12669-2,G9_III,749.632,17.21,1.2,0.2927,0.0066,1.3685,0.0056,1.994,0.011,3.673,0.009,2.386,0.038,1.9620045039256462,3.673,1.2,-1.165,G
OGLE-LMC-ECL-09678-1,G4_III,114.45,17.22,1.2,0.3802,0.0052,1.1389,0.005,2.54,0.01,3.719,0.007,2.107,0.027,2.39993787680988,3.719,1.2,-0.46750000000000025,G
OGLE-LMC-ECL-09678-2,G9_III,114.45,17.22,1.2,0.4064,0.0053,1.4857,0.004,1.873,0.008,3.673,0.008,2.616,0.035,2.54917705050912,3.673,1.2,-1.7400000000000002,G
OGLE-LMC-ECL-05430-1,G9_III,505.183,16.61,1.2,0.4341,0.0027,1.4622,0.0054,1.948,0.011,3.673,0.006,2.572,0.028,2.7170648241126765,3.673,1.2,-1.63,G
OGLE-LMC-ECL-05430-2,G9_III,505.183,16.61,1.2,0.5281,0.0023,1.5396,0.0035,1.887,0.007,3.678,0.006,2.744,0.025,3.373649808737673,3.678,1.2,-2.0600000000000005,G
OGLE-LMC-ECL-06575-1,G6_II-III,189.994,15.81,1.2,0.6198,0.0023,1.6428,0.0043,1.773,0.008,3.692,0.007,3.009,0.029,4.166774522219097,3.692,1.2,-2.7225,G
OGLE-LMC-ECL-06575-2,K0_III,189.994,15.81,1.2,0.6009,0.0028,1.6698,0.004,1.699,0.008,3.667,0.006,2.963,0.024,3.9893303406008584,3.667,1.2,-2.607500000000001,K
OGLE-LMC-ECL-09660-1,G3_III,167.796,16.27,1.19,0.4744,0.0019,1.374,0.0039,2.165,0.008,3.72,0.005,2.583,0.023,2.9812610081722464,3.72,1.19,-1.6575000000000006,G
OGLE-LMC-ECL-09660-2,K0_III,167.796,16.27,1.19,0.4767,0.0017,1.6474,0.0025,1.62,0.005,3.671,0.009,2.932,0.036,2.9970914863070446,3.671,1.19,-2.5300000000000002,K
NSVS_10653195-1,K6_V,0.561,12.5,1.17,-0.1937,0.0035,-0.163,0.0133,4.57,0.027,3.628,0.01,-0.863,0.05,0.6401769013178955,3.628,1.17,6.9575,K
NSVS_10653195-2,K7_V,0.561,12.5,1.17,-0.1864,0.0035,-0.1726,0.0129,4.597,0.027,3.613,0.012,-0.939,0.055,0.6510284984348612,3.613,1.17,7.147499999999999,K
V404_CMa-1,none,0.452,17.45,1.17,-0.1349,0.003,-0.1427,0.006,4.608,0.012,3.623,0.01,-0.867,0.044,0.7329932916517788,3.623,1.17,6.967499999999999,n
V404_CMa-2,none,0.452,17.45,1.17,-0.1791,0.0033,-0.1675,0.0128,4.614,0.025,3.596,0.012,-1.028,0.054,0.662064040270461,3.596,1.17,7.37,n
ASAS_J212954-5620.1-1,none,0.702,11.93,1.17,-0.0794,0.0089,-0.0731,0.0062,4.506,0.012,3.677,0.014,-0.482,0.057,0.8329136893713077,3.677,1.17,6.005,n
ASAS_J212954-5620.1-2,none,0.702,11.93,1.17,-0.153,0.008,-0.1439,0.0103,4.574,0.02,3.625,0.019,-0.84,0.076,0.7030723198838335,3.625,1.17,6.9,n
OGLE-LMC-ECL-25658-1,G8_III,192.789,17.0,1.17,0.3485,0.0047,1.3304,0.003,2.126,0.006,3.685,0.006,2.354,0.027,2.2310022074819558,3.685,1.17,-1.085,G
OGLE-LMC-ECL-25658-2,G9_III,192.789,17.0,1.17,0.3483,0.0045,1.4411,0.003,1.904,0.006,3.674,0.007,2.533,0.028,2.229975029531496,3.674,1.17,-1.5324999999999998,G
OGLE-LMC-ECL-01866-1,G3_III,251.247,16.13,1.17,0.5514,0.0024,1.428,0.0084,2.134,0.017,3.724,0.007,2.708,0.032,3.559590180060829,3.724,1.17,-1.9700000000000006,G
OGLE-LMC-ECL-01866-2,K1.5_III,251.247,16.13,1.17,0.5502,0.0038,1.6731,0.0046,1.642,0.009,3.653,0.006,2.912,0.025,3.5497682446720913,3.653,1.17,-2.4799999999999995,K
ASAS_J082552-1622.8-1,K7_V,1.528,11.45,1.16,-0.1531,0.0028,-0.1586,0.0056,4.6,0.016,3.624,0.021,-0.808,0.082,0.7029104501361859,3.624,1.16,6.82,K
ASAS_J082552-1622.8-2,M0_V,1.528,11.45,1.16,-0.1629,0.0031,-0.1555,0.0081,4.585,0.016,3.611,0.021,-0.909,0.087,0.6872266615842488,3.611,1.16,7.0725,M
OGLE-LMC-ECL-24887-1,G5_III,94.844,17.68,1.16,0.4389,0.0074,1.2156,0.0069,2.446,0.014,3.71,0.007,2.225,0.031,2.7472614999306746,3.71,1.16,-0.7625000000000002,G
OGLE-LMC-ECL-24887-2,G6_III,94.844,17.68,1.16,0.4736,0.0066,1.2512,0.0073,2.409,0.014,3.705,0.007,2.276,0.032,2.975774377372812,3.705,1.16,-0.8899999999999997,G
OGLE_SMC130.5_4296-1,G7_III,120.468,16.78,1.1,0.2681,0.0059,1.4055,0.0043,1.895,0.014,3.691,0.007,2.529,0.036,1.8539584639833089,3.691,1.1,-1.5225,G
OGLE_SMC130.5_4296-2,K1_III,120.468,16.78,1.1,0.2565,0.0065,1.6628,0.0033,1.369,0.013,3.655,0.007,2.898,0.036,1.8050947371315689,3.655,1.1,-2.4450000000000003,K
OGLE-LMC-ECL-10567-1,G6_III,117.975,16.43,1.09,0.5228,0.0038,1.3909,0.0051,2.179,0.01,3.705,0.009,2.555,0.036,3.332728995761378,3.705,1.09,-1.5875000000000004,G
OGLE-LMC-ECL-10567-2,G9_III,117.975,16.43,1.09,0.503,0.0035,1.564,0.003,1.813,0.006,3.673,0.007,2.777,0.028,3.1841975217261247,3.673,1.09,-2.142500000000001,G
OGLE-LMC-SC9-230659-1,G6_III,772.638,16.63,1.09,0.5561,0.0046,1.5163,0.0029,1.962,0.005,3.699,0.006,2.783,0.025,3.5983218003888036,3.699,1.09,-2.1574999999999998,G
OGLE-LMC-SC9-230659-2,G6_III,772.638,16.63,1.09,0.5352,0.0038,1.3692,0.0058,2.235,0.011,3.702,0.009,2.5,0.036,3.4292567329756007,3.702,1.09,-1.4500000000000002,G
OGLE-LMC-ECL-13360-1,G1_II-III,262.439,15.82,1.07,0.5966,0.0026,1.4837,0.0054,2.067,0.011,3.74,0.007,2.882,0.031,3.950026415978837,3.74,1.07,-2.4050000000000002,G
OGLE-LMC-ECL-13360-2,G4_II-III,262.439,15.82,1.07,0.6085,0.0026,1.5962,0.0039,1.854,0.008,3.706,0.007,2.972,0.028,4.0597566325156835,3.706,1.07,-2.63,G
OGLE-SMC-ECL-0970-1,G8_III,191.551,17.93,1.06,0.1584,0.006,1.2648,0.0071,2.07,0.01,3.686,0.006,2.228,0.028,1.4401243711755705,3.686,1.06,-0.7700000000000005,G
OGLE-SMC-ECL-0970-2,G9_III,191.551,17.93,1.06,0.1523,0.0031,1.3243,0.0041,1.94,0.01,3.679,0.006,2.322,0.027,1.4200381105421538,3.679,1.06,-1.005,G
OGLE-LMC-ECL-21873-1,G4_III,144.188,16.79,1.06,0.4748,0.0031,1.3066,0.0047,2.3,0.009,3.721,0.006,2.453,0.026,2.9840081159302194,3.721,1.06,-1.3324999999999996,G
OGLE-LMC-ECL-21873-2,G6_III,144.188,16.79,1.06,0.4904,0.0034,1.3922,0.0042,2.144,0.008,3.704,0.007,2.554,0.029,3.093143010948962,3.704,1.06,-1.585,G
KIC_9246715-1,none,171.277,9.58,1.05,0.3398,0.0007,0.9289,0.0061,2.92,0.013,3.689,0.004,1.567,0.022,2.186754354439264,3.689,1.05,0.8824999999999998,n
KIC_9246715-2,none,171.277,9.58,1.05,0.3344,0.0006,0.9138,0.0048,2.945,0.009,3.691,0.005,1.543,0.022,2.159732680689394,3.691,1.05,0.9424999999999999,n
KIC_4054905-1,none,274.729,13.22,1.04,-0.0203,0.0043,0.9224,0.0014,2.573,0.0026,3.686,0.006,1.542,0.025,0.9543331283085358,3.686,1.04,0.9449999999999998,n
KIC_4054905-2,none,274.729,13.22,1.04,-0.0193,0.0027,0.4901,0.0013,3.4385,0.0019,3.721,0.019,0.819,0.081,0.9565330933749138,3.721,1.04,2.7525,n
OGLE-SMC-ECL-0727-1,G3_III,316.572,18.11,1.04,0.4281,0.0065,1.1644,0.0059,2.53,0.01,3.724,0.008,2.182,0.034,2.6797852971525056,3.724,1.04,-0.6550000000000002,G
OGLE-SMC-ECL-0727-2,G8_III,316.572,18.11,1.04,0.4099,0.0068,1.3096,0.0064,2.23,0.01,3.684,0.008,2.31,0.034,2.569803995402267,3.684,1.04,-0.9750000000000005,G
OGLE-SMC-ECL-1492-1,G6_III,73.715,17.71,1.03,-0.0132,0.0045,1.2014,0.0164,2.02,0.03,3.697,0.009,2.149,0.046,0.9700631337839569,3.697,1.03,-0.5725000000000007,G
OGLE-SMC-ECL-1492-2,G8_III,73.715,17.71,1.03,-0.0132,0.0045,1.3997,0.0052,1.63,0.01,3.679,0.006,2.468,0.028,0.9700631337839569,3.679,1.03,-1.37,G
OGLE-LMC-ECL-09114-1,G4_III,214.366,16.71,1.03,0.519,0.003,1.4205,0.0056,2.116,0.011,3.719,0.005,2.669,0.023,3.303695410368148,3.719,1.03,-1.8725000000000005,G
OGLE-LMC-ECL-09114-2,G2_III,214.366,16.71,1.03,0.5058,0.0034,1.2739,0.0086,2.396,0.017,3.734,0.009,2.439,0.04,3.2047931228494013,3.734,1.03,-1.2975000000000003,G
OGLE-LMC-ECL-13529-1,G4_III,49.467,17.36,1.01,0.4559,0.0024,1.2312,0.0054,2.432,0.011,3.724,0.006,2.312,0.028,2.856932634583697,3.724,1.01,-0.9799999999999995,G
OGLE-LMC-ECL-13529-2,G4_III,49.467,17.36,1.01,0.4487,0.0025,1.2036,0.006,2.48,0.012,3.721,0.007,2.246,0.032,2.8099591088425018,3.721,1.01,-0.8150000000000004,G
OGLE-SMC-ECL-0019-1,G4_III,143.393,17.92,0.99,0.238,0.0075,1.2253,0.0103,2.23,0.02,3.716,0.008,2.27,0.04,1.7298163592151015,3.716,0.99,-0.875,G
OGLE-SMC-ECL-0019-2,G5_III,143.393,17.92,0.99,0.2279,0.0077,1.2742,0.0139,2.12,0.03,3.708,0.009,2.334,0.044,1.6900517380435738,3.708,0.99,-1.0350000000000001,G
OGLE-BLG-ECL-123903-1,K2_III,118.531,16.9,0.99,0.3107,0.0057,0.9795,0.0022,2.79,0.011,3.679,0.012,1.633,0.071,2.045031490989864,3.679,0.99,0.7175000000000002,K
OGLE-BLG-ECL-123903-2,K2_III,118.531,16.9,0.99,0.3168,0.0048,0.9567,0.0029,2.841,0.012,3.68,0.016,1.591,0.067,2.0739582044538323,3.68,0.99,0.8224999999999998,K
TZ_For-1,G8_III,75.666,6.88,0.97,0.3132,0.0002,0.9212,0.0057,2.915,0.023,3.693,0.003,1.57,0.02,2.0568375866278874,3.693,0.97,0.8749999999999996,G
TZ_For-2,F7_III,75.666,6.88,0.97,0.2918,0.0002,0.5988,0.0088,3.539,0.037,3.803,0.005,1.36,0.03,1.9579427998770649,3.803,0.97,1.3999999999999995,F
CF_Tau-1,K0,2.756,10.25,0.95,0.1079,0.003,0.4467,0.0017,3.653,0.005,3.716,0.013,0.71,0.05,1.2820353491189516,3.716,0.95,3.025,K
CF_Tau-2,G0,2.756,10.25,0.95,0.0973,0.0038,0.3113,0.0034,3.913,0.008,3.778,0.011,0.69,0.05,1.2511229769215944,3.778,0.95,3.075,G
EPIC_219511354-1,K2_V,1.622,13.16,0.94,-0.04,0.0062,-0.0362,0.0076,4.47,0.016,3.702,0.013,-0.31,0.053,0.9120108393559098,3.702,0.94,5.575,K
EPIC_219511354-2,K4_V,1.622,13.16,0.94,-0.0851,0.0085,-0.0701,0.0082,4.494,0.017,3.671,0.012,-0.5,0.052,0.8220533433757728,3.671,0.94,6.05,K
V501_Her-1,G3_IV,8.598,10.93,0.93,0.1035,0.0012,0.3014,0.0007,3.9384,0.0014,3.755,0.008,0.576,0.03,1.2691121444451907,3.755,0.93,3.36,G
V501_Her-2,G3_V,8.598,10.93,0.93,0.0833,0.0011,0.1793,0.0008,4.1623,0.0016,3.757,0.008,0.344,0.029,1.2114346740128337,3.757,0.93,3.94,G
OGLE-SMC-ECL-1859-1,G0_III,75.544,17.69,0.92,0.4116,0.0051,1.2095,0.008,2.43,0.02,3.744,0.008,2.35,0.035,2.5798829360403723,3.744,0.92,-1.0750000000000002,G
OGLE-SMC-ECL-1859-2,G7_III,75.544,17.69,0.92,0.3945,0.0035,1.2718,0.007,2.29,0.01,3.695,0.009,2.276,0.037,2.480275937692958,3.695,0.92,-0.8899999999999997,G
M4_V69-1,none,48.188,17.01,0.9,-0.1155,0.003,-0.0627,0.0049,4.444,0.132,3.784,0.009,-0.036,0.036,0.7664785401625911,3.784,0.9,4.89,n
M4_V69-2,none,48.188,17.01,0.9,-0.138,0.0029,-0.0929,0.0043,4.483,0.119,3.772,0.01,-0.146,0.041,0.727779804536824,3.772,0.9,5.165,n
M4_V65-1,none,2.293,17.03,0.9,-0.095,0.0046,0.0596,0.0039,4.221,0.014,3.785,0.008,0.21,0.032,0.8035261221856173,3.785,0.9,4.2749999999999995,n
M4_V65-2,none,2.293,17.03,0.9,-0.2182,0.0032,-0.214,0.0065,4.645,0.017,3.682,0.011,-0.747,0.046,0.6050621691582965,3.682,0.9,6.6674999999999995,n
ASAS_J052821+0338.5-1,K1_PMS,3.873,11.7,0.9,0.1383,0.0035,0.2625,0.0024,4.05,0.01,3.708,0.009,0.314,0.034,1.3749914574850315,3.708,0.9,4.015,K
ASAS_J052821+0338.5-2,K3_PMS,3.873,11.7,0.9,0.1235,0.0026,0.238,0.0025,4.08,0.01,3.673,0.009,0.14,0.035,1.328923557126656,3.673,0.9,4.45,K
FS_Mon-1,F2_V,1.906,9.6,0.9,0.2127,0.0032,0.312,0.0025,4.026,0.005,3.827,0.006,0.888,0.026,1.6319242651056207,3.827,0.9,2.5799999999999996,F
FS_Mon-2,F4_V,1.906,9.6,0.9,0.1649,0.003,0.2119,0.0032,4.179,0.006,3.816,0.007,0.644,0.026,1.4618405344787933,3.816,0.9,3.1899999999999995,F
OGLE-SMC-ECL-0439-1,G2_III,279.266,18.06,0.9,0.356,0.0057,1.1614,0.015,2.47,0.03,3.72,0.008,2.158,0.042,2.269864851883822,3.72,0.9,-0.5949999999999998,G
OGLE-SMC-ECL-0439-2,G2_III,279.266,18.06,0.9,0.3598,0.0057,1.1875,0.0141,2.42,0.03,3.721,0.008,2.215,0.043,2.2898129121079687,3.721,0.9,-0.7374999999999998,G
1SWASP_J093010.78+533859.5-1,K1_V,1.306,9.84,0.88,-0.1158,0.0079,-0.1209,0.0046,4.564,0.012,3.699,0.017,-0.49,0.07,0.765949258372888,3.699,0.88,6.025,K
1SWASP_J093010.78+533859.5-2,K5_V,1.306,9.84,0.88,-0.1911,0.0081,-0.129,0.0058,4.505,0.014,3.627,0.021,-0.8,0.08,0.6440209571356517,3.627,0.88,6.8,K
M4_V66-1,none,8.111,16.84,0.88,-0.1056,0.0025,-0.0293,0.0022,4.388,0.077,3.79,0.007,0.053,0.028,0.7841515405281217,3.79,0.88,4.6674999999999995,n
M4_V66-2,none,8.111,16.84,0.88,-0.1283,0.0025,-0.081,0.0028,4.469,0.085,3.774,0.008,-0.115,0.031,0.7442177089248527,3.774,0.88,5.0874999999999995,n
OGLE_SMC113.3_4007-1,G8_III,371.768,15.81,0.88,0.5446,0.0035,1.6609,0.0066,1.66,0.017,3.681,0.009,3.0,0.033,3.5042896826443846,3.681,0.88,-2.7,G
OGLE_SMC113.3_4007-2,G8_III,371.768,15.81,0.88,0.5516,0.003,1.6848,0.0063,1.62,0.016,3.682,0.009,3.053,0.03,3.5612298094276205,3.682,0.88,-2.8325000000000005,G
CG_Cyg-1,G9_V,0.631,10.08,0.86,-0.0269,0.0055,-0.0506,0.0063,4.512,0.014,3.721,0.015,-0.26,0.06,0.9399397147667807,3.721,0.86,5.45,G
CG_Cyg-2,K3_V,0.631,10.08,0.86,-0.0915,0.007,-0.0757,0.0072,4.505,0.016,3.674,0.006,-0.51,0.03,0.8100279416803505,3.674,0.86,6.074999999999999,K
OGLE_SMC108.1_14904-1,F9_II,185.218,15.21,0.86,0.645,0.004,1.6716,0.0049,1.74,0.014,3.754,0.008,3.313,0.042,4.4157044735331255,3.754,0.86,-3.482500000000001,F
OGLE_SMC108.1_14904-2,G7_II,185.218,15.21,0.86,0.6463,0.0036,1.8065,0.0034,1.472,0.01,3.695,0.008,3.346,0.038,4.428942071986358,3.695,0.86,-3.5650000000000004,G
Kepler-47-1,none,7.448,15.38,0.85,-0.0191,0.0064,-0.0287,0.0023,4.476,0.005,3.751,0.008,-0.076,0.035,0.9569736945876576,3.751,0.85,4.99,n
Kepler-47-2,none,7.448,15.38,0.85,-0.466,0.0038,-0.4711,0.0026,4.914,0.005,3.526,0.013,-1.854,0.062,0.3419794425137088,3.526,0.85,9.434999999999999,n
KIC_8410637-1,G_III,408.324,11.33,0.85,0.1679,0.005,1.0251,0.002,2.556,0.003,3.663,0.008,1.656,0.03,1.4719735289779448,3.663,0.85,0.6600000000000001,G
KIC_8410637-2,none,408.324,11.33,0.85,0.1169,0.0046,0.192,0.0028,4.171,0.005,3.783,0.014,0.468,0.058,1.3088805074244976,3.783,0.85,3.63,n
ASAS_J065134-2211.5-1,G,8.22,9.83,0.83,-0.0195,0.0055,-0.0013,0.0017,4.421,0.003,3.74,0.008,-0.09,0.03,0.9560926950198135,3.74,0.83,5.0249999999999995,G
ASAS_J065134-2211.5-2,none,8.22,9.83,0.83,-0.1713,0.0032,-0.1612,0.0044,4.589,0.009,3.599,0.012,-0.96,0.05,0.6740622411390065,3.599,0.83,7.199999999999999,n
AI_Phe-1,K0_IV,24.592,8.61,0.83,0.0769,0.0003,0.2565,0.0005,4.002,0.0011,3.792,0.002,0.654,0.007,1.1937132101928052,3.792,0.83,3.165,K
AI_Phe-2,F7_V,24.592,8.61,0.83,0.0948,0.0003,0.4673,0.0003,3.5981,0.0009,3.707,0.002,0.736,0.006,1.2439416235583076,3.707,0.83,2.96,F
OGLE-SMC-ECL-2761-1,F9_III,150.364,17.3,0.82,0.3874,0.0071,1.238,0.0075,2.35,0.01,3.751,0.009,2.431,0.04,2.440057159428208,3.751,0.82,-1.2775000000000007,F
OGLE-SMC-ECL-2761-2,G0_III,150.364,17.3,0.82,0.3766,0.0055,1.243,0.0099,2.33,0.02,3.747,0.009,2.428,0.042,2.3801262821949867,3.747,0.82,-1.2700000000000005,G
OGLE-SMC-ECL-3529-1,F8_III,234.326,17.12,0.8,0.3729,0.0055,1.1004,0.0138,2.61,0.03,3.766,0.007,2.22,0.042,2.359934775551644,3.766,0.8,-0.7500000000000009,F
OGLE-SMC-ECL-3529-2,G3_III,234.326,17.12,0.8,0.3945,0.0088,1.3243,0.0062,2.18,0.01,3.723,0.015,2.498,0.061,2.480275937692958,3.723,0.8,-1.4450000000000012,G
NGC_3201_V142-1,none,27.693,17.25,0.78,-0.0947,0.0027,0.3448,0.0045,3.654,0.005,3.772,0.012,0.731,0.049,0.8040813701206138,3.772,0.78,2.9725,n
NGC_3201_V142-2,none,27.693,17.25,0.78,-0.1778,0.0013,-0.1593,0.0025,4.588,0.003,3.744,0.012,-0.24,0.11,0.6640488057745738,3.744,0.78,5.3999999999999995,n
LV_Her-1,F9_V,18.436,11.06,0.78,0.0766,0.0036,0.1329,0.0038,4.2493,0.0082,3.793,0.011,0.349,0.044,1.1928889070568698,3.793,0.78,3.9274999999999998,F
LV_Her-2,F9_V,18.436,11.06,0.78,0.0681,0.003,0.1183,0.0036,4.2695,0.0081,3.78,0.011,0.311,0.044,1.1697687092114866,3.78,0.78,4.0225,F
HS_Aur-1,G8_V,9.815,10.16,0.77,-0.0458,0.0092,0.0017,0.0104,4.389,0.023,3.728,0.006,-0.13,0.03,0.899911910870052,3.728,0.77,5.125,G
HS_Aur-2,K0_V,9.815,10.16,0.77,-0.056,0.0084,-0.059,0.0119,4.5,0.025,3.716,0.006,-0.3,0.03,0.8790225168308843,3.716,0.77,5.55,K
OGLE-SMC-ECL-1421-1,G2_III,102.834,17.18,0.77,0.4346,0.0032,1.248,0.0074,2.37,0.01,3.732,0.008,2.38,0.034,2.7201947619843767,3.732,0.77,-1.1499999999999995,G
OGLE-SMC-ECL-1421-2,G6_III,102.834,17.18,0.77,0.4548,0.003,1.3766,0.0036,2.14,0.01,3.701,0.008,2.512,0.033,2.849705627341153,3.701,0.77,-1.4800000000000004,G
NGC_3201_V139-1,none,8.789,18.08,0.74,-0.0937,0.0038,0.0846,0.0043,4.175,0.006,3.793,0.005,0.294,0.022,0.8059349691127455,3.793,0.74,4.0649999999999995,n
NGC_3201_V139-2,none,8.789,18.08,0.74,-0.1649,0.0019,-0.163,0.0025,4.599,0.003,3.745,0.006,-0.387,0.021,0.6840691418893659,3.745,0.74,5.7675,n
KIC_2306740-1,none,10.307,13.7,0.74,0.077,0.0029,0.2258,0.001,4.063,0.002,3.764,0.018,0.449,0.075,1.1939881044642733,3.764,0.74,3.6774999999999998,n
KIC_2306740-2,none,10.307,13.7,0.74,0.0326,0.0028,0.0885,0.0018,4.294,0.004,3.782,0.017,0.26,0.072,1.0779534330711118,3.782,0.74,4.1499999999999995,n
RT_CrB-1,G5_IV,5.117,10.21,0.73,0.1281,0.0032,0.4175,0.0073,3.731,0.014,3.762,0.008,0.838,0.032,1.3430741797949022,3.762,0.73,2.705,G
RT_CrB-2,K0_IV,5.117,10.21,0.73,0.1332,0.0029,0.4692,0.0075,3.632,0.015,3.71,0.009,0.736,0.036,1.3589391171008014,3.71,0.73,2.96,K
EF_Aqr-1,G0_V,2.854,9.89,0.72,0.0948,0.0028,0.1265,0.0039,4.28,0.007,3.789,0.006,0.36,0.011,1.2439416235583076,3.789,0.72,3.9,G
EF_Aqr-2,none,2.854,9.89,0.72,-0.0241,0.0028,-0.0195,0.0055,4.453,0.011,3.715,0.009,-0.227,0.02,0.9460193072899131,3.715,0.72,5.3675,n
V1094_Tau-1,G0_V,8.989,8.97,0.7,0.04,0.0016,0.1495,0.0018,4.179,0.004,3.767,0.007,0.32,0.03,1.096478196143185,3.767,0.7,4.0,G
V1094_Tau-2,G3_V,8.989,8.97,0.7,0.0052,0.0012,0.0439,0.0026,4.355,0.005,3.756,0.008,0.05,0.03,1.0120454110965418,3.756,0.7,4.675,G
EPIC_219568666-1,F8_V,11.991,11.86,0.7,0.0496,0.005,0.0711,0.0026,4.346,0.005,3.788,0.007,0.248,0.028,1.1209855128753143,3.788,0.7,4.18,F
EPIC_219568666-2,none,11.991,11.86,0.7,-0.1349,0.003,-0.1938,0.0115,4.69,0.022,3.653,0.01,-0.818,0.046,0.7329932916517788,3.653,0.7,6.845,n
KIC_5359678-1,F5,6.231,14.21,0.7,0.0976,0.0062,0.1611,0.0036,4.214,0.007,3.813,0.003,0.555,0.014,1.2519875206248816,3.813,0.7,3.4124999999999996,F
KIC_5359678-2,none,6.231,14.21,0.7,0.0273,0.0053,0.0204,0.007,4.424,0.013,3.777,0.005,0.103,0.025,1.064878356126963,3.777,0.7,4.5424999999999995,n
NP_Per-1,F5_V,2.229,11.24,0.7,0.1208,0.0029,0.1374,0.0041,4.284,0.008,3.808,0.006,0.46,0.025,1.3206872951464237,3.808,0.7,3.6499999999999995,F
NP_Per-2,K5_e,2.229,11.24,0.7,0.0194,0.0019,0.0896,0.0046,4.2779,0.0089,3.657,0.015,-0.237,0.058,1.0456828853581377,3.657,0.7,5.3925,K
IM_Per-1,A8_V,2.254,11.28,0.7,0.2512,0.0023,0.3818,0.0032,3.9258,0.0067,3.88,0.009,1.235,0.035,1.7831997722329167,3.88,0.7,1.7124999999999995,A
IM_Per-2,A8_V,2.254,11.28,0.7,0.249,0.0024,0.374,0.0031,3.9394,0.0068,3.879,0.009,1.217,0.036,1.7741894808901657,3.879,0.7,1.7574999999999994,A
CoRoT_105906206-1,none,3.695,11.78,0.7,0.3522,0.0077,0.6274,0.002,3.53,0.01,3.829,0.01,1.53,0.04,2.2500905722793068,3.829,0.7,0.9749999999999996,n
CoRoT_105906206-2,none,3.695,11.78,0.7,0.1106,0.0101,0.1271,0.0032,4.3,0.02,3.789,0.011,0.36,0.05,1.2900305642179895,3.789,0.7,3.9,n
HP_Aur-1,G2_V,1.423,11.17,0.68,-0.0203,0.0019,0.0119,0.0018,4.3942,0.004,3.764,0.009,0.036,0.035,0.9543331283085358,3.764,0.68,4.71,G
HP_Aur-2,K1_V,1.423,11.17,0.68,-0.0918,0.0019,-0.1103,0.0019,4.5669,0.0043,3.713,0.01,-0.414,0.039,0.8094685874176843,3.713,0.68,5.835,K
TIC_193993801-1,F8_V,1.431,11.27,0.67,0.1159,0.005,0.2284,0.0036,4.098,0.006,3.801,0.003,0.614,0.013,1.3058701657935172,3.801,0.67,3.2649999999999997,F
TIC_193993801-2,none,1.431,11.27,0.67,0.0752,0.0066,0.1153,0.0057,4.245,0.011,3.785,0.003,0.323,0.018,1.189049678985098,3.785,0.67,3.9924999999999997,n
OGLE-SMC-ECL-3678-1,F2_II,187.843,15.56,0.67,0.5832,0.0023,1.4942,0.007,2.03,0.01,3.823,0.008,3.234,0.037,3.830010812264486,3.823,0.67,-3.285000000000001,F
OGLE-SMC-ECL-3678-2,G6_II,187.843,15.56,0.67,0.5717,0.0012,1.6294,0.0041,1.75,0.01,3.697,0.006,3.003,0.026,3.7299241475247347,3.697,0.67,-2.7075000000000005,G
Kepler-35-1,none,20.734,15.96,0.66,-0.0517,0.0025,0.0122,0.0008,4.3623,0.002,3.749,0.011,-0.027,0.043,0.8877690494117353,3.749,0.66,4.8675,n
Kepler-35-2,none,20.734,15.96,0.66,-0.0918,0.0024,-0.1045,0.0012,4.5556,0.0016,3.716,0.008,-0.387,0.02,0.8094685874176843,3.716,0.66,5.7675,n
IM_Vir-1,G7_V,1.309,9.57,0.66,-0.0083,0.0053,0.0257,0.0065,4.379,0.014,3.754,0.008,-0.012,0.034,0.9810700097431979,3.754,0.66,4.83,G
IM_Vir-2,K7_V,1.309,9.57,0.66,-0.1776,0.0031,-0.1669,0.0083,4.594,0.017,3.628,0.013,-0.867,0.056,0.6643546819760057,3.628,0.66,6.967499999999999,K
EPIC_219394517-1,G,6.527,11.34,0.64,0.0327,0.0008,0.0233,0.0045,4.4247,0.0094,3.773,0.007,0.091,0.031,1.0782016695998948,3.773,0.64,4.5725,G
EPIC_219394517-2,G,6.527,11.34,0.64,0.0278,0.001,0.0179,0.005,4.4303,0.0097,3.769,0.007,0.066,0.031,1.0661050486467796,3.769,0.64,4.635,G
V963_Cen-1,G1_IV-V,15.269,8.6,0.64,0.0339,0.0012,0.16,0.0016,4.152,0.003,3.764,0.004,0.332,0.018,1.0811849705944692,3.764,0.64,3.9699999999999998,G
V963_Cen-2,G1_IV-V,15.269,8.6,0.64,0.0315,0.0012,0.1527,0.0021,4.164,0.004,3.765,0.005,0.32,0.021,1.075226600392726,3.765,0.64,4.0,G
OGLE-LMC-CEP-01812-1,F7_II,551.776,16.69,0.64,0.5752,0.0035,1.2516,0.0032,2.509,0.007,3.787,0.011,2.61,0.04,3.760105236684959,3.787,0.64,-1.7249999999999996,F
OGLE-LMC-CEP-01812-2,G4_III,551.776,16.69,0.64,0.4183,0.0033,1.073,0.0029,2.709,0.007,3.713,0.01,1.95,0.04,2.6199922097727595,3.713,0.64,-0.07500000000000018,G
ASAS_J045304-0700.4-1,K2_V,1.622,11.24,0.63,-0.0789,0.0019,-0.0716,0.0026,4.503,0.005,3.726,0.016,-0.278,0.065,0.8338731689085956,3.726,0.63,5.495,K
ASAS_J045304-0700.4-2,K4_V,1.622,11.24,0.63,-0.082,0.0021,-0.0794,0.0026,4.515,0.005,3.708,0.017,-0.365,0.068,0.8279421637123342,3.708,0.63,5.7124999999999995,K
Kepler-34-1,none,27.796,15.04,0.63,0.0203,0.0013,0.0651,0.0011,4.3284,0.0021,3.772,0.009,0.173,0.033,1.0478521287135911,3.772,0.63,4.3675,n
Kepler-34-2,none,27.796,15.04,0.63,0.0089,0.0009,0.0385,0.0012,4.3703,0.0022,3.768,0.01,0.107,0.036,1.020704430766585,3.768,0.63,4.5325,n
QR_Hya-1,G1_V,5.006,8.4,0.63,0.0415,0.0007,0.1087,0.0014,4.262,0.003,3.773,0.005,0.262,0.021,1.1002718452957352,3.773,0.63,4.145,G
QR_Hya-2,G2_V,5.006,8.4,0.63,0.0283,0.0008,0.0802,0.002,4.306,0.004,3.767,0.005,0.182,0.023,1.067333154261838,3.767,0.63,4.345,G
V636_Cen-1,G0_V,4.284,8.7,0.62,0.022,0.0021,0.0077,0.0017,4.444,0.004,3.771,0.006,0.05,0.03,1.0519618738232228,3.771,0.62,4.675,G
V636_Cen-2,none,4.284,8.7,0.62,-0.0685,0.0015,-0.0809,0.0021,4.532,0.005,3.699,0.009,-0.41,0.04,0.8540828474185445,3.699,0.62,5.824999999999999,n
AN_Cam-1,F9_V,20.998,9.69,0.61,0.1399,0.0066,0.3343,0.0024,3.9095,0.003,3.782,0.011,0.75,0.043,1.3800664559703322,3.782,0.61,2.925,F
AN_Cam-2,G2_IV,20.998,9.69,0.61,0.1467,0.0077,0.4226,0.0023,3.74,0.0037,3.76,0.011,0.839,0.046,1.4018450097984843,3.76,0.61,2.7024999999999997,G
GX_Gem-1,F7_V,4.038,11.33,0.61,0.1726,0.0032,0.3668,0.0022,3.877,0.004,3.792,0.007,0.86,0.03,1.4879899569860218,3.792,0.61,2.65,F
GX_Gem-2,F7_V,4.038,11.33,0.61,0.1664,0.003,0.3499,0.0023,3.904,0.005,3.79,0.007,0.82,0.03,1.4668982822062864,3.79,0.61,2.75,F
V785_Cep-1,none,6.504,14.74,0.6,0.0426,0.0028,0.1535,0.0058,4.174,0.012,3.771,0.007,0.34,0.03,1.1030621940666496,3.771,0.6,3.9499999999999997,n
V785_Cep-2,none,6.504,14.74,0.6,0.0338,0.0028,0.1377,0.006,4.196,0.013,3.769,0.007,0.3,0.03,1.0809360472143263,3.769,0.6,4.05,n
OGLE-LMC-CEP-00227-1,F7_Ib-II,309.669,15.2,0.6,0.618,0.0031,1.5425,0.0015,1.97,0.004,3.778,0.012,3.15,0.05,4.14954042634363,3.778,0.6,-3.075,F
OGLE-LMC-CEP-00227-2,G4_II,309.669,15.2,0.6,0.6085,0.0032,1.6512,0.0014,1.743,0.003,3.708,0.01,3.09,0.04,4.0597566325156835,3.708,0.6,-2.925,G
EPIC_210822691-1,none,8.074,11.37,0.59,0.0374,0.004,0.0969,0.0035,4.286,0.021,3.775,0.009,0.245,0.028,1.089933497027067,3.775,0.59,4.1875,n
EPIC_210822691-2,none,8.074,11.37,0.59,-0.0177,0.009,-0.0269,0.0046,4.473,0.033,3.745,0.012,-0.118,0.038,0.9600635909453472,3.745,0.59,5.095,n
UW_LMi-1,G0_V,3.874,8.32,0.59,0.0655,0.0007,0.1271,0.0045,4.249,0.009,3.781,0.005,0.332,0.022,1.1627865510033546,3.781,0.59,3.9699999999999998,G
UW_LMi-2,G0_V,3.874,8.32,0.59,0.057,0.0006,0.1055,0.0055,4.284,0.011,3.778,0.005,0.279,0.023,1.1402497875611688,3.778,0.59,4.1025,G
BF_Dra-1,F6_V,11.211,9.76,0.59,0.1504,0.0009,0.3193,0.0025,3.95,0.005,3.803,0.011,0.81,0.04,1.4138391390945648,3.803,0.59,2.7749999999999995,F
BF_Dra-2,F6_V,11.211,9.76,0.59,0.1383,0.0009,0.2838,0.0027,4.008,0.005,3.806,0.01,0.75,0.04,1.3749914574850315,3.806,0.59,2.925,F
BK_Peg-1,F8_V,5.49,9.98,0.59,0.1504,0.0021,0.2984,0.0017,3.992,0.004,3.797,0.006,0.74,0.02,1.4138391390945648,3.797,0.59,2.9499999999999997,F
BK_Peg-2,F7_V,5.49,9.98,0.59,0.0993,0.0017,0.1685,0.005,4.201,0.01,3.801,0.006,0.49,0.03,1.2568978981955459,3.801,0.59,3.5749999999999997,F
KIC_2557430-1,F2_V,1.298,11.63,0.58,0.2279,0.0077,0.2742,0.0046,4.116,0.009,3.848,0.011,0.899,0.038,1.6900517380435738,3.848,0.58,2.5524999999999998,F
KIC_2557430-2,F9_V,1.298,11.63,0.58,0.1303,0.0064,0.0899,0.0106,4.386,0.019,3.782,0.05,0.249,0.075,1.34989503505598,3.782,0.58,4.1775,F
V413_Ser-1,B8_V,2.26,8.0,0.58,0.5658,0.0059,0.5065,0.0068,3.9914,0.0028,4.045,0.012,2.149,0.022,3.679594830147844,4.045,0.58,-0.5725000000000007,B
V413_Ser-2,B9_V,2.26,8.0,0.58,0.5263,0.0052,0.4669,0.0074,4.031,0.0031,4.015,0.012,1.949,0.034,3.3596961369121403,4.015,0.58,-0.07250000000000068,B
NGC_6362_V41-1,none,17.889,18.77,0.57,-0.0854,0.0031,0.031,0.0019,4.311,0.004,3.787,0.009,0.164,0.033,0.8214856851283272,3.787,0.57,4.39,n
NGC_6362_V41-2,none,17.889,18.77,0.57,-0.1379,0.0028,-0.1363,0.0027,4.593,0.006,3.759,0.009,-0.281,0.036,0.7279474013242676,3.759,0.57,5.5024999999999995,n
AL_Dor-1,F9_V,14.905,7.74,0.57,0.0421,0.0002,0.0381,0.0008,4.404,0.002,3.782,0.005,0.159,0.018,1.101792977544252,3.782,0.57,4.4025,F
AL_Dor-2,F9_V,14.905,7.74,0.57,0.0425,0.0003,0.0407,0.0008,4.399,0.002,3.782,0.005,0.164,0.018,1.102808233849552,3.782,0.57,4.39,F
EW_Ori-1,G0_V,6.937,9.9,0.57,0.0693,0.0041,0.0674,0.0019,4.372,0.005,3.783,0.007,0.22,0.03,1.1730053691536917,3.783,0.57,4.25,G
EW_Ori-2,G2_V,6.937,9.9,0.57,0.0504,0.0035,0.0402,0.002,4.408,0.005,3.771,0.007,0.12,0.03,1.1230523475410834,3.771,0.57,4.5,G
V501_Mon-1,A6m,7.021,12.32,0.57,0.2163,0.0011,0.276,0.0067,4.103,0.013,3.876,0.006,1.007,0.027,1.6455080073735575,3.876,0.57,2.2825,A
V501_Mon-2,F0,7.021,12.32,0.57,0.164,0.0007,0.2019,0.0076,4.199,0.016,3.845,0.006,0.743,0.043,1.4588142602753484,3.845,0.57,2.9425,F
M55_V54-1,none,9.269,18.3,0.56,-0.1391,0.009,0.0026,0.0039,4.294,0.01,3.796,0.005,0.14,0.021,0.725938784607024,3.796,0.56,4.45,n
M55_V54-2,none,9.269,18.3,0.56,-0.2557,0.0063,-0.2774,0.0041,4.737,0.01,3.701,0.008,-0.799,0.033,0.5550089671836455,3.701,0.56,6.797499999999999,n
47_Tuc_E32-1,none,40.913,17.15,0.56,-0.0646,0.0024,0.0731,0.0012,4.227,0.002,3.78,0.003,0.217,0.013,0.861787122040413,3.78,0.56,4.2575,n
47_Tuc_E32-2,none,40.913,17.15,0.56,-0.0826,0.0024,0.0019,0.0017,4.352,0.003,3.775,0.003,0.057,0.015,0.8267991091178707,3.775,0.56,4.6575,n
47_Tuc_V69-1,none,29.54,16.84,0.56,-0.0574,0.0024,0.1189,0.0017,4.143,0.003,3.775,0.003,0.292,0.013,0.8761934454040546,3.775,0.56,4.07,n
47_Tuc_V69-2,none,29.54,16.84,0.56,-0.0661,0.003,0.0651,0.0023,4.242,0.003,3.777,0.003,0.193,0.014,0.858815749102729,3.777,0.56,4.3175,n
KX_Cnc-1,F9_V,31.22,7.19,0.56,0.0548,0.0012,0.0223,0.0023,4.4825,0.0045,3.771,0.007,0.083,0.03,1.1344882442111652,3.771,0.56,4.592499999999999,F
KX_Cnc-2,F9_V,31.22,7.19,0.56,0.0508,0.0017,0.025,0.0021,4.4388,0.0041,3.767,0.007,0.071,0.03,1.12408719346973,3.767,0.56,4.6225,F
KIC_7821010-1,none,24.238,10.84,0.56,0.1062,0.0058,0.1059,0.0037,4.332,0.007,3.827,0.01,0.47,0.04,1.2770267659777512,3.827,0.56,3.625,n
KIC_7821010-2,none,24.238,10.84,0.56,0.0867,0.0057,0.0828,0.005,4.359,0.009,3.817,0.011,0.39,0.05,1.2209559622961048,3.817,0.56,3.8249999999999997,n
NGC_6362_V40-1,none,5.296,18.22,0.55,-0.079,0.0033,0.1223,0.0025,4.55,0.005,3.789,0.009,0.356,0.035,0.8336811846196344,3.789,0.55,3.91,n
NGC_6362_V40-2,none,5.296,18.22,0.55,-0.0998,0.0026,-0.0013,0.0057,4.361,0.011,3.785,0.011,0.093,0.046,0.794694120636604,3.785,0.55,4.5675,n
HP_Dra-1,F9_V,10.762,7.94,0.55,0.0542,0.0019,0.137,0.0038,4.218,0.01,3.778,0.011,0.34,0.044,1.1329219729705562,3.778,0.55,3.9499999999999997,F
HP_Dra-2,F9_V,10.762,7.94,0.55,0.039,0.0028,0.022,0.0041,4.433,0.011,3.77,0.011,0.079,0.044,1.093956366272094,3.77,0.55,4.6025,F
ZZ_UMa-1,F8_V,2.299,10.39,0.54,0.0549,0.0033,0.1574,0.0021,4.178,0.004,3.775,0.005,0.37,0.052,1.1347494998601089,3.775,0.54,3.875,F
ZZ_UMa-2,G6_V,2.299,10.39,0.54,-0.0154,0.0023,0.0315,0.0019,4.36,0.003,3.722,0.007,-0.095,0.03,0.9651615228750958,3.722,0.54,5.0375,G
LL_Aqr-1,F3_V,20.178,9.32,0.54,0.0777,0.0003,0.1209,0.002,4.274,0.004,3.784,0.003,0.332,0.014,1.1959141376940756,3.784,0.54,3.9699999999999998,F
LL_Aqr-2,F8_V,20.178,9.32,0.54,0.0144,0.0003,0.0009,0.0022,4.451,0.004,3.756,0.004,-0.019,0.016,1.033713052350584,3.756,0.54,4.8475,F
UX_Men-1,F8_V,4.181,8.22,0.54,0.0874,0.0005,0.1294,0.0042,4.272,0.009,3.792,0.007,0.38,0.03,1.2229254976262436,3.792,0.54,3.8499999999999996,F
UX_Men-2,F8_V,4.181,8.22,0.54,0.0747,0.0005,0.1052,0.0044,4.306,0.009,3.789,0.007,0.32,0.03,1.1876815226774688,3.789,0.54,4.0,F
V1061_Cyg-1,F9_V,2.347,9.24,0.54,0.1079,0.0051,0.2082,0.0046,4.129,0.011,3.791,0.007,0.533,0.03,1.2820353491189516,3.791,0.54,3.4675,F
V1061_Cyg-2,G8_V,2.347,9.24,0.54,-0.0308,0.0032,-0.0114,0.0089,4.43,0.018,3.724,0.012,-0.173,0.052,0.9315367652385742,3.724,0.54,5.2325,G
NN_Del-1,F8,99.269,8.4,0.54,0.1597,0.0009,0.3412,0.003,3.915,0.006,3.809,0.014,0.868,0.054,1.4444416411066996,3.809,0.54,2.63,F
NN_Del-2,none,99.269,8.4,0.54,0.1227,0.0007,0.2063,0.0038,4.148,0.007,3.813,0.013,0.615,0.054,1.32647784274652,3.813,0.54,3.2624999999999997,n
HD_32129-1,F3_V,16.412,9.09,0.54,0.1872,0.001,0.2724,0.0012,4.08,0.003,3.827,0.004,0.806,0.016,1.5388631498199548,3.827,0.54,2.7849999999999997,F
HD_32129-2,G2_V,16.412,9.09,0.54,0.0289,0.0008,-0.0055,0.0022,4.478,0.006,3.76,0.007,-0.013,0.031,1.068808748577734,3.76,0.54,4.8325,G
CQ_Ind-1,F6_V,8.974,8.36,0.53,0.1036,0.0004,0.1491,0.0012,4.243,0.002,3.81,0.005,0.494,0.018,1.2694044019618032,3.81,0.53,3.565,F
CQ_Ind-2,F8_V,8.974,8.36,0.53,0.0528,0.0005,0.0518,0.0022,4.387,0.003,3.788,0.005,0.212,0.021,1.1292757442094161,3.788,0.53,4.27,F
DN_Cas-1,O8.5_V,2.311,9.93,0.53,1.2797,0.0016,0.8585,0.0036,4.0,0.009,4.507,0.014,4.7,0.06,19.041449268403824,4.507,0.53,-6.95,O
DN_Cas-2,B0.2_V,2.311,9.93,0.53,1.1377,0.0016,0.7627,0.0045,4.27,0.01,4.447,0.017,4.27,0.08,13.730931481927744,4.447,0.53,-5.874999999999999,B
KIC_7177553-1,G2_V,17.996,11.54,0.52,0.0183,0.0058,-0.0269,0.0023,4.517,0.008,3.763,0.01,-0.055,0.04,1.0430376855048382,3.763,0.52,4.9375,G
KIC_7177553-2,G2_V,17.996,11.54,0.52,-0.0061,0.0066,-0.0264,0.0023,4.491,0.008,3.759,0.011,-0.071,0.041,0.9860524125308565,3.759,0.52,4.9775,G
AL_Ari-1,F6_V,3.747,7.23,0.52,0.066,0.0005,0.1374,0.0028,4.229,0.005,3.804,0.004,0.444,0.016,1.1641260294104914,3.804,0.52,3.6899999999999995,F
AL_Ari-2,G7_V,3.747,7.23,0.52,-0.0404,0.0003,-0.0434,0.0038,4.458,0.008,3.745,0.005,-0.155,0.019,0.9111712330429192,3.745,0.52,5.1875,G
FL_Lyr-1,F8_V,2.178,9.33,0.52,0.0829,0.0027,0.0948,0.008,4.331,0.016,3.796,0.008,0.33,0.095,1.210319415118767,3.796,0.52,3.9749999999999996,F
FL_Lyr-2,G8_V,2.178,9.33,0.52,-0.0217,0.0018,-0.0458,0.0116,4.508,0.023,3.74,0.019,-0.18,0.08,0.9512616750371129,3.74,0.52,5.25,G
CO_And-1,F8_V,3.655,10.83,0.52,0.1103,0.0025,0.2373,0.0053,4.074,0.011,3.788,0.009,0.58,0.038,1.2891397503856072,3.788,0.52,3.3499999999999996,F
CO_And-2,F8_V,3.655,10.83,0.52,0.1019,0.0025,0.2289,0.0044,4.0822,0.0089,3.79,0.009,0.572,0.038,1.264445164690069,3.79,0.52,3.37,F
LX_Mus-1,F5_V,11.751,8.78,0.51,0.1282,0.0002,0.1287,0.0027,4.309,0.005,3.815,0.005,0.473,0.018,1.3433834696603655,3.815,0.51,3.6174999999999997,F
LX_Mus-2,F5_V,11.751,8.78,0.51,0.1317,0.0002,0.1449,0.0022,4.28,0.004,3.817,0.004,0.513,0.017,1.3542536039233093,3.817,0.51,3.5175,F
AQ_Ser-1,F5_IV,1.687,10.65,0.51,0.129,0.0077,0.3581,0.0027,3.85,0.009,3.808,0.007,0.901,0.027,1.3458603540559484,3.808,0.51,2.5475,F
AQ_Ser-2,F6_IV,1.687,10.65,0.51,0.1514,0.0067,0.3893,0.0048,3.81,0.012,3.802,0.007,0.939,0.042,1.4170983749140305,3.802,0.51,2.4525,F
RW_Lac-1,G5_V,10.369,10.63,0.5,-0.0325,0.0028,0.0741,0.0015,4.257,0.003,3.76,0.008,0.14,0.03,0.9278974901273311,3.76,0.5,4.45,G
RW_Lac-2,G7_V,10.369,10.63,0.5,-0.0605,0.002,-0.0159,0.0018,4.409,0.004,3.745,0.012,-0.1,0.05,0.8699614330652677,3.745,0.5,5.05,G
EBLM_J0113+31-1,G0_V,14.277,10.12,0.5,0.0124,0.0106,0.1514,0.0043,4.148,0.006,3.787,0.003,0.406,0.014,1.0289635722967538,3.787,0.5,3.7849999999999997,G
EBLM_J0113+31-2,none,14.277,10.12,0.5,-0.7055,0.0066,-0.6676,0.004,5.068,0.006,3.528,0.005,-2.267,0.024,0.1970153207216759,3.528,0.5,10.4675,n
CV_Boo-1,G2_V,0.847,10.8,0.5,0.0137,0.0055,0.1011,0.0079,4.294,0.016,3.76,0.011,0.197,0.048,1.032048245801222,3.76,0.5,4.3075,G
CV_Boo-2,G3_V,0.847,10.8,0.5,-0.0141,0.0054,0.0693,0.0085,4.285,0.017,3.754,0.011,0.107,0.049,0.9680549277120615,3.754,0.5,4.5325,G
WASP_0639-32-1,F,11.658,10.66,0.5,0.0624,0.0016,0.2634,0.0054,3.974,0.011,3.801,0.003,0.685,0.018,1.1545161169214304,3.801,0.5,3.0874999999999995,F
WASP_0639-32-2,K,11.658,10.66,0.5,-0.1061,0.0016,-0.1372,0.0048,4.607,0.01,3.732,0.006,-0.392,0.028,0.7832492721912543,3.732,0.5,5.779999999999999,K
WZ_Oph-1,F8_V,4.184,9.1,0.5,0.0888,0.0025,0.1464,0.0037,4.234,0.008,3.79,0.007,0.41,0.03,1.2268741046383405,3.79,0.5,3.775,F
WZ_Oph-2,F8_V,4.184,9.1,0.5,0.0864,0.0021,0.152,0.0037,4.221,0.008,3.786,0.007,0.4,0.03,1.220112847031931,3.786,0.5,3.8,F
IT_Cas-1,F5_V,3.897,11.15,0.5,0.122,0.0031,0.1918,0.0012,4.1765,0.0022,3.829,0.007,0.653,0.027,1.3243415351946646,3.829,0.5,3.1674999999999995,F
IT_Cas-2,F5_V,3.897,11.15,0.5,0.1212,0.0026,0.1907,0.0013,4.1778,0.0021,3.829,0.007,0.651,0.027,1.3219042534417247,3.829,0.5,3.1725,F
BG_Ind-1,F,1.464,6.13,0.5,0.1559,0.0061,0.369,0.0035,3.852,0.008,3.809,0.002,0.926,0.009,1.4318581637864778,3.809,0.5,2.485,F
BG_Ind-2,F,1.464,6.13,0.5,0.1189,0.0083,0.2019,0.009,4.15,0.012,3.834,0.002,0.693,0.02,1.3149220253462486,3.834,0.5,3.0675,F
EPIC_219552514-1,none,2.754,10.34,0.5,0.1787,0.017,0.3988,0.005,3.822,0.009,3.791,0.007,0.913,0.03,1.5090373879486434,3.791,0.5,2.5174999999999996,n
EPIC_219552514-2,none,2.754,10.34,0.5,-0.1878,0.01,-0.1858,0.0087,4.624,0.012,3.603,0.018,-1.018,0.075,0.6489332095341694,3.603,0.5,7.345,n
OGLE-SMC-ECL-2876-1,G0_III,120.867,17.49,0.5,0.4082,0.0068,1.2175,0.0105,2.41,0.02,3.745,0.008,2.371,0.037,2.559764430598998,3.745,0.5,-1.1275000000000004,G
OGLE-SMC-ECL-2876-2,G4_III,120.867,17.49,0.5,0.3997,0.0052,1.238,0.01,2.36,0.02,3.712,0.008,2.279,0.034,2.5101518809953305,3.712,0.5,-0.8975,G
OGLE-LMC-CEP-04506-1,F7_Ib,1550.354,15.5,0.5,0.5575,0.0036,1.4548,0.003,2.087,0.007,3.787,0.011,3.01,0.05,3.609940135864166,3.787,0.5,-2.7249999999999996,F
OGLE-LMC-CEP-04506-2,F7_Ib-II,1550.354,15.5,0.5,0.5465,0.0037,1.4216,0.0033,2.142,0.006,3.783,0.011,2.93,0.05,3.519654225247658,3.783,0.5,-2.5250000000000004,F
V530_Ori-1,G1_V,6.111,9.96,0.49,0.0016,0.0029,-0.0088,0.0058,4.457,0.012,3.777,0.007,0.016,0.032,1.003690930920097,3.777,0.49,4.76,G
V530_Ori-2,M1_V,6.111,9.96,0.49,-0.2251,0.0016,-0.2311,0.005,4.676,0.01,3.589,0.013,-1.154,0.053,0.5955250030412834,3.589,0.49,7.685,M
FM_Leo-1,F6_V,6.729,8.47,0.49,0.1187,0.0002,0.2107,0.0006,4.135,0.001,3.806,0.004,0.6,0.015,1.314316620785697,3.806,0.49,3.3,F
FM_Leo-2,F6_V,6.729,8.47,0.49,0.1039,0.0001,0.1785,0.0008,4.185,0.001,3.805,0.004,0.533,0.015,1.270281578388809,3.805,0.49,3.4675,F
BN_Scl-1,F7_V,3.747,5.23,0.49,0.1482,0.0007,0.2634,0.0017,4.059,0.003,3.8,0.003,0.68,0.015,1.406695182061038,3.8,0.49,3.0999999999999996,F
BN_Scl-2,F8_V,3.747,5.23,0.49,0.0948,0.0005,0.1399,0.0028,4.256,0.006,3.795,0.005,0.415,0.02,1.2439416235583076,3.795,0.49,3.7625,F
BD_+47_378-1,F0_V,2.145,10.11,0.49,0.2279,0.0077,0.301,0.0022,4.068,0.003,3.854,0.006,0.968,0.025,1.6900517380435738,3.854,0.49,2.38,F
BD_+47_378-2,K4_V,2.145,10.11,0.49,-0.0969,0.0109,-0.1079,0.0056,4.552,0.006,3.664,0.009,-0.6,0.038,0.800018444855099,3.664,0.49,6.3,K
GG_Ori-1,A2_V,6.631,10.43,0.49,0.3696,0.003,0.2676,0.0059,4.272,0.012,3.998,0.009,1.48,0.037,2.3420706947938252,3.998,0.49,1.0999999999999996,A
GG_Ori-2,A2_V,6.631,10.43,0.49,0.3688,0.0032,0.2625,0.0059,4.282,0.012,3.998,0.009,1.47,0.037,2.3377604122746884,3.998,0.49,1.125,A
KIC_3439031-1,none,5.952,11.34,0.48,0.0884,0.0009,0.1484,0.0007,4.23,0.0013,3.815,0.015,0.45,0.06,1.225744632049806,3.815,0.48,3.675,n
KIC_3439031-2,none,5.952,11.34,0.48,0.089,0.001,0.1471,0.0008,4.2332,0.0015,3.815,0.015,0.45,0.06,1.2274392311584073,3.815,0.48,3.675,n
IO_Aqr-1,F5_V-IV,2.368,8.86,0.48,0.1956,0.0011,0.3406,0.003,3.952,0.006,3.811,0.009,0.88,0.032,1.5689171126078543,3.811,0.48,2.5999999999999996,F
IO_Aqr-2,F6_V-IV,2.368,8.86,0.48,0.2188,0.001,0.3967,0.003,3.863,0.006,3.802,0.009,0.954,0.031,1.65500762876999,3.802,0.48,2.415,F
CC_Cas-1,O8.5_III(n),3.366,7.08,0.48,1.3709,0.017,1.0362,0.0072,3.736,0.013,4.538,0.025,5.179,0.053,23.490918601803664,4.538,0.48,-8.1475,O
CC_Cas-2,B0.5_V,3.366,7.08,0.48,0.9978,0.0148,0.8351,0.0114,3.766,0.022,4.452,0.031,4.474,0.064,9.949471217509924,4.452,0.48,-6.385000000000001,B
V338_Vir-1,F5_V,5.985,9.15,0.47,0.1164,0.0007,0.1855,0.0028,4.183,0.006,3.818,0.006,0.599,0.024,1.3073744701631327,3.818,0.47,3.3024999999999998,F
V338_Vir-2,F6_IV,5.985,9.15,0.47,0.1804,0.0006,0.3738,0.0017,3.871,0.003,3.808,0.004,0.934,0.017,1.5149559320403436,3.808,0.47,2.465,F
UZ_Dra-1,F7_V,3.261,9.59,0.47,0.1271,0.0065,0.1173,0.0099,4.33,0.03,3.793,0.008,0.35,0.05,1.3399851948997974,3.793,0.47,3.925,F
UZ_Dra-2,G0_V,3.261,9.59,0.47,0.0899,0.0071,0.0607,0.0076,4.4,0.03,3.777,0.008,0.18,0.05,1.229985523570472,3.777,0.47,4.35,G
V1143_Cyg-1,F5_V,7.641,5.89,0.47,0.1339,0.0013,0.1297,0.0052,4.31,0.03,3.821,0.013,0.53,0.06,1.3611312343313067,3.821,0.47,3.4749999999999996,F
V1143_Cyg-2,F5_V,7.641,5.89,0.47,0.1245,0.0013,0.1212,0.0053,4.32,0.04,3.818,0.015,0.5,0.07,1.3319870423131621,3.818,0.47,3.55,F
VZ_Cep-1,F3_V,1.183,9.72,0.47,0.1467,0.0046,0.1858,0.0034,4.213,0.008,3.824,0.01,0.634,0.041,1.4018450097984843,3.824,0.47,3.215,F
VZ_Cep-2,G4_V,1.183,9.72,0.47,0.0444,0.0033,0.0179,0.0163,4.446,0.033,3.757,0.009,0.026,0.05,1.1076434916697433,3.757,0.47,4.734999999999999,G
DM_Vir-1,F7_V,4.669,8.73,0.47,0.1626,0.0024,0.2463,0.0042,4.108,0.009,3.813,0.007,0.7,0.03,1.4541191703751761,3.813,0.47,3.05,F
DM_Vir-2,F7_V,4.669,8.73,0.47,0.1608,0.0024,0.2463,0.0042,4.106,0.009,3.813,0.007,0.7,0.03,1.4481048230513727,3.813,0.47,3.05,F
RZ_Cha-1,F5_V,2.832,8.1,0.47,0.1813,0.006,0.3549,0.0033,3.909,0.009,3.81,0.01,0.9,0.04,1.5180986707572135,3.81,0.47,2.55,F
RZ_Cha-2,F5_V,2.832,8.1,0.47,0.1787,0.0078,0.3549,0.0033,3.907,0.01,3.81,0.01,0.9,0.04,1.5090373879486434,3.81,0.47,2.55,F
V1022_Cas-1,F6_V,12.156,5.56,0.47,0.2111,0.0003,0.4099,0.0035,3.83,0.02,3.803,0.01,0.985,0.049,1.6259230952795536,3.803,0.47,2.3375,F
V1022_Cas-2,F6_V,12.156,5.56,0.47,0.206,0.0003,0.3883,0.0039,3.87,0.01,3.808,0.01,0.961,0.046,1.6069412530128773,3.808,0.47,2.3975,F
WW_Cam-1,A4_Vm,2.274,10.14,0.47,0.2833,0.0029,0.2813,0.0036,4.159,0.008,3.922,0.007,1.2,0.03,1.9199945679542882,3.922,0.47,1.7999999999999998,A
WW_Cam-2,A4_Vm,2.274,10.14,0.47,0.2725,0.0042,0.2572,0.0034,4.196,0.009,3.916,0.007,1.13,0.03,1.8728370830175487,3.916,0.47,1.975,A
V1200_Cen-1,F5_V,2.483,8.5,0.46,0.144,0.0056,0.1483,0.0043,4.2855,0.0082,3.819,0.004,0.525,0.013,1.3931568029453032,3.819,0.46,3.4875,F
V1200_Cen-2,none,2.483,8.5,0.46,-0.0638,0.0041,0.0622,0.0053,4.2496,0.0099,3.651,0.007,-0.319,0.025,0.863376055597438,3.651,0.46,5.5975,n
V570_Per-1,F3_V,1.901,8.09,0.46,0.161,0.0019,0.187,0.0099,4.225,0.02,3.835,0.003,0.669,0.023,1.4487718535447616,3.835,0.46,3.1274999999999995,F
V570_Per-2,F5_V,1.901,8.09,0.46,0.1302,0.002,0.13,0.0103,4.308,0.021,3.817,0.003,0.483,0.024,1.3495842460197804,3.817,0.46,3.5925,F
BW_Aqr-1,F7_V,6.72,10.3,0.45,0.1377,0.0057,0.2388,0.0022,4.0982,0.004,3.81,0.007,0.669,0.027,1.3730931481927746,3.81,0.45,3.1274999999999995,F
BW_Aqr-2,F7_V,6.72,10.3,0.45,0.167,0.0053,0.3161,0.0008,3.9731,0.0025,3.802,0.007,0.796,0.028,1.4689262776438667,3.802,0.45,2.8099999999999996,F
ASAS_J073507-0905.7-1,F5_V,1.446,9.32,0.45,0.162,0.0102,0.2135,0.0032,4.173,0.005,3.806,0.007,0.6,0.03,1.4521116175877422,3.806,0.45,3.3,F
ASAS_J073507-0905.7-2,none,1.446,9.32,0.45,-0.0926,0.007,-0.0867,0.0058,4.519,0.01,3.64,0.011,-0.66,0.05,0.807978863683088,3.64,0.45,6.45,n
KIC_10031808-1,none,8.59,9.56,0.45,0.2408,0.0022,0.4133,0.0034,3.852,0.006,3.852,0.007,1.185,0.027,1.7410049263526075,3.852,0.45,1.8374999999999995,n
KIC_10031808-2,none,8.59,9.56,0.45,0.2548,0.0031,0.481,0.002,3.731,0.004,3.835,0.007,1.254,0.027,1.7980426951774373,3.835,0.45,1.665,n
AP_And-1,F5_V,1.587,11.19,0.44,0.1062,0.0015,0.0911,0.0022,4.3623,0.0044,3.817,0.01,0.403,0.04,1.2770267659777512,3.817,0.44,3.7924999999999995,F
AP_And-2,F5_V,1.587,11.19,0.44,0.0973,0.0015,0.0775,0.0019,4.3805,0.0038,3.813,0.01,0.358,0.039,1.2511229769215944,3.813,0.44,3.905,F
AD_Boo-1,F6_V,2.069,9.38,0.44,0.1504,0.0028,0.2074,0.0038,4.173,0.008,3.818,0.008,0.64,0.03,1.4138391390945648,3.818,0.44,3.1999999999999997,F
AD_Boo-2,G0_V,2.069,9.38,0.44,0.0824,0.0022,0.0849,0.0036,4.351,0.007,3.789,0.008,0.28,0.04,1.2089267852133,3.789,0.44,4.1,G
V455_Aur-1,F5_V,3.146,7.28,0.43,0.1102,0.0021,0.1427,0.0034,4.2626,0.007,3.813,0.013,0.492,0.054,1.28884294916022,3.813,0.43,3.57,F
V455_Aur-2,F6_V,3.146,7.28,0.43,0.0905,0.0018,0.1199,0.0046,4.2887,0.0089,3.806,0.013,0.419,0.055,1.2316859857363551,3.806,0.43,3.7525,F
V2080_Cyg-1,F4_V,4.934,7.4,0.42,0.0759,0.0062,0.203,0.0022,4.108,0.003,3.778,0.005,0.474,0.022,1.1909677459951866,3.778,0.42,3.6149999999999998,F
V2080_Cyg-2,F4_V,4.934,7.4,0.42,0.0633,0.0064,0.2038,0.0022,4.093,0.003,3.777,0.005,0.472,0.022,1.1569111321315513,3.777,0.42,3.62,F
V505_Per-1,F5_V,4.222,6.88,0.42,0.1053,0.0012,0.112,0.0005,4.3194,0.001,3.814,0.003,0.434,0.013,1.2743830896889656,3.814,0.42,3.715,F
V505_Per-2,F5_V,4.222,6.88,0.42,0.0996,0.001,0.1016,0.0006,4.3343,0.001,3.81,0.013,0.399,0.013,1.2577664324512539,3.81,0.42,3.8024999999999998,F
HY_Vir-1,F0m,2.732,7.81,0.42,0.2643,0.0021,0.4481,0.0012,3.806,0.003,3.836,0.008,1.2,0.04,1.837807417364151,3.836,0.42,1.7999999999999998,F
HY_Vir-2,F5_V,2.732,7.81,0.42,0.1474,0.0019,0.1816,0.0023,4.222,0.004,3.816,0.008,0.58,0.04,1.4041063389204491,3.816,0.42,3.3499999999999996,F
VV_Crv-1,F5_IV,3.145,5.27,0.42,0.2962,0.0022,0.5283,0.0013,3.678,0.006,3.813,0.013,1.261,0.054,1.9778802779424012,3.813,0.42,1.6475,F
VV_Crv-2,F5_V,3.145,5.27,0.42,0.1798,0.0023,0.2175,0.0021,4.183,0.009,3.822,0.013,0.676,0.054,1.512864388192928,3.822,0.42,3.1099999999999994,F
HS_Hya-1,F5_V,1.568,8.12,0.41,0.0987,0.0027,0.1054,0.0025,4.3259,0.0056,3.8129,0.0033,0.415,0.014,1.2551626285350879,3.8129,0.41,3.7625,F
HS_Hya-2,F5_V,1.568,8.12,0.41,0.0859,0.0025,0.085,0.0025,4.3539,0.0057,3.8062,0.0034,0.347,0.015,1.2187089485092797,3.8062,0.41,3.9325,F
VZ_Hya-1,F5_V,2.904,8.95,0.41,0.1041,0.0021,0.1186,0.0017,4.305,0.005,3.809,0.01,0.48,0.04,1.270866699392819,3.809,0.41,3.5999999999999996,F
VZ_Hya-2,F6_V,2.904,8.95,0.41,0.0592,0.0027,0.0461,0.0027,4.405,0.006,3.799,0.01,0.24,0.04,1.1460405911366027,3.799,0.41,4.2,F
CPD_-54_810-1,none,26.132,10.45,0.41,0.1167,0.0017,0.2853,0.0007,3.9836,0.0012,3.81,0.003,0.766,0.011,1.3082778844452354,3.81,0.41,2.885,n
CPD_-54_810-2,none,26.132,10.45,0.41,0.0373,0.0014,0.0724,0.0014,4.3297,0.0026,3.801,0.003,0.305,0.012,1.0896825594561705,3.801,0.41,4.0375,n
V2154_Cyg-1,F3_V,2.631,7.83,0.4,0.1035,0.0058,0.1694,0.0035,4.2028,0.0089,3.831,0.01,0.616,0.039,1.2691121444451907,3.831,0.4,3.26,F
V2154_Cyg-2,K2_V,2.631,7.83,0.4,-0.1225,0.0034,-0.1407,0.0055,4.597,0.012,3.701,0.013,-0.523,0.039,0.7542233958475708,3.701,0.4,6.1075,K
HD_22064-1,F2_V,9.135,8.81,0.4,0.1287,0.01,0.1915,0.0039,4.184,0.006,3.83,0.003,0.658,0.006,1.3449309876881252,3.83,0.4,3.155,F
HD_22064-2,none,9.135,8.81,0.4,-0.2396,0.0075,-0.2255,0.0058,4.65,0.01,3.568,0.037,-1.176,0.012,0.5759701812546714,3.568,0.4,7.74,n
HIP_7666-1,A5,2.372,9.64,0.4,0.1847,0.0085,0.3181,0.0042,3.98,0.02,3.851,0.006,0.99,0.03,1.530030189143468,3.851,0.4,2.3249999999999997,A
HIP_7666-2,none,2.372,9.64,0.4,0.0899,0.0106,0.0253,0.0082,4.47,0.02,3.78,0.005,0.13,0.04,1.229985523570472,3.78,0.4,4.475,n
DS_And-1,F1_III,1.011,10.44,0.39,0.2284,0.0028,0.3395,0.0018,3.987,0.017,3.849,0.009,0.957,0.003,1.6919986025030052,3.849,0.39,2.4074999999999998,F
DS_And-2,G2_V,1.011,10.44,0.39,0.0734,0.0011,0.0792,0.0022,4.353,0.004,3.796,0.014,0.225,0.003,1.1841316792087604,3.796,0.39,4.2375,G
HD_71636-1,F2_V,5.013,7.89,0.38,0.1778,0.0006,0.1995,0.0066,4.22,0.01,3.842,0.009,0.721,0.036,1.5059134077254441,3.842,0.38,2.9974999999999996,F
HD_71636-2,F5_V,5.013,7.89,0.38,0.1079,0.0007,0.1186,0.0099,4.31,0.02,3.809,0.009,0.428,0.041,1.2820353491189516,3.809,0.38,3.7299999999999995,F
OT_And-1,A0_V,20.853,7.89,0.38,0.3528,0.0027,0.5006,0.0018,3.79,0.01,3.903,0.011,1.568,0.046,2.253201335629484,3.903,0.38,0.8799999999999999,A
OT_And-2,F5_V,20.853,7.89,0.38,0.3318,0.0022,0.4231,0.0025,3.92,0.01,3.911,0.011,1.447,0.047,2.146841589360741,3.911,0.38,1.1824999999999997,F
V1130_Tau-1,F2_V,0.799,6.56,0.36,0.1159,0.0027,0.1729,0.0029,4.208,0.006,3.822,0.005,0.59,0.02,1.3058701657935172,3.822,0.36,3.325,F
V1130_Tau-2,F2_V,0.799,6.56,0.36,0.1436,0.0025,0.2509,0.0027,4.08,0.006,3.821,0.005,0.74,0.02,1.3918742488392966,3.821,0.36,2.9499999999999997,F
ASAS_J090232-5653.4-1,none,20.822,10.63,0.36,0.1572,0.0048,0.1838,0.002,4.201,0.006,3.847,0.014,0.736,0.062,1.4361506529074772,3.847,0.36,2.96,n
ASAS_J090232-5653.4-2,none,20.822,10.63,0.36,0.1374,0.0057,0.1436,0.0022,4.244,0.007,3.825,0.015,0.585,0.065,1.3721449765730573,3.825,0.36,3.3375,n
ZZ_Boo-1,F3_V,4.992,6.78,0.36,0.1923,0.0022,0.3144,0.0012,4.0016,0.0019,3.827,0.006,0.893,0.026,1.5570408259018376,3.827,0.36,2.5675,F
ZZ_Boo-2,F3_V,4.992,6.78,0.36,0.2038,0.0033,0.3434,0.0012,3.955,0.0023,3.825,0.006,0.943,0.026,1.5988215745080956,3.825,0.36,2.4425,F
AY_Cam-1,none,2.735,9.9,0.36,0.279,0.0091,0.4426,0.0031,3.832,0.015,3.86,0.015,1.28,0.006,1.9010782799233001,3.86,0.36,1.5999999999999996,n
AY_Cam-2,none,2.735,9.9,0.36,0.2317,0.0092,0.3064,0.0032,4.057,0.016,3.869,0.02,1.042,0.006,1.704904275992887,3.869,0.36,2.195,n
AI_Hya-1,F2_m,8.29,9.36,0.36,0.29,0.0074,0.44,0.0024,3.848,0.003,3.886,0.006,1.381,0.034,1.9498445997580451,3.886,0.36,1.3474999999999997,F
AI_Hya-2,F0_V,8.29,9.36,0.36,0.3214,0.0073,0.5869,0.0024,3.586,0.003,3.856,0.014,1.554,0.035,2.0960420931948778,3.856,0.36,0.9149999999999996,F
EI_Cep-1,F3_IV,8.439,7.61,0.33,0.2485,0.0017,0.4618,0.0072,3.763,0.014,3.829,0.007,1.193,0.03,1.7721480451351173,3.829,0.33,1.8175,F
EI_Cep-2,F1_V,8.439,7.61,0.33,0.2253,0.0016,0.3672,0.0082,3.929,0.016,3.842,0.006,1.055,0.03,1.6799640954848132,3.842,0.33,2.1625,F
V442_Cyg-1,F1_V,2.386,9.72,0.32,0.1942,0.0067,0.3164,0.0071,3.999,0.016,3.839,0.006,0.94,0.03,1.5638676645114105,3.839,0.32,2.45,F
V442_Cyg-2,F2_V,2.386,9.72,0.32,0.1492,0.0071,0.2206,0.0086,4.146,0.019,3.833,0.006,0.72,0.03,1.4099379493587232,3.833,0.32,3.0,F
PV_Pup-1,A8_V,1.661,6.89,0.32,0.1945,0.0031,0.1881,0.0051,4.257,0.01,3.84,0.019,0.69,0.08,1.5649483192248699,3.84,0.32,3.075,A
PV_Pup-2,A8_V,1.661,6.89,0.32,0.1915,0.0036,0.1758,0.0052,4.278,0.011,3.841,0.019,0.67,0.08,1.554175290771585,3.841,0.32,3.125,A
BT_Vul-1,F0_V,1.141,11.69,0.31,0.1886,0.0028,0.1864,0.0051,4.254,0.011,3.862,0.009,0.772,0.038,1.5438318628248198,3.862,0.31,2.8699999999999997,F
BT_Vul-2,F7_V,1.141,11.69,0.31,0.0862,0.0028,0.0611,0.0109,4.403,0.022,3.797,0.012,0.26,0.055,1.2195510936596836,3.797,0.31,4.1499999999999995,F
EPIC_211982753-1,none,5.39,8.77,0.3,0.2279,0.0051,0.2201,0.0052,4.226,0.01,3.87,0.015,0.875,0.01,1.6900517380435738,3.87,0.3,2.6125,n
EPIC_211982753-2,none,5.39,8.77,0.3,0.2014,0.0055,0.1847,0.0057,4.27,0.011,3.844,0.016,0.703,0.013,1.5900105282148647,3.844,0.3,3.0425,n
MY_Cyg-1,F0_Vm,4.005,8.31,0.3,0.2601,0.0072,0.3464,0.0039,4.01,0.01,3.851,0.012,1.05,0.04,1.8201199084601032,3.851,0.3,2.175,F
MY_Cyg-2,F0_Vm,4.005,8.31,0.3,0.2553,0.0072,0.3579,0.0038,3.98,0.01,3.847,0.012,1.06,0.05,1.800113960418011,3.847,0.3,2.1499999999999995,F
TV_Nor-1,none,8.524,9.0,0.3,0.3124,0.0047,0.2646,0.0028,4.221,0.01,3.96,0.007,1.325,0.034,2.0530522392794692,3.96,0.3,1.4874999999999998,n
TV_Nor-2,none,8.524,9.0,0.3,0.2214,0.0047,0.1903,0.0039,4.278,0.012,3.892,0.006,0.902,0.035,1.664945415795275,3.892,0.3,2.545,n
MU_Cas-1,B5_V,9.653,10.8,0.3,0.6599,0.0086,0.5647,0.0047,3.969,0.01,4.179,0.014,2.8,0.06,4.569829532859611,4.179,0.3,-2.2,B
MU_Cas-2,B5_V,9.653,10.8,0.3,0.6684,0.0093,0.6222,0.0052,3.861,0.01,4.169,0.014,2.88,0.06,4.660151117021841,4.169,0.3,-2.3999999999999995,B
AH_Cep-1,B0.5_V,1.775,6.81,0.3,1.2079,0.007,0.8136,0.0067,4.019,0.012,4.487,0.008,4.53,0.03,16.13986879824255,4.487,0.3,-6.525000000000001,B
AH_Cep-2,B0.5_V,1.775,6.81,0.3,1.1364,0.0067,0.7513,0.0085,4.073,0.018,4.459,0.008,4.3,0.04,13.689891307007354,4.459,0.3,-5.95,B
XY_Cet-1,A8_Vm,2.781,8.8,0.29,0.2487,0.0039,0.2725,0.0081,4.142,0.016,3.896,0.006,1.082,0.03,1.7729643374131954,3.896,0.29,2.0949999999999998,A
XY_Cet-2,F0_Vm,2.781,8.8,0.29,0.2082,0.0038,0.2487,0.0071,4.149,0.014,3.882,0.007,0.978,0.032,1.6151021676255977,3.882,0.29,2.355,F
EY_Cep-1,F0_V,7.971,9.8,0.27,0.1827,0.0023,0.1652,0.0024,4.29,0.006,3.851,0.01,0.69,0.04,1.5230003389847895,3.851,0.27,3.075,F
EY_Cep-2,F0_V,7.971,9.8,0.27,0.1755,0.0041,0.1667,0.003,4.28,0.006,3.843,0.01,0.66,0.04,1.497959253044877,3.843,0.27,3.1499999999999995,F
V2365_Oph-1,A1_V,4.866,8.86,0.26,0.2934,0.0038,0.3404,0.0018,4.051,0.003,3.978,0.009,1.544,0.05,1.9651694314969124,3.978,0.26,0.9399999999999995,A
V2365_Oph-2,none,4.866,8.86,0.26,0.0237,0.0041,-0.0297,0.0019,4.521,0.004,3.806,0.014,0.121,0.01,1.0560877376240356,3.806,0.26,4.4975,n
V788_Cen-1,A7_IV,4.966,5.74,0.25,0.2927,0.0015,0.4366,0.0016,3.858,0.004,3.893,0.006,1.401,0.024,1.9620045039256462,3.893,0.25,1.2974999999999999,A
V788_Cen-2,A9_V,4.966,5.74,0.25,0.1893,0.001,0.2154,0.0029,4.197,0.009,3.87,0.007,0.864,0.029,1.5463222322497001,3.87,0.25,2.6399999999999997,A
RR_Lyn-1,A6_IVm,9.945,5.54,0.22,0.2877,0.0015,0.4089,0.0032,3.9078,0.0063,3.89,0.012,1.334,0.035,1.9395456240865496,3.89,0.22,1.4649999999999999,A
RR_Lyn-2,F0_Vm:,9.945,5.54,0.22,0.179,0.0009,0.2076,0.0035,4.2017,0.0071,3.856,0.012,0.795,0.049,1.5100801541641484,3.856,0.22,2.8125,F
SZ_Cen-1,A7_V,4.108,8.48,0.22,0.3649,0.0049,0.6584,0.0031,3.486,0.008,3.875,0.017,1.77,0.07,2.316861111559155,3.875,0.22,0.375,A
SZ_Cen-2,A7_V,4.108,8.48,0.22,0.3574,0.004,0.5592,0.0031,3.677,0.007,3.892,0.017,1.64,0.07,2.2771938382268644,3.892,0.22,0.7000000000000002,A
V506_Oph-1,F1_V,1.06,11.41,0.21,0.1508,0.0031,0.2368,0.0025,4.1155,0.0061,3.835,0.01,0.766,0.039,1.4151419329314294,3.835,0.21,2.885,F
V506_Oph-2,F1_V,1.06,11.41,0.21,0.1467,0.0028,0.2284,0.0031,4.1284,0.0067,3.831,0.007,0.734,0.028,1.4018450097984843,3.831,0.21,2.965,F
RS_Cha-1,A8_V,1.67,6.03,0.2,0.269,0.0037,0.3298,0.0112,4.047,0.023,3.906,0.01,1.24,0.05,1.8578044550916986,3.906,0.2,1.6999999999999997,A
RS_Cha-2,A8_V,1.67,6.03,0.2,0.2603,0.0043,0.3688,0.0102,3.961,0.021,3.886,0.01,1.24,0.05,1.8209582976852758,3.886,0.2,1.6999999999999997,A
V459_Cas-1,A1_m,8.458,10.37,0.2,0.3054,0.0065,0.303,0.0028,4.136,0.006,3.961,0.014,1.41,0.05,2.0202262041587624,3.961,0.2,1.275,A
V459_Cas-2,A1_m,8.458,10.37,0.2,0.2923,0.0066,0.2934,0.0029,4.144,0.006,3.959,0.014,1.38,0.06,1.960198262928801,3.959,0.2,1.35,A
HW_CMa-1,A7_Vm,21.118,10.0,0.19,0.2358,0.0028,0.2156,0.0048,4.242,0.01,3.879,0.009,0.898,0.036,1.721075807758846,3.879,0.19,2.5549999999999997,A
HW_CMa-2,A7_Vm,21.118,10.0,0.19,0.2507,0.0029,0.2206,0.0055,4.247,0.011,3.886,0.008,0.94,0.035,1.7811479689657683,3.886,0.19,2.45,A
V889_Aql-1,B9.5_V,11.121,8.58,0.19,0.3365,0.004,0.2718,0.0093,4.23,0.02,3.964,0.005,1.354,0.027,2.1702012035683533,3.964,0.19,1.4149999999999996,B
V889_Aql-2,B9.5_V,11.121,8.58,0.19,0.3284,0.0041,0.2672,0.0094,4.23,0.02,3.958,0.005,1.32,0.029,2.130100037411251,3.958,0.19,1.4999999999999996,B
GW_Eri-1,A4_Vm,3.659,5.8,0.18,0.2537,0.0014,0.262,0.0038,4.168,0.007,3.923,0.004,1.149,0.018,1.7934942968627026,3.923,0.18,1.9274999999999998,A
GW_Eri-2,A4_Vm,3.659,5.8,0.18,0.2496,0.0013,0.2543,0.0036,4.179,0.007,3.913,0.004,1.114,0.02,1.7766423082036156,3.913,0.18,2.0149999999999997,A
V362_Pav-1,A4_V,2.748,7.4,0.18,0.2869,0.004,0.3411,0.0018,4.043,0.004,3.914,0.004,1.292,0.016,1.9359761376414342,3.914,0.18,1.5699999999999998,A
V362_Pav-2,K,2.748,7.4,0.18,-0.0571,0.0025,-0.0743,0.0029,4.53,0.006,3.695,0.018,-0.409,0.067,0.8767989074889645,3.695,0.18,5.8225,K
V364_Lac-1,A7_m,7.352,8.36,0.18,0.3679,0.0028,0.5194,0.005,3.767,0.01,3.917,0.008,1.657,0.033,2.332920825560106,3.917,0.18,0.6574999999999998,A
V364_Lac-2,A7_m,7.352,8.36,0.18,0.361,0.0047,0.4749,0.0051,3.849,0.011,3.929,0.008,1.62,0.032,2.296148648112362,3.929,0.18,0.7499999999999991,A
V1031_Ori-1,A3_V,3.406,6.02,0.18,0.3932,0.0032,0.6356,0.0034,3.56,0.008,3.895,0.028,1.8,0.11,2.4728626781870213,3.895,0.18,0.2999999999999998,A
V1031_Ori-2,A6_V,3.406,6.02,0.18,0.3591,0.003,0.4738,0.0093,3.85,0.019,3.924,0.026,1.6,0.11,2.286125142543462,3.924,0.18,0.7999999999999998,A
V453_Cyg-1,B0.4_IV,3.89,8.29,0.18,1.1449,0.0072,0.9378,0.0028,3.708,0.004,4.459,0.008,4.666,0.031,13.96046872372861,4.459,0.18,-6.865000000000001,B
V453_Cyg-2,B0.7_IV,3.89,8.29,0.18,1.0453,0.007,0.7202,0.0046,4.044,0.009,4.442,0.009,4.163,0.039,11.099412707748233,4.442,0.18,-5.607500000000001,B
KW_Hya-1,A5_Vm,7.75,6.11,0.17,0.2956,0.0062,0.3272,0.0031,4.079,0.013,3.903,0.011,1.221,0.044,1.9751496220607587,3.903,0.17,1.7474999999999996,A
KW_Hya-2,F0_V,7.75,6.11,0.17,0.1723,0.0038,0.1581,0.0066,4.27,0.01,3.843,0.013,0.64,0.054,1.4869624448689482,3.843,0.17,3.1999999999999997,F
EG_Ser-1,A2_V,9.947,9.24,0.17,0.3424,0.0099,0.2458,0.0032,4.29,0.01,3.944,0.01,1.22,0.03,2.199885109049249,3.944,0.17,1.75,A
EG_Ser-2,A4_V,9.947,9.24,0.17,0.2989,0.0109,0.2133,0.0035,4.31,0.01,3.92,0.01,1.06,0.046,1.9902150222793353,3.92,0.17,2.1499999999999995,A
PV_Cas-1,B9.5_V,1.75,9.74,0.17,0.4409,0.0094,0.3533,0.0031,4.17,0.02,4.008,0.01,1.69,0.04,2.7599422828542637,4.008,0.17,0.5750000000000002,B
PV_Cas-2,B9.5_V,1.75,9.74,0.17,0.4487,0.0077,0.3612,0.004,4.17,0.02,4.008,0.01,1.71,0.04,2.8099591088425018,4.008,0.17,0.5249999999999995,B
V578_Mon-1,B0_V,2.408,8.54,0.17,1.1626,0.0024,0.7332,0.0032,4.133,0.018,4.477,0.007,4.33,0.03,14.541191703751764,4.477,0.17,-6.0249999999999995,B
V578_Mon-2,B1:_V,2.408,8.54,0.17,1.0124,0.0025,0.6325,0.0051,4.185,0.021,4.411,0.007,3.86,0.03,10.289635722967539,4.411,0.17,-4.8500000000000005,B
GL_Car-1,B0.5_V,2.422,9.7,0.17,1.2003,0.0085,0.7195,0.004,4.199,0.007,4.491,0.007,4.357,0.029,15.859883761122811,4.491,0.17,-6.0925,B
GL_Car-2,B1_V,2.422,9.7,0.17,1.1746,0.0087,0.6962,0.0045,4.22,0.008,4.483,0.007,4.278,0.03,14.948582065638277,4.483,0.17,-5.894999999999999,B
V885_Cyg-1,A3_m,1.695,10.03,0.15,0.3021,0.0063,0.3701,0.0022,4.0,0.007,3.923,0.008,1.38,0.03,2.0049336272477256,3.923,0.15,1.35,A
V885_Cyg-2,A4_m,1.695,10.03,0.15,0.3491,0.0051,0.5296,0.0033,3.728,0.008,3.911,0.008,1.66,0.03,2.23408658105638,3.911,0.15,0.6500000000000004,A
WW_Aur-1,A4_Vm,2.525,5.87,0.14,0.2931,0.0015,0.2849,0.0025,4.162,0.007,3.901,0.024,1.129,0.092,1.9638124092982845,3.901,0.14,1.9775,A
WW_Aur-2,A5_Vm,2.525,5.87,0.14,0.2586,0.0017,0.2651,0.0026,4.167,0.007,3.885,0.024,1.023,0.093,1.81384428087062,3.885,0.14,2.2425,A
V335_Ser-1,A1_V,3.45,7.49,0.14,0.3318,0.0028,0.3075,0.0064,4.155,0.011,3.955,0.007,1.39,0.03,2.146841589360741,3.955,0.14,1.3250000000000002,A
V335_Ser-2,A3_V,3.45,7.49,0.14,0.2801,0.0018,0.238,0.01,4.241,0.017,3.93,0.008,1.15,0.04,1.9058995170243642,3.93,0.14,1.9249999999999998,A
V624_Her-1,A3_Vm,3.895,6.2,0.14,0.3583,0.0029,0.4814,0.0049,3.834,0.01,3.911,0.008,1.56,0.03,2.2819178206806474,3.911,0.14,0.8999999999999995,A
V624_Her-2,A7_V,3.895,6.2,0.14,0.2744,0.003,0.3442,0.0067,4.024,0.014,3.9,0.008,1.24,0.04,1.8810485289187044,3.9,0.14,1.6999999999999997,A
SW_CMa-1,A4_m,10.092,9.72,0.13,0.3501,0.0027,0.4791,0.0029,3.8298,0.0065,3.914,0.008,1.566,0.032,2.239236682512356,3.914,0.13,0.8849999999999998,A
SW_CMa-2,A5_m,10.092,9.72,0.13,0.323,0.0037,0.3971,0.0073,3.967,0.015,3.908,0.008,1.38,0.035,2.1037784397664754,3.908,0.13,1.35,A
WX_Cep-1,A2_V,3.378,9.03,0.11,0.4047,0.0086,0.6014,0.0033,3.64,0.011,3.911,0.012,1.8,0.05,2.539218069886714,3.911,0.11,0.2999999999999998,A
WX_Cep-2,A5_V,3.378,9.03,0.11,0.3672,0.0084,0.4331,0.0037,3.939,0.011,3.949,0.012,1.62,0.05,2.3291636302139667,3.949,0.11,0.7499999999999991,A
V573_Car-1,O9.5V_(n),1.469,9.52,0.11,1.1793,0.0037,0.7347,0.0034,4.148,0.007,4.504,0.005,4.439,0.023,15.111236409458826,4.504,0.11,-6.2975,O
V573_Car-2,B0.5V_(n),1.469,9.52,0.11,1.0924,0.0035,0.6559,0.0047,4.218,0.009,4.458,0.005,4.098,0.023,12.370863074892704,4.458,0.11,-5.444999999999999,B
FT_Ori-1,A0_Vm,3.15,9.26,0.1,0.3389,0.0044,0.2695,0.003,4.237,0.006,3.982,0.018,1.486,0.023,2.1822273775659142,3.982,0.1,1.085,A
FT_Ori-2,A2_Vm,3.15,9.26,0.1,0.2512,0.0049,0.2084,0.0035,4.272,0.007,3.935,0.015,1.179,0.025,1.7831997722329167,3.935,0.1,1.8524999999999996,A
EE_Peg-1,A3_m,2.628,6.97,0.08,0.3326,0.0048,0.3201,0.0052,4.131,0.01,3.94,0.01,1.352,0.041,2.150799862298118,3.94,0.08,1.4199999999999995,A
EE_Peg-2,F5_V,2.628,6.97,0.08,0.1245,0.0036,0.1179,0.0043,4.327,0.008,3.81,0.02,0.427,0.082,1.3319870423131621,3.81,0.08,3.7325,F
V1229_Tau-1,A0_V,2.46,6.84,0.08,0.3566,0.0021,0.255,0.0046,4.285,0.009,4.009,0.004,1.499,0.018,2.2730029532909763,4.009,0.08,1.0524999999999993,A
V1229_Tau-2,A_Vm,2.46,6.84,0.08,0.2028,0.0022,0.1492,0.0065,4.342,0.013,3.885,0.005,0.792,0.023,1.595144386927602,3.885,0.08,2.82,A
DW_Car-1,B1_V,1.328,9.68,0.07,1.0546,0.0046,0.6588,0.0043,4.175,0.008,4.446,0.016,4.055,0.063,11.339659133476628,4.446,0.07,-5.3374999999999995,B
DW_Car-2,B1_V,1.328,9.68,0.07,1.0265,0.0057,0.6332,0.0056,4.198,0.011,4.423,0.016,3.915,0.067,10.629185832756889,4.423,0.07,-4.9875,B
GZ_CMa-1,A3_Vm,4.801,7.98,0.06,0.3436,0.0037,0.3965,0.0056,3.989,0.012,3.945,0.017,1.53,0.07,2.205972021747327,3.945,0.06,0.9749999999999996,A
GZ_CMa-2,A4:_V,4.801,7.98,0.06,0.3021,0.0039,0.3286,0.0075,4.083,0.016,3.931,0.017,1.33,0.07,2.0049336272477256,3.931,0.06,1.4749999999999996,A
V396_Cas-1,A1_V,5.505,9.56,0.06,0.3798,0.004,0.4136,0.0022,3.99,0.004,3.965,0.007,1.642,0.028,2.3977284699638193,3.965,0.06,0.6950000000000003,A
V396_Cas-2,A3_V,5.505,9.56,0.06,0.279,0.0037,0.2502,0.0024,4.216,0.005,3.932,0.006,1.183,0.024,1.9010782799233001,3.932,0.06,1.8424999999999998,A
V3903_Sgr-1,O7V(n),1.744,7.27,0.06,1.4357,0.0088,0.9078,0.0046,4.058,0.016,4.58,0.021,5.087,0.029,27.270933226839016,4.58,0.06,-7.9174999999999995,O
V3903_Sgr-2,B0:V:,1.744,7.27,0.06,1.279,0.0101,0.7871,0.0043,4.143,0.013,4.531,0.021,4.658,0.032,19.010782799232995,4.531,0.06,-6.8450000000000015,B
PT_Vel-1,A0_V,1.802,7.03,0.05,0.342,0.0032,0.321,0.0041,4.138,0.008,3.966,0.007,1.461,0.038,2.197859872784825,3.966,0.05,1.1474999999999995,A
PT_Vel-2,A8_V,1.802,7.03,0.05,0.2111,0.0024,0.1928,0.0056,4.263,0.011,3.883,0.01,0.875,0.025,1.6259230952795536,3.883,0.05,2.6125,A
EK_Cep-1,A2_V,4.428,7.87,0.04,0.3073,0.0049,0.1984,0.0019,4.349,0.01,3.954,0.01,1.17,0.04,2.0290838770092052,3.954,0.04,1.875,A
EK_Cep-2,G5_Vp,4.428,7.87,0.04,0.0508,0.0046,0.1189,0.002,4.251,0.006,3.756,0.015,0.21,0.06,1.12408719346973,3.756,0.04,4.2749999999999995,G
beta_Aur-1,A1_Vm,3.96,1.89,0.04,0.3758,0.0049,0.4412,0.0027,3.932,0.005,3.971,0.009,1.721,0.038,2.3757459632190105,3.971,0.04,0.4974999999999996,A
beta_Aur-2,A1_Vm,3.96,1.89,0.04,0.36,0.0051,0.4096,0.0029,3.979,0.005,3.964,0.009,1.63,0.038,2.290867652767773,3.964,0.04,0.7250000000000005,A
AR_Aur-1,B9_V,4.135,6.17,0.04,0.4055,0.0015,0.255,0.0031,4.333,0.008,4.039,0.012,1.61,0.05,2.543899793129799,4.039,0.04,0.7749999999999995,B
AR_Aur-2,B9_V,4.135,6.17,0.04,0.3725,0.0015,0.2634,0.0045,4.284,0.01,4.015,0.013,1.53,0.05,2.357762195961254,4.015,0.04,0.9749999999999996,B
alpha_Dra-1,A0_III,51.417,3.68,0.04,0.5032,0.006,0.693,0.0032,3.555,0.006,4.01,0.004,2.38,0.018,3.1856642365731127,4.01,0.04,-1.1499999999999995,A
alpha_Dra-2,none,51.417,3.68,0.04,0.3858,0.0034,0.3666,0.0097,4.09,0.019,3.997,0.014,1.667,0.059,2.431084195601304,3.997,0.04,0.6324999999999994,n
YZ_Cas-1,A1_Vm,4.467,5.64,0.03,0.3547,0.0023,0.4023,0.0019,3.988,0.004,3.979,0.005,1.672,0.022,2.2630804869126924,3.979,0.03,0.6200000000000001,A
YZ_Cas-2,F2_V,4.467,5.64,0.03,0.1222,0.0023,0.1242,0.002,4.311,0.004,3.838,0.015,0.552,0.061,1.324951557462096,3.838,0.03,3.42,F
psi_Cen-1,A0_IV,38.813,4.05,0.03,0.5034,0.0042,0.5814,0.0008,3.779,0.003,4.019,0.012,2.147,0.05,3.1871316270228003,4.019,0.03,-0.5674999999999999,A
psi_Cen-2,none,38.813,4.05,0.03,0.2925,0.0033,0.2778,0.0009,4.175,0.004,3.944,0.015,1.244,0.059,1.9611011754760475,3.944,0.03,1.69,n
HD_96609-1,B9,8.192,8.61,0.02,0.4249,0.0033,0.4378,0.001,3.987,0.001,3.985,0.011,1.76,0.04,2.660112475741937,3.985,0.02,0.39999999999999947,B
HD_96609-2,none,8.192,8.61,0.02,0.2648,0.0024,0.2297,0.0013,4.243,0.002,3.952,0.012,1.22,0.04,1.8399244897966713,3.952,0.02,1.75,n
V596_Pup-1,A1_V,4.596,6.58,0.0,0.3224,0.0045,0.3359,0.004,4.089,0.009,3.978,0.009,1.54,0.04,2.100873969240991,3.978,0.0,0.9499999999999997,A
V596_Pup-2,A1_V,4.596,6.58,0.0,0.322,0.0039,0.3359,0.004,4.088,0.009,3.978,0.009,1.54,0.04,2.0989398836235242,3.978,0.0,0.9499999999999997,A
V467_Vel-1,O6_Vf,2.753,10.9,0.0,1.4031,0.012,0.9996,0.0039,3.842,0.016,4.559,0.031,5.187,0.126,25.298804558879283,4.559,0.0,-8.1675,O
V467_Vel-2,B1_V,2.753,10.9,0.0,0.9165,0.009,0.5428,0.0037,4.268,0.017,4.402,0.046,3.649,0.11,8.250874854788075,4.402,0.0,-4.322500000000001,B
V1647_Sgr-1,A1_V,3.283,6.94,-0.01,0.3402,0.0073,0.2627,0.0043,4.253,0.012,3.982,0.014,1.41,0.05,2.1887693574314184,3.982,-0.01,1.275,A
V1647_Sgr-2,A1_V,3.283,6.94,-0.01,0.2949,0.0073,0.2217,0.0044,4.289,0.012,3.959,0.014,1.23,0.06,1.9719686212798366,3.959,-0.01,1.7249999999999996,A
V906_Sco-1,B9_V,2.786,5.96,-0.01,0.5123,0.0092,0.5459,0.0048,3.858,0.013,4.029,0.02,2.162,0.082,3.253119373138487,4.029,-0.01,-0.6049999999999995,B
V906_Sco-2,B9_V,2.786,5.96,-0.01,0.5287,0.0091,0.6552,0.0034,3.656,0.012,4.017,0.021,2.33,0.084,3.3783138992905797,4.017,-0.01,-1.0250000000000004,B
OGLE-LMC-ECL-22270-1,none,5.414,14.03,-0.02,1.1209,0.0026,0.9284,0.0051,3.702,0.01,4.417,0.027,4.478,0.01,13.209914296476894,4.417,-0.02,-6.3950000000000005,n
OGLE-LMC-ECL-22270-2,none,5.414,14.03,-0.02,1.1596,0.0042,1.1123,0.0017,3.374,0.003,4.376,0.024,4.681,0.003,14.441090844161215,4.376,-0.02,-6.902500000000001,n
V402_Lac-1,B8_V,3.782,6.73,-0.04,0.4472,0.0078,0.3766,0.0055,4.132,0.013,4.054,0.01,1.93,0.04,2.8002705950106352,4.054,-0.04,-0.025000000000000355,B
V402_Lac-2,B8_V,3.782,6.73,-0.04,0.444,0.0078,0.3729,0.0055,4.136,0.014,4.052,0.009,1.91,0.04,2.7797132677592886,4.052,-0.04,0.025000000000000355,B
V541_Cyg-1,B9.5_V,15.338,10.44,-0.06,0.3683,0.0028,0.2693,0.0026,4.2675,0.0051,4.027,0.008,1.601,0.033,2.335070514863077,4.027,-0.06,0.7975000000000003,B
V541_Cyg-2,B9.5_V,15.338,10.44,-0.06,0.3541,0.0029,0.2572,0.0034,4.277,0.0064,4.015,0.008,1.528,0.035,2.2599560844343753,4.015,-0.06,0.9799999999999995,B
TZ_Men-1,A0_V,8.57,6.19,-0.06,0.3957,0.0044,0.3045,0.0043,4.225,0.011,4.017,0.017,1.63,0.07,2.487138670222842,4.017,-0.06,0.7250000000000005,A
TZ_Men-2,A8_V,8.57,6.19,-0.06,0.1772,0.0029,0.1559,0.0045,4.303,0.009,3.857,0.018,0.69,0.07,1.5038343479613578,3.857,-0.06,3.075,A
V1388_Ori-1,B2.5_IV,2.187,7.5,-0.06,0.8596,0.0047,0.7244,0.0061,3.849,0.012,4.279,0.023,3.65,0.044,7.23769037074529,4.279,-0.06,-4.325,B
V1388_Ori-2,B3_V,2.187,7.5,-0.06,0.7014,0.0033,0.4975,0.0077,4.144,0.015,4.23,0.025,3.018,0.049,5.028054772806391,4.23,-0.06,-2.745,B
V380_Cyg-1,B1.5_III,12.426,5.68,-0.06,1.058,0.0072,1.1962,0.0036,3.104,0.006,4.336,0.006,4.691,0.041,11.428783347897719,4.336,-0.06,-6.927499999999999,B
V380_Cyg-2,B2_V,12.426,5.68,-0.06,0.8451,0.0087,0.5819,0.0055,4.12,0.011,4.356,0.023,3.626,0.038,7.000031591308969,4.356,-0.06,-4.265,B
V346_Cen-1,B0_IV,6.322,8.51,-0.06,1.0697,0.0044,0.9179,0.0041,3.672,0.008,4.417,0.005,4.457,0.022,11.740862447096774,4.417,-0.06,-6.3425,B
V346_Cen-2,B1_V,6.322,8.51,-0.06,0.9222,0.0046,0.6152,0.0076,4.13,0.015,4.352,0.006,3.594,0.028,8.359879162611804,4.352,-0.06,-4.185,B
delta_Cir-1,O7_IV((f)),3.902,5.09,-0.06,1.301,0.0109,0.9664,0.0043,3.806,0.007,4.574,0.01,5.184,0.07,19.998618696327437,4.574,-0.06,-8.16,O
delta_Cir-2,B,3.902,5.09,-0.06,1.0573,0.0091,0.7264,0.0074,4.043,0.014,4.519,0.013,4.339,0.09,11.410377163197275,4.519,-0.06,-6.0475,B
V451_Oph-1,B9_V,2.197,7.87,-0.08,0.4434,0.0099,0.4216,0.0051,4.038,0.015,4.033,0.032,1.93,0.13,2.7758756035343426,4.033,-0.08,-0.025000000000000355,B
V451_Oph-2,A0_V,2.197,7.87,-0.08,0.3722,0.0096,0.3071,0.006,4.196,0.015,3.991,0.022,1.53,0.09,2.356134073933848,3.991,-0.08,0.9749999999999996,A
chi2_Hya-1,B8_V,2.268,5.65,-0.09,0.5579,0.0095,0.6419,0.0039,3.712,0.015,4.066,0.01,2.5,0.04,3.613266545234518,4.066,-0.09,-1.4500000000000002,B
chi2_Hya-2,B8_V,2.268,5.65,-0.09,0.4213,0.0082,0.3355,0.0086,4.188,0.019,4.041,0.01,1.79,0.04,2.6381531281652113,4.041,-0.09,0.3250000000000002,B
IQ_Per-1,B8_V,1.744,7.73,-0.11,0.5467,0.0083,0.3885,0.0046,4.208,0.019,4.09,0.008,2.09,0.03,3.5212754591922266,4.09,-0.11,-0.4249999999999998,B
IQ_Per-2,A6_V,1.744,7.73,-0.11,0.2398,0.0078,0.177,0.0049,4.323,0.013,3.885,0.008,0.85,0.04,1.7370007261373763,3.885,-0.11,2.675,A
zeta_Phe-1,B6_V,1.67,3.95,-0.15,0.592,0.0063,0.4526,0.0029,4.125,0.005,4.158,0.024,2.49,0.1,3.90840895792402,4.158,-0.15,-1.4250000000000007,B
zeta_Phe-2,B8_V,1.67,3.95,-0.15,0.4041,0.0053,0.2753,0.0025,4.292,0.004,4.079,0.022,1.82,0.09,2.5357124326473754,4.079,-0.15,0.25,B
GG_Lup-1,B7_V,1.85,5.59,-0.16,0.6145,0.0042,0.3764,0.0046,4.301,0.011,4.169,0.013,2.38,0.05,4.116233473027652,4.169,-0.16,-1.1499999999999995,B
GG_Lup-2,B9_V,1.85,5.59,-0.16,0.3995,0.0042,0.2368,0.0048,4.364,0.01,4.041,0.024,1.59,0.1,2.5089961794654005,4.041,-0.16,0.8249999999999997,B
V760_Sco-1,B4_V,1.731,6.99,-0.17,0.6972,0.0078,0.479,0.0095,4.177,0.021,4.228,0.013,2.82,0.05,4.9796635416448565,4.228,-0.17,-2.25,B
V760_Sco-2,B4_V,1.731,6.99,-0.17,0.6646,0.0069,0.4216,0.0087,4.259,0.019,4.21,0.013,2.63,0.06,4.619553487999653,4.21,-0.17,-1.7749999999999995,B
DI_Her-1,B5_V,10.55,8.42,-0.18,0.7147,0.009,0.4281,0.0075,4.297,0.018,4.23,0.02,2.73,0.08,5.184417883078229,4.23,-0.18,-2.0250000000000004,B
DI_Her-2,B5_V,10.55,8.42,-0.18,0.6565,0.0063,0.3939,0.0079,4.307,0.017,4.179,0.02,2.46,0.08,4.5341929777901395,4.179,-0.18,-1.3500000000000005,B
V436_Per-1,B1.5_V,25.936,5.52,-0.18,0.8376,0.0023,0.5334,0.0059,4.209,0.012,4.332,0.02,3.351,0.081,6.880183161430382,4.332,-0.18,-3.5774999999999997,B
V436_Per-2,B1.5_V,25.936,5.52,-0.18,0.8662,0.0023,0.5735,0.0031,4.157,0.006,4.342,0.02,3.471,0.079,7.3485220219210925,4.342,-0.18,-3.8775000000000004,B
CV_Vel-1,B2.5_V,6.889,6.69,-0.19,0.783,0.0008,0.6107,0.0032,4.0,0.008,4.255,0.012,3.204,0.048,6.0673632958850545,4.255,-0.19,-3.21,B
CV_Vel-2,B2.5_V,6.889,6.69,-0.19,0.7747,0.0008,0.5955,0.0033,4.021,0.008,4.25,0.012,3.137,0.048,5.952508167809472,4.25,-0.19,-3.0425000000000004,B
V539_Ara-1,B3_V,3.169,5.71,-0.19,0.7951,0.0046,0.6581,0.0018,3.917,0.003,4.258,0.012,3.302,0.048,6.238784722719974,4.258,-0.19,-3.455000000000001,B
V539_Ara-2,B4_V,3.169,5.71,-0.19,0.7253,0.0049,0.5533,0.0043,4.057,0.008,4.233,0.013,2.993,0.052,5.312512929036602,4.233,-0.19,-2.6825,B
V1034_Sco-1,O9.2_IV,2.441,8.47,-0.22,1.2307,0.0036,0.8758,0.0043,3.917,0.009,4.508,0.007,4.738,0.028,17.009831049694473,4.508,-0.22,-7.045000000000001,O
V1034_Sco-2,B1:_V,2.441,8.47,-0.22,0.981,0.0024,0.6363,0.0051,4.147,0.01,4.412,0.005,3.874,0.028,9.571940712948445,4.412,-0.22,-4.885000000000001,B
QX_Car-1,B2_V,4.478,6.64,-0.23,0.9669,0.0057,0.6324,0.0092,4.14,0.02,4.377,0.009,3.72,0.04,9.266164374937444,4.377,-0.23,-4.500000000000001,B
QX_Car-2,B2_V,4.478,6.64,-0.23,0.9284,0.0062,0.6076,0.0098,4.151,0.021,4.354,0.01,3.58,0.04,8.480080988896919,4.354,-0.23,-4.1499999999999995,B
V478_Cyg-1,O9.5_II,2.881,8.63,-0.29,1.1875,0.0107,0.8609,0.0054,3.904,0.009,4.507,0.007,4.7,0.03,15.39926526059492,4.507,-0.29,-6.95,O
V478_Cyg-2,O9.5_III,2.881,8.63,-0.29,1.1767,0.0101,0.8543,0.0055,3.907,0.01,4.502,0.008,4.67,0.04,15.021039909500777,4.502,-0.29,-6.875000000000001,O
EM_Car-1,O7.5_V((f)),3.414,8.38,-0.31,1.3596,0.0061,0.9708,0.0079,3.856,0.017,4.531,0.026,5.02,0.1,22.887586570623622,4.531,-0.31,-7.749999999999999,O
EM_Car-2,O7.5_V((f),3.414,8.38,-0.31,1.331,0.0067,0.9212,0.0073,3.926,0.016,4.531,0.026,4.92,0.1,21.428906011200585,4.531,-0.31,-7.500000000000001,O
KOI-126_BC-1,M,1.722,14.0,1.7,-0.6286,0.0011,-0.5943,0.0014,4.998,0.003,3.51,0.005,-2.194,0.02,0.23517979095583683,3.51,1.7,10.285,M
KOI-126_BC-2,M,1.722,14.0,1.7,-0.6834,0.0013,-0.6354,0.0013,5.026,0.003,3.501,0.005,-2.312,0.02,0.2073003331289365,3.501,1.7,10.579999999999998,M
