,M,logT,type,rho,logg,logL,logR,SNtype
0,22.88758657,4.531,O,0.006685153607680232,3.856,5.02,0.9708,0.0
1,21.42890601,4.531,O,0.00881680814678396,3.926,4.92,0.9212,0.0
2,15.39926526,4.507,O,0.009609734536208125,3.904,4.7,0.8609,0.0
3,15.02103991,4.502,O,0.009810957416669281,3.907,4.67,0.8543,0.0
4,9.266164375,4.377,B,0.028029244419451108,4.14,3.72,0.6324,1.0
5,8.480080989,4.354,B,0.030444678394683768,4.151,3.58,0.6076,1.0
6,17.00983105,4.508,O,0.009576600942143113,3.917,4.738,0.8758,0.0
7,9.571940713,4.412,B,0.028184568529386497,4.147,3.874,0.6363,1.0
8,6.067363296,4.255,B,0.021321187564369338,4.0,3.204,0.6107,1.0
9,5.952508168,4.25,B,0.02323332623609057,4.021,3.137,0.5955,1.0
10,6.238784723,4.258,B,0.015801975740262333,3.917,3.302,0.6581,1.0
11,5.312512929,4.233,B,0.02775309298115765,4.057,2.993,0.5533,1.0
12,5.184417883,4.23,B,0.06431486919408516,4.297,2.73,0.4281,1.0
13,4.534192978,4.179,B,0.07123794628479137,4.307,2.46,0.3939,1.0
14,6.880183161,4.332,B,0.04123931004211198,4.209,3.351,0.5334,1.0
15,7.348522022,4.342,B,0.03338961340585012,4.157,3.471,0.5735,1.0
16,4.979663542,4.228,B,0.04346216845285536,4.177,2.82,0.479,1.0
17,4.619553488,4.21,B,0.059939261902035114,4.259,2.63,0.4216,1.0
18,4.116233473,4.169,B,0.0729812656521674,4.301,2.38,0.3764,1.0
19,2.508996179,4.041,B,0.1166840220387317,4.364,1.59,0.2368,1.0
20,3.908408958,4.158,B,0.040936564305943925,4.125,2.49,0.4526,1.0
21,2.535712433,4.079,B,0.0903881277518693,4.292,1.82,0.2753,1.0
22,3.521275459,4.09,B,0.057426373421808743,4.208,2.09,0.3885,1.0
23,1.737000726,3.885,A,0.12209879859140306,4.323,0.85,0.177,2.0
24,3.613266545,4.066,B,0.010235554867752147,3.712,2.5,0.6419,1.0
25,2.638153128,4.041,B,0.06204565743054305,4.188,1.79,0.3355,1.0
26,2.775875604,4.033,B,0.03601731969720315,4.038,1.93,0.4216,1.0
27,2.356134074,3.991,A,0.06742351512368072,4.196,1.53,0.3071,2.0
28,2.335070515,4.027,B,0.08675837134795464,4.2675,1.601,0.2693,1.0
29,2.259956084,4.015,B,0.09128751617774476,4.277,1.528,0.2572,1.0
30,2.48713867,4.017,A,0.07246217919278747,4.225,1.63,0.3045,2.0
31,1.503834348,3.857,A,0.1222957573029909,4.303,0.69,0.1559,2.0
32,7.237690371,4.279,B,0.01159608501638287,3.849,3.65,0.7244,1.0
33,5.028054773,4.23,B,0.03861992185836013,4.144,3.018,0.4975,1.0
34,11.42878335,4.336,B,0.0007035766061483013,3.104,4.691,1.1962,1.0
35,7.000031591,4.356,B,0.030013137002234454,4.12,3.626,0.5819,1.0
36,11.74086245,4.417,B,0.004942098429607324,3.672,4.457,0.9179,1.0
37,8.359879163,4.352,B,0.02847812491896081,4.13,3.594,0.6152,1.0
38,19.9986187,4.574,O,0.0060215928975470255,3.806,5.184,0.9664,0.0
39,11.41037716,4.519,B,0.018030650306147044,4.043,4.339,0.7264,1.0
40,2.800270595,4.054,B,0.04958055577470511,4.132,1.93,0.3766,1.0
41,2.779713268,4.052,B,0.050490699879743244,4.136,1.91,0.3729,1.0
44,2.188769357,3.982,A,0.08511603620187402,4.253,1.41,0.2627,2.0
45,1.971968621,3.959,A,0.10179147104392058,4.289,1.23,0.2217,2.0
46,3.253119373,4.029,B,0.017885924397091215,3.858,2.162,0.5459,1.0
47,3.378313899,4.017,B,0.008729942649503492,3.656,2.33,0.6552,1.0
48,2.100873969,3.978,A,0.04927327064038821,4.089,1.54,0.3359,2.0
49,2.098939884,3.978,A,0.04922790918841503,4.088,1.54,0.3359,2.0
50,25.29880456,4.559,O,0.006056355931871483,3.842,5.187,0.9996,0.0
51,8.250874855,4.402,B,0.04634590752167738,4.268,3.649,0.5428,1.0
52,2.660112476,3.985,B,0.030861099213205734,3.987,1.76,0.4378,1.0
54,2.263080487,3.979,A,0.033551457478962265,3.988,1.672,0.4023,2.0
55,1.324951557,3.838,F,0.13412551129829953,4.311,0.552,0.1242,3.0
56,3.187131627,4.019,A,0.013712334239988496,3.779,2.147,0.5814,2.0
58,2.029083877,3.954,A,0.12303010387813058,4.349,1.17,0.1984,2.0
59,1.124087193,3.756,G,0.11803515930736067,4.251,0.21,0.1189,4.0
60,2.375745963,3.971,A,0.02692225234720296,3.932,1.721,0.4412,2.0
61,2.290867653,3.964,A,0.032293222935932245,3.979,1.63,0.4096,2.0
62,2.543899793,4.039,B,0.10433052449104482,4.333,1.61,0.255,1.0
63,2.357762196,4.015,B,0.09124548642045303,4.284,1.53,0.2634,1.0
64,3.185664237,4.01,A,0.006340323112548914,3.555,2.38,0.693,2.0
66,2.197859873,3.966,A,0.05713620495733915,4.138,1.461,0.321,2.0
67,1.625923095,3.883,A,0.10247345770771508,4.263,0.875,0.1928,2.0
68,2.205972022,3.945,A,0.03404171181002398,3.989,1.53,0.3965,2.0
69,2.004933627,3.931,A,0.049455134878091556,4.083,1.33,0.3286,2.0
70,2.39772847,3.965,A,0.032878454197611436,3.99,1.642,0.4136,2.0
71,1.90107828,3.932,A,0.08059561075254713,4.216,1.183,0.2502,2.0
72,27.27093323,4.58,O,0.012308677439745617,4.058,5.087,0.9078,0.0
73,19.0107828,4.531,B,0.019752014271436826,4.143,4.658,0.7871,1.0
74,11.33965913,4.446,B,0.028583235700679947,4.175,4.055,0.6588,1.0
75,10.62918583,4.423,B,0.03197506165628737,4.198,3.915,0.6332,1.0
76,2.150799862,3.94,A,0.05626151086054824,4.131,1.352,0.3201,2.0
77,1.331987042,3.81,F,0.14083525698932198,4.327,0.427,0.1179,3.0
78,2.273002953,4.009,A,0.09322049198192757,4.285,1.499,0.255,2.0
79,1.595144387,3.885,A,0.13586618804741343,4.342,0.792,0.1492,2.0
80,2.182227378,3.982,A,0.08096762320197931,4.237,1.486,0.2695,2.0
81,1.783199772,3.935,A,0.10090469886207856,4.272,1.179,0.2084,2.0
82,2.53921807,3.911,A,0.009515056922062006,3.64,1.8,0.6014,2.0
83,2.32916363,3.949,A,0.027913313333059058,3.939,1.62,0.4331,2.0
84,15.11123641,4.504,O,0.022548174684477815,4.148,4.439,0.7347,0.0
85,12.37086307,4.458,B,0.031813495558402786,4.218,4.098,0.6559,1.0
86,2.239236683,3.914,A,0.019530411362906234,3.8298,1.566,0.4791,2.0
87,2.10377844,3.908,A,0.032330423293250025,3.967,1.38,0.3971,2.0
88,1.963812409,3.901,A,0.06551057187596022,4.162,1.129,0.2849,2.0
89,1.813844281,3.885,A,0.06937634098146746,4.167,1.023,0.2651,2.0
90,2.146841589,3.955,A,0.061264852270654035,4.155,1.39,0.3075,2.0
91,1.905899517,3.93,A,0.08790455721688815,4.241,1.15,0.238,2.0
92,2.281917821,3.911,A,0.019588960511307478,3.834,1.56,0.4814,2.0
93,1.881048529,3.9,A,0.041659244602035427,4.024,1.24,0.3442,2.0
94,2.004933627,3.923,A,0.037128840827315046,4.0,1.38,0.3701,2.0
95,2.234086581,3.911,A,0.013747109459297266,3.728,1.66,0.5296,2.0
96,1.975149622,3.903,A,0.04919391548547835,4.079,1.221,0.3272,2.0
97,1.486962445,3.843,F,0.1190998983271882,4.27,0.64,0.1581,3.0
98,2.199885109,3.944,A,0.09614161001815565,4.29,1.22,0.2458,2.0
99,1.990215022,3.92,A,0.10887079409376751,4.31,1.06,0.2133,2.0
100,2.759942283,4.008,B,0.057399933694137005,4.17,1.69,0.3533,1.0
101,2.809959109,4.008,B,0.05533646227316435,4.17,1.71,0.3612,1.0
102,14.5411917,4.477,B,0.021923575814260042,4.133,4.33,0.7332,1.0
103,10.28963572,4.411,B,0.031103652455347866,4.185,3.86,0.6325,1.0
104,15.85988376,4.491,B,0.026285206344154214,4.199,4.357,0.7195,1.0
105,14.94858207,4.483,B,0.029101233045466118,4.22,4.278,0.6962,1.0
106,1.793494297,3.923,A,0.07008279128092205,4.168,1.149,0.262,2.0
107,1.776642308,3.913,A,0.07321690905661431,4.179,1.114,0.2543,2.0
108,1.935976138,3.914,A,0.04380375999730796,4.043,1.292,0.3411,2.0
109,0.876798907,3.695,K,0.34971268891019114,4.53,-0.409,-0.0743,5.0
110,2.332920826,3.917,A,0.01540321547463454,3.767,1.657,0.5194,2.0
111,2.296148648,3.929,A,0.020616331587610757,3.849,1.62,0.4749,2.0
112,2.472862678,3.895,A,0.007316635007492652,3.56,1.8,0.6356,2.0
113,2.286125143,3.924,A,0.020682898028426187,3.85,1.6,0.4738,2.0
114,13.96046872,4.459,B,0.00512166761847201,3.708,4.666,0.9378,1.0
115,11.09941271,4.442,B,0.01830675590155752,4.044,4.163,0.7202,1.0
116,1.721075808,3.879,A,0.09266407412849388,4.242,0.898,0.2156,2.0
117,1.781147969,3.886,A,0.09264273988200787,4.247,0.94,0.2206,2.0
118,2.170201204,3.964,B,0.07925221166755393,4.23,1.354,0.2718,1.0
119,2.130100037,3.958,B,0.08029923181616483,4.23,1.32,0.2672,1.0
120,1.857804455,3.906,A,0.0454476457062187,4.047,1.24,0.3298,2.0
121,1.820958298,3.886,A,0.03402603863353643,3.961,1.24,0.3688,2.0
122,2.020226204,3.961,A,0.05947184209706986,4.136,1.41,0.303,2.0
123,1.960198263,3.959,A,0.06166111741807562,4.144,1.38,0.2934,2.0
124,1.415141933,3.835,F,0.0658129549499427,4.1155,0.766,0.2368,3.0
125,1.40184501,3.831,F,0.06908939517128755,4.1284,0.734,0.2284,3.0
126,1.939545624,3.89,A,0.02747333556066144,3.9078,1.334,0.4089,2.0
127,1.510080154,3.856,F,0.0859233875092545,4.2017,0.795,0.2076,3.0
128,2.316861112,3.875,A,0.005856139192706888,3.486,1.77,0.6584,2.0
129,2.277193838,3.892,A,0.011421190900665203,3.677,1.64,0.5592,2.0
130,1.962004504,3.893,A,0.022951516726755605,3.858,1.401,0.4366,2.0
131,1.546322232,3.87,A,0.08337030506038995,4.197,0.864,0.2154,2.0
132,1.965169431,3.978,A,0.044679817506969303,4.051,1.544,0.3404,2.0
134,1.523000339,3.851,F,0.11614790767842305,4.29,0.69,0.1652,3.0
135,1.497959253,3.843,F,0.1130606272832656,4.28,0.66,0.1667,3.0
136,1.772964337,3.896,A,0.0644334507314062,4.142,1.082,0.2725,2.0
137,1.615102168,3.882,F,0.06918491166948611,4.149,0.978,0.2487,3.0
140,1.820119908,3.851,F,0.039701909091200166,4.01,1.05,0.3464,3.0
141,1.80011396,3.847,F,0.0362669798157682,3.98,1.06,0.3579,3.0
144,4.569829533,4.179,B,0.022065378965563293,3.969,2.8,0.5647,1.0
145,4.660151117,4.169,B,0.015125557492574281,3.861,2.88,0.6222,1.0
146,16.1398688,4.487,B,0.01396404985708054,4.019,4.53,0.8136,1.0
147,13.68989131,4.459,B,0.018214254093139166,4.073,4.3,0.7513,1.0
148,1.543831863,3.862,F,0.10169776082215255,4.254,0.772,0.1864,3.0
149,1.219551094,3.797,F,0.1909024010977596,4.403,0.26,0.0611,3.0
150,1.563867665,3.839,F,0.0419673349240358,3.999,0.94,0.3164,3.0
151,1.409937949,3.833,F,0.07333501591802824,4.146,0.72,0.2206,3.0
152,1.564948319,3.84,A,0.1018852676415656,4.257,0.69,0.1881,2.0
153,1.554175291,3.841,A,0.1101568201310739,4.278,0.67,0.1758,2.0
154,1.772148045,3.829,F,0.01741852558056404,3.763,1.193,0.4618,3.0
155,1.679964095,3.842,F,0.031740326552430545,3.929,1.055,0.3672,3.0
156,1.305870166,3.822,F,0.09443030464169,4.208,0.59,0.1729,3.0
157,1.391874249,3.821,F,0.058723426784710424,4.08,0.74,0.2509,3.0
160,1.557040826,3.827,F,0.042365407755103696,4.0016,0.893,0.3144,3.0
161,1.598821575,3.825,F,0.03560503285290019,3.955,0.943,0.3434,3.0
164,1.9498446,3.886,F,0.02227980527280644,3.848,1.381,0.44,3.0
165,2.096042093,3.856,F,0.008681832259860849,3.586,1.554,0.5869,3.0
166,1.505913408,3.842,F,0.09061735692515839,4.22,0.721,0.1995,3.0
167,1.282035349,3.809,F,0.13489982635969686,4.31,0.428,0.1186,3.0
168,2.253201336,3.903,A,0.016939921394708686,3.79,1.568,0.5006,2.0
169,2.146841589,3.911,F,0.027568389153887096,3.92,1.447,0.4231,3.0
170,1.691998603,3.849,F,0.0387089499826731,3.987,0.957,0.3395,3.0
171,1.184131679,3.796,G,0.1635729140197163,4.353,0.225,0.0792,4.0
172,1.269112144,3.831,F,0.09401808272605325,4.2028,0.616,0.1694,3.0
173,0.754223396,3.701,K,0.4758952727265131,4.597,-0.523,-0.1407,5.0
174,1.344930988,3.83,F,0.08552860543303671,4.184,0.658,0.1915,3.0
176,1.530030189,3.851,A,0.04057993907409817,3.98,0.99,0.3181,2.0
178,1.255162629,3.8129,F,0.14468096302818964,4.3259,0.415,0.1054,3.0
179,1.218708949,3.8062,F,0.16173774765527743,4.3539,0.347,0.085,3.0
180,1.270866699,3.809,F,0.1337246255769357,4.305,0.48,0.1186,3.0
181,1.146040591,3.799,F,0.19898089989798284,4.405,0.24,0.0461,3.0
184,1.190967746,3.778,F,0.06995381283347296,4.108,0.474,0.203,3.0
185,1.156911132,3.777,F,0.06757894236850798,4.093,0.472,0.2038,3.0
186,1.27438309,3.814,F,0.1403496683762756,4.3194,0.434,0.112,3.0
187,1.257766432,3.81,F,0.1488371654825148,4.3343,0.399,0.1016,3.0
188,1.837807417,3.836,F,0.019856897344427353,3.806,1.2,0.4481,3.0
189,1.404106339,3.816,F,0.09561177718502452,4.222,0.58,0.1816,3.0
190,1.977880278,3.813,F,0.012280368266139633,3.678,1.261,0.5283,3.0
191,1.512864388,3.822,F,0.08039173296623515,4.183,0.676,0.2175,3.0
192,1.288842949,3.813,F,0.1148183735580134,4.2626,0.492,0.1427,3.0
193,1.231685986,3.806,F,0.1284432809954285,4.2887,0.419,0.1199,3.0
194,1.277026766,3.817,F,0.16248429511595983,4.3623,0.403,0.0911,3.0
195,1.251122977,3.813,F,0.1748684218832338,4.3805,0.358,0.0775,3.0
196,1.413839139,3.818,F,0.08055850363841546,4.173,0.64,0.2074,3.0
197,1.208926785,3.789,G,0.16055039952052194,4.351,0.28,0.0849,4.0
198,1.373093148,3.81,F,0.06298126663828375,4.0982,0.669,0.2388,3.0
199,1.468926278,3.802,F,0.03950130019787147,3.9731,0.796,0.3161,3.0
200,1.452111618,3.806,F,0.07932523928406064,4.173,0.6,0.2135,3.0
204,1.393156803,3.819,F,0.11940194209020329,4.2855,0.525,0.1483,3.0
206,1.448771854,3.835,F,0.09504108614074015,4.225,0.669,0.187,3.0
207,1.349584246,3.817,F,0.13125365038031814,4.308,0.483,0.13,3.0
208,1.30737447,3.818,F,0.08665854454172725,4.183,0.599,0.1855,3.0
209,1.514955932,3.808,F,0.02734710705029081,3.871,0.934,0.3738,3.0
210,1.339985195,3.793,F,0.14226936422348013,4.33,0.35,0.1173,3.0
211,1.229985524,3.777,G,0.19306848595261716,4.4,0.18,0.0607,4.0
212,1.361131234,3.821,F,0.13265126338076264,4.31,0.53,0.1297,3.0
213,1.331987042,3.818,F,0.13766114915478844,4.32,0.5,0.1212,3.0
214,1.40184501,3.824,F,0.09272810631694207,4.213,0.634,0.1858,3.0
215,1.107643492,3.757,G,0.23367453698410778,4.446,0.026,0.0179,4.0
216,1.45411917,3.813,F,0.06333027743680719,4.108,0.7,0.2463,3.0
217,1.448104823,3.813,F,0.0630683386136561,4.106,0.7,0.2463,3.0
218,1.518098671,3.81,F,0.031225643044226304,3.909,0.9,0.3549,3.0
219,1.509037388,3.81,F,0.031039262281311646,3.907,0.9,0.3549,3.0
220,1.625923095,3.803,F,0.02287238173149687,3.83,0.985,0.4099,3.0
221,1.606941253,3.808,F,0.02624287372402289,3.87,0.961,0.3883,3.0
222,1.919994568,3.922,A,0.06566158935229033,4.159,1.2,0.2813,2.0
223,1.872837083,3.916,A,0.07565042821984448,4.196,1.13,0.2572,2.0
226,1.568917113,3.811,F,0.035621433350485364,3.952,0.88,0.3406,3.0
227,1.655007629,3.802,F,0.02550418152248436,3.863,0.954,0.3967,3.0
228,23.4909186,4.538,O,0.004367283558537452,3.736,5.179,1.0362,0.0
229,9.949471218,4.452,B,0.007420127891201163,3.766,4.474,0.8351,1.0
230,1.003690931,3.777,G,0.2546310674849279,4.457,0.016,-0.0088,4.0
231,0.595525003,3.589,M,0.7016352353023328,4.676,-1.154,-0.2311,6.0
232,1.314316621,3.806,F,0.07320005220139811,4.135,0.6,0.2107,3.0
233,1.270281578,3.805,F,0.088371329864397,4.185,0.533,0.1785,3.0
234,1.406695182,3.8,F,0.05443915690253001,4.059,0.68,0.2634,3.0
235,1.243941624,3.795,F,0.11298255478067817,4.256,0.415,0.1399,3.0
236,1.690051738,3.854,F,0.0504442176300736,4.068,0.968,0.301,3.0
237,0.800018445,3.664,K,0.40244949871397895,4.552,-0.6,-0.1079,5.0
238,2.342070695,3.998,A,0.08804635687822146,4.272,1.48,0.2676,2.0
239,2.337760412,3.998,A,0.09103562761301315,4.282,1.47,0.2625,2.0
240,0.92789749,3.76,G,0.13277349600506788,4.257,0.14,0.0741,4.0
241,0.869961433,3.745,G,0.23179891066076766,4.409,-0.1,-0.0159,4.0
242,1.028963572,3.787,G,0.0863199918304949,4.148,0.406,0.1514,4.0
244,1.032048246,3.76,G,0.12254945685572664,4.294,0.197,0.1011,4.0
245,0.968054928,3.754,G,0.14318957195529877,4.285,0.107,0.0693,4.0
246,1.154516117,3.801,F,0.04467981752130768,3.974,0.685,0.2634,3.0
247,0.783249272,3.732,K,0.4824045446797186,4.607,-0.392,-0.1372,5.0
248,1.226874105,3.79,F,0.10653968068963317,4.234,0.41,0.1464,3.0
249,1.220112847,3.786,F,0.10193219835860297,4.221,0.4,0.152,3.0
250,1.324341535,3.829,F,0.08404490500273865,4.1765,0.653,0.1918,3.0
251,1.321904253,3.829,F,0.08453010151847319,4.1778,0.651,0.1907,3.0
252,1.431858164,3.809,F,0.026718458039038263,3.852,0.926,0.369,3.0
253,1.314922025,3.834,F,0.07782361323470786,4.15,0.693,0.2019,3.0
256,2.559764431,3.745,G,0.00013602269987031968,2.41,2.371,1.2175,4.0
257,2.510151881,3.712,G,0.00011577409390069328,2.36,2.279,1.238,4.0
258,3.609940136,3.787,F,3.724014735051138e-05,2.087,3.01,1.4548,3.0
259,3.519654225,3.783,F,4.566793672697905e-05,2.142,2.93,1.4216,3.0
260,1.34338347,3.815,F,0.13182913146473216,4.309,0.473,0.1287,3.0
261,1.354253604,3.817,F,0.11882597615855167,4.28,0.513,0.1449,3.0
262,1.345860354,3.808,F,0.027077676207522616,3.85,0.901,0.3581,3.0
263,1.417098375,3.802,F,0.022983247333123926,3.81,0.939,0.3893,3.0
264,1.043037686,3.763,G,0.2998550662327101,4.517,-0.055,-0.0269,4.0
265,0.986052413,3.759,G,0.28249540683258006,4.491,-0.071,-0.0264,4.0
266,1.164126029,3.804,F,0.10757500886516322,4.229,0.444,0.1374,3.0
267,0.911171233,3.745,G,0.2935698092680982,4.458,-0.155,-0.0434,4.0
268,1.210319415,3.796,F,0.150110610299331,4.331,0.33,0.0948,3.0
269,0.951261675,3.74,G,0.3116100031140817,4.508,-0.18,-0.0458,4.0
270,1.28913975,3.788,F,0.059746351634483705,4.074,0.58,0.2373,3.0
271,1.264445165,3.79,F,0.06210282993686992,4.0822,0.572,0.2289,3.0
272,1.269404402,3.81,F,0.10819604621016182,4.243,0.494,0.1491,3.0
273,1.129275744,3.788,F,0.18850001565799038,4.387,0.212,0.0518,3.0
274,19.04144927,4.507,O,0.012081236629550225,4.0,4.7,0.8585,0.0
275,13.73093148,4.447,B,0.01688540145784991,4.27,4.27,0.7627,1.0
276,1.1347495,3.775,F,0.09132956534277159,4.178,0.37,0.1574,3.0
277,0.965161523,3.722,G,0.18535802388130904,4.36,-0.095,0.0315,4.0
278,1.195914138,3.784,F,0.12385438603940079,4.274,0.332,0.1209,3.0
279,1.033713052,3.756,F,0.245251340904206,4.451,-0.019,0.0009,3.0
280,1.222925498,3.792,F,0.11942943860073568,4.272,0.38,0.1294,3.0
281,1.187681523,3.789,F,0.13709177225647473,4.306,0.32,0.1052,3.0
282,1.282035349,3.791,F,0.07264594718908604,4.129,0.533,0.2082,3.0
283,0.931536765,3.724,G,0.24060873543040223,4.43,-0.173,-0.0114,4.0
284,1.444441641,3.809,F,0.032659639802267014,3.915,0.868,0.3412,3.0
286,1.53886315,3.827,F,0.055964340561041305,4.08,0.806,0.2724,3.0
287,1.068808749,3.76,G,0.26503998046822935,4.478,-0.013,-0.0055,4.0
290,1.132921973,3.778,F,0.1049811656731618,4.218,0.34,0.137,3.0
291,1.093956366,3.77,F,0.22434241496676427,4.433,0.079,0.022,3.0
298,1.134488244,3.771,F,0.2321728275968702,4.4825,0.083,0.0223,3.0
299,1.124087193,3.767,F,0.22579347657351018,4.4388,0.071,0.025,3.0
304,1.101792978,3.782,F,0.2021675233829747,4.404,0.159,0.0381,3.0
305,1.102808234,3.782,F,0.19875194654330355,4.399,0.164,0.0407,3.0
306,1.173005369,3.783,G,0.17579697212421813,4.372,0.22,0.0674,4.0
307,1.123052348,3.771,G,0.20310068627099587,4.408,0.12,0.0402,4.0
308,1.645508007,3.876,A,0.05837291622951185,4.103,1.007,0.276,2.0
309,1.45881426,3.845,F,0.08633987004021518,4.199,0.743,0.2019,3.0
310,1.690051738,3.848,F,0.06070317273753529,4.116,0.899,0.2742,3.0
311,1.349895035,3.782,F,0.17318544532485322,4.386,0.249,0.0899,3.0
312,3.67959483,4.045,B,0.026558979925529098,3.9914,2.149,0.5065,1.0
313,3.359696137,4.015,B,0.03187949188374797,4.031,1.949,0.4669,1.0
316,1.162786551,3.781,G,0.11537491410190633,4.249,0.332,0.1271,4.0
317,1.140249788,3.778,G,0.13134434856484029,4.284,0.279,0.1055,4.0
318,1.413839139,3.803,F,0.0371887337051976,3.95,0.81,0.3193,3.0
319,1.374991457,3.806,F,0.04621802578573495,4.008,0.75,0.2838,3.0
320,1.413839139,3.797,F,0.04296466111863344,3.992,0.74,0.2984,3.0
321,1.256897898,3.801,F,0.09369391592922116,4.201,0.49,0.1685,3.0
324,4.149540426,3.778,F,2.3356695056859935e-05,1.97,3.15,1.5425,3.0
325,4.059756633,3.708,G,1.0784782494334403e-05,1.743,3.09,1.6512,4.0
326,1.380066456,3.782,F,0.032727391422656196,3.9095,0.75,0.3343,3.0
327,1.40184501,3.76,G,0.01806389460882176,3.74,0.839,0.4226,4.0
328,1.487989957,3.792,F,0.028191059013450218,3.877,0.86,0.3668,3.0
329,1.466898282,3.79,F,0.031232833832697805,3.904,0.82,0.3499,3.0
330,1.051961874,3.771,G,0.23812850793230572,4.444,0.05,0.0077,4.0
332,0.833873169,3.726,K,0.3264460295093659,4.503,-0.278,-0.0716,5.0
333,0.827942164,3.708,K,0.3420671670128436,4.515,-0.365,-0.0794,5.0
336,1.100271845,3.773,G,0.12396851262876524,4.262,0.262,0.1087,4.0
337,1.067333154,3.767,G,0.14642370461555182,4.306,0.182,0.0802,4.0
338,1.07820167,3.773,G,0.2191348197264918,4.4247,0.091,0.0233,4.0
339,1.066105049,3.769,G,0.22491135956721217,4.4303,0.066,0.0179,4.0
340,1.081184971,3.764,G,0.0854695447788868,4.152,0.332,0.16,4.0
341,1.0752266,3.765,G,0.08939462163115883,4.164,0.32,0.1527,4.0
342,3.760105237,3.787,F,0.00015787428283744697,2.509,2.61,1.2516,3.0
343,2.61999221,3.713,G,0.00037775601709491325,2.709,1.95,1.073,4.0
346,0.98107001,3.754,G,0.19611526125244289,4.379,-0.012,0.0257,4.0
347,0.664354682,3.628,K,0.502355765180079,4.594,-0.867,-0.1669,5.0
348,1.305870166,3.801,F,0.06435931169107552,4.098,0.614,0.2284,3.0
350,3.830010812,3.823,F,3.0096181040455723e-05,2.03,3.234,1.4942,3.0
351,3.729924148,3.697,G,1.1518910151428691e-05,1.75,3.003,1.6294,4.0
352,0.954333128,3.764,G,0.20985116789622615,4.3942,0.036,0.0119,4.0
353,0.809468587,3.713,K,0.41401053315284314,4.5669,-0.414,-0.1103,5.0
354,1.096478196,3.767,G,0.09319902964120604,4.179,0.32,0.1495,4.0
355,1.012045411,3.756,G,0.17840679470317317,4.355,0.05,0.0439,4.0
356,1.120985513,3.788,F,0.16376134279100152,4.346,0.248,0.0711,3.0
358,1.251987521,3.813,F,0.09822259206016636,4.214,0.555,0.1611,3.0
360,1.320687295,3.808,F,0.12204258295794314,4.284,0.46,0.1374,3.0
361,1.045682885,3.657,K,0.13443470253500547,4.2779,-0.237,0.0896,5.0
362,1.783199772,3.88,A,0.030458701911648893,3.9258,1.235,0.3818,2.0
363,1.774189481,3.879,A,0.03198242504430196,3.9394,1.217,0.374,2.0
366,1.243941624,3.789,G,0.12393997118725818,4.28,0.36,0.1265,4.0
368,1.34307418,3.762,G,0.017927155714570618,3.731,0.838,0.4175,4.0
369,1.358939117,3.71,K,0.012691454311248778,3.632,0.736,0.4692,5.0
374,0.899911911,3.728,G,0.21233001515999253,4.389,-0.13,0.0017,4.0
375,0.879022517,3.716,K,0.3154360972604881,4.5,-0.3,-0.059,5.0
376,2.720194762,3.732,G,0.00011708773117534023,2.37,2.38,1.248,4.0
377,2.849705627,3.701,G,5.045583417304157e-05,2.14,2.512,1.3766,4.0
380,1.192888907,3.793,F,0.11371333340557345,4.2493,0.349,0.1329,3.0
381,1.169768709,3.78,F,0.12334211483859446,4.2695,0.311,0.1183,3.0
382,2.359934776,3.766,F,0.00028158621538512804,2.61,2.22,1.1004,3.0
383,2.480275938,3.723,G,6.302478760251608e-05,2.18,2.498,1.3243,4.0
384,2.440057159,3.751,F,0.0001125411608705461,2.35,2.431,1.238,3.0
385,2.380126282,3.747,G,0.00010605017528141303,2.33,2.428,1.243,4.0
386,0.956092695,3.74,G,0.23030925510994213,4.421,-0.09,-0.0013,4.0
388,1.19371321,3.792,K,0.04845196453107559,4.002,0.654,0.2565,5.0
389,1.243941624,3.707,F,0.01177094663691833,3.5981,0.736,0.4673,3.0
392,1.471973529,3.663,G,0.00029546863831707586,2.556,1.656,1.0251,4.0
394,0.939939715,3.721,G,0.3182814960897004,4.512,-0.26,-0.0506,4.0
395,0.810027942,3.674,K,0.3262206065413053,4.505,-0.51,-0.0757,5.0
396,4.415704474,3.754,F,1.0188526766697805e-05,1.74,3.313,1.6716,3.0
397,4.428942072,3.695,G,4.02449498642326e-06,1.472,3.346,1.8065,4.0
398,0.765949258,3.699,K,0.4215134048456962,4.564,-0.49,-0.1209,5.0
399,0.644020957,3.627,K,0.3748101908844251,4.505,-0.8,-0.129,5.0
402,3.504289683,3.681,G,8.705854222886056e-06,1.66,3.0,1.6609,4.0
403,3.561229809,3.682,G,7.5008657169642625e-06,1.62,3.053,1.6848,4.0
408,1.374991457,3.708,K,0.05354407132912231,4.05,0.314,0.2625,5.0
409,1.328923557,3.673,K,0.06129307227962167,4.08,0.14,0.238,5.0
410,1.631924265,3.827,F,0.04514518017830715,4.026,0.888,0.312,3.0
411,1.461840534,3.816,F,0.08074421014745597,4.179,0.644,0.2119,3.0
412,2.269864852,3.72,G,0.00017770980516115657,2.47,2.158,1.1614,4.0
413,2.289812912,3.721,G,0.00014969641186249425,2.42,2.215,1.1875,4.0
414,2.579882936,3.744,G,0.00014488098524816212,2.43,2.35,1.2095,4.0
415,2.480275938,3.695,G,9.057563569221797e-05,2.29,2.276,1.2718,4.0
416,1.269112144,3.755,G,0.03777560169296366,3.9384,0.576,0.3014,4.0
417,1.211434674,3.757,G,0.08381300089461376,4.1623,0.344,0.1793,4.0
418,0.912010839,3.702,K,0.27958340548047,4.47,-0.31,-0.0362,5.0
419,0.822053343,3.671,K,0.31850143288837424,4.494,-0.5,-0.0701,5.0
420,1.282035349,3.716,K,0.013986575391948863,3.653,0.71,0.4467,5.0
421,1.251122977,3.778,G,0.0347785435490854,3.913,0.69,0.3113,4.0
422,2.056837587,3.693,G,0.000846274764806487,2.915,1.57,0.9212,4.0
423,1.9579428,3.803,F,0.007469841568061043,3.539,1.36,0.5988,3.0
424,1.729816359,3.716,G,8.709864338242957e-05,2.23,2.27,1.2253,4.0
425,1.690051738,3.708,G,6.0703172737535286e-05,2.12,2.334,1.2742,4.0
426,2.045031491,3.679,K,0.0005624855766835133,2.79,1.633,0.9795,5.0
427,2.073958204,3.68,K,0.0006677461467680908,2.841,1.591,0.9567,5.0
428,2.856932635,3.724,G,0.00013810563235856467,2.432,2.312,1.2312,4.0
429,2.809959109,3.721,G,0.00016436577458555596,2.48,2.246,1.2036,4.0
430,0.970063134,3.697,G,5.761179289400879e-05,2.02,2.149,1.2014,4.0
431,0.970063134,3.679,G,1.4642370468408256e-05,1.63,2.468,1.3997,4.0
432,3.30369541,3.719,G,4.3192803210455106e-05,2.116,2.669,1.4205,4.0
433,3.204793123,3.734,G,0.00011534835111022333,2.396,2.439,1.2739,4.0
436,2.679785297,3.724,G,0.00020549979391110823,2.53,2.182,1.1644,4.0
437,2.569803995,3.684,G,7.227887605804771e-05,2.23,2.31,1.3096,4.0
440,1.440124371,3.686,G,5.5196481009046624e-05,2.07,2.228,1.2648,4.0
441,1.420038111,3.679,G,3.608372720231306e-05,1.94,2.322,1.3243,4.0
442,2.984008116,3.721,G,8.568630012629193e-05,2.3,2.453,1.3066,4.0
443,3.093143011,3.704,G,4.917126606813154e-05,2.144,2.554,1.3922,4.0
444,3.950026416,3.74,G,3.3374240460475875e-05,2.067,2.882,1.4837,4.0
445,4.059756633,3.706,G,1.576926279469614e-05,1.854,2.972,1.5962,4.0
446,3.332728996,3.705,G,5.3457838020008333e-05,2.179,2.555,1.3909,4.0
447,3.184197522,3.673,G,1.5449391928599713e-05,1.813,2.777,1.564,4.0
448,3.5983218,3.699,G,2.427232567519733e-05,1.962,2.783,1.5163,4.0
449,3.429256733,3.702,G,6.390154972637108e-05,2.235,2.5,1.3692,4.0
450,1.853958464,3.691,G,2.6885083564967755e-05,1.895,2.529,1.4055,4.0
451,1.805094737,3.655,K,4.425999807127416e-06,1.369,2.898,1.6628,5.0
452,0.70291045,3.624,K,0.5018932913159243,4.6,-0.808,-0.1586,5.0
453,0.687226662,3.611,M,0.48029867766298145,4.585,-0.909,-0.1555,6.0
454,2.7472615,3.71,G,0.0001479147182843658,2.446,2.225,1.2156,4.0
455,2.975774377,3.705,G,0.00012528855218968556,2.409,2.276,1.2512,4.0
456,0.640176901,3.628,K,0.4712066278554115,4.57,-0.863,-0.163,5.0
457,0.651028498,3.613,K,0.5120488444630745,4.597,-0.939,-0.1726,5.0
462,2.231002207,3.685,G,5.4351482015919714e-05,2.126,2.354,1.3304,4.0
463,2.22997503,3.674,G,2.528781995788324e-05,1.904,2.533,1.4411,4.0
464,3.55959018,3.724,G,4.4188716846811136e-05,2.134,2.708,1.428,4.0
465,3.549768245,3.653,K,8.106089429530267e-06,1.642,2.912,1.6731,5.0
466,2.981261008,3.72,G,5.3741698813431315e-05,2.165,2.583,1.374,4.0
467,2.997091486,3.671,K,8.173562552742761e-06,1.62,2.932,1.6474,5.0
468,1.674171714,3.651,K,4.84854455355678e-06,1.385,2.836,1.6387,5.0
469,1.669167807,3.654,K,6.71601087404593e-06,1.479,2.752,1.5911,5.0
470,1.842892489,3.666,K,3.115382605364027e-05,1.937,2.384,1.3833,5.0
471,1.962004504,3.673,G,3.6737651556763686e-05,1.994,2.386,1.3685,4.0
472,2.399937877,3.719,G,0.00021948830806237498,2.54,2.107,1.1389,4.0
473,2.549177051,3.673,G,2.12427819274263e-05,1.873,2.616,1.4857,4.0
474,2.717064824,3.673,G,2.6632466577816566e-05,1.948,2.572,1.4622,4.0
475,3.373649809,3.678,G,1.937364737366238e-05,1.887,2.744,1.5396,4.0
476,4.166774522,3.692,G,1.1730361351394351e-05,1.773,3.009,1.6428,4.0
477,3.989330341,3.667,K,9.319902966270135e-06,1.699,2.963,1.6698,5.0
480,1.009020524,3.65,K,0.100325513389345,4.19,-0.193,0.1268,5.0
481,0.730970752,3.558,M,0.14451448873496367,4.25,-0.761,0.0273,6.0
482,1.503834348,3.667,K,0.0002468944859730701,2.507,1.732,1.0542,5.0
483,1.504873519,3.636,K,3.10392622843286e-05,1.907,2.207,1.3545,5.0
486,1.092949259,3.625,K,4.430078181450312e-05,1.963,1.964,1.2567,5.0
487,1.125122993,3.599,K,1.015105990505524e-05,1.541,2.297,1.4742,5.0
488,0.397832263,3.528,M,1.443149724813383,4.826,-1.72,-0.3939,6.0
489,0.224491551,3.509,M,2.5510054777529976,4.908,-2.12,-0.5592,6.0
490,2.858248604,3.712,G,0.00016811690678782696,2.489,2.21,1.2028,4.0
491,2.784197249,3.663,K,2.2600153595483375e-05,1.904,2.587,1.4895,5.0
492,1.791843188,3.693,G,8.661864600322524e-05,2.229,2.188,1.2312,4.0
493,1.802187612,3.648,K,8.211290005685483e-06,1.548,2.695,1.5731,5.0
494,0.44802268,3.504,M,1.1371333330620434,4.774,-1.715,-0.3422,6.0
495,0.272082118,3.491,M,2.6285206325806816,4.9442,-2.151,-0.5357,6.0
496,1.449105484,3.682,G,2.7625579101871963e-05,1.868,2.415,1.3659,4.0
497,1.422001322,3.645,K,4.517637615564781e-06,1.34,2.787,1.6253,5.0
498,0.78704579,3.623,K,0.3840708891731388,4.54,-0.76,-0.1035,5.0
499,0.770016444,3.618,K,0.3371408601481126,4.5,-0.75,-0.0878,5.0
500,1.516002788,3.69,G,6.968052123399804e-05,2.142,2.193,1.2385,4.0
501,1.513909799,3.65,K,7.488785489280608e-06,1.496,2.679,1.5612,5.0
502,1.831049141,3.685,G,0.00011468626007026997,2.313,2.083,1.1937,4.0
503,1.857804455,3.642,K,6.5194564814097564e-06,1.486,2.744,1.6109,5.0
504,0.433311285,3.5,M,1.2856163603488908,4.804,-1.778,-0.3648,6.0
505,0.398015514,3.495,M,1.5915174003236978,4.854,-1.884,-0.408,6.0
506,0.498999373,3.572,M,1.2482782131874797,4.816,-1.44,-0.3401,6.0
507,0.442996199,3.56,M,1.3586618801046555,4.824,-1.55,-0.3696,6.0
508,0.567022118,3.593,K,0.8050287499378848,4.708,-1.19,-0.2581,5.0
509,0.531985751,3.581,M,0.8435510896683979,4.712,-1.27,-0.2741,6.0
510,0.583982725,3.572,M,0.7938005417756865,4.708,-1.26,-0.2518,6.0
511,0.544001378,3.558,M,0.962080451913569,4.753,-1.4,-0.2899,6.0
512,1.14788928,3.632,K,0.00014585166483610014,2.315,1.667,1.0913,5.0
513,1.15212606,3.583,K,7.435520764262926e-06,1.454,2.319,1.5227,5.0
514,0.394638998,3.486,M,1.6379905446991083,4.861,-1.92,-0.4134,6.0
516,0.597447846,3.582,M,0.5996687126629173,4.63,-1.134,-0.2079,6.0
517,0.60089695,3.582,M,0.6525463883893493,4.655,-1.134,-0.2193,6.0
518,0.469029328,3.539,M,1.305904415540986,4.82,-1.6,-0.3556,6.0
519,0.382032227,3.521,M,1.743056203513324,4.874,-1.82,-0.4271,6.0
520,0.526987119,3.522,M,0.9768129097610303,4.753,-1.55,-0.2967,6.0
521,0.491020925,3.515,M,1.122047883311641,4.783,-1.64,-0.327,6.0
522,0.609958096,3.593,M,0.6021592897702492,4.634,-1.09,-0.2055,6.0
523,0.598963006,3.581,M,0.5999449339320152,4.63,-1.14,-0.2076,6.0
524,0.735359995,3.574,M,0.18889105420431176,4.33,-0.772,-0.0106,6.0
525,0.668036205,3.562,M,0.19072665447367249,4.31,-0.851,-0.0259,6.0
526,0.497049911,3.518,M,0.41458290569892847,4.496,-1.337,-0.1811,6.0
528,0.225009057,3.496,M,3.396341800719528,4.9908,-2.258,-0.6003,6.0
529,0.210087397,3.494,M,3.7429272921586003,5.0091,-2.313,-0.6243,6.0
530,0.96894695,3.627,K,4.939823032029416e-05,1.978,1.91,1.2235,5.0
531,0.983105215,3.611,K,2.1863082348307183e-05,1.744,2.08,1.3436,5.0
532,4.913602273,3.657,K,8.285360140788603e-06,1.696,3.013,1.717,5.0
533,4.875284901,3.624,K,3.763668729309242e-06,1.466,3.111,1.8301,5.0
534,0.33931261,3.515,M,0.12159378863869302,4.0859,-1.105,-0.0588,6.0
535,0.326287172,3.513,M,0.1325901892544769,4.1053,-1.146,-0.077,6.0
536,0.395275594,3.513,M,1.9729287008220884,4.915,-1.863,-0.4401,6.0
537,0.209797351,3.494,M,2.488349569019403,4.891,-2.3,-0.5654,6.0
538,1.059985685,3.628,K,3.535992953626431e-05,1.893,2.03,1.2849,5.0
539,0.991060119,3.6,K,8.770238237786833e-06,1.48,2.31,1.477,5.0
540,0.235179791,3.51,M,3.4057392210417157,4.998,-2.194,-0.5943,6.0
541,0.207300333,3.501,M,3.9875981921164647,5.026,-2.312,-0.6354,6.0
542,0.590065197,3.605,K,0.6519456481779429,4.65,-1.07,-0.2218,5.0
543,0.64998001,3.626,K,0.7954472612905401,4.72,-1.01,-0.2366,5.0
544,0.115797718,3.483,M,0.3435669596093423,4.231,-1.842,-0.3648,6.0
545,0.105608774,3.483,M,0.33159760998166604,4.207,-1.861,-0.373,6.0
572,2.342,3.9978230807457256,A,0.368581777,4.272,1.4800069429571505,0.26764098234591555,2.0
573,2.337,3.9978230807457256,A,0.38136496,4.282,1.4689968090596017,0.26245108973042947,2.0
628,1.91,3.760045327965811,G,0.0195,3.39,1.3318320444362486,0.6637009253896482,4.0
642,1.855,3.7317498835272636,G,0.02909,3.5,1.1559430179718369,0.600210306409328,4.0
644,1.824,3.8112397727532894,F,0.09704,3.849,1.02816441942447,0.42455497660671315,3.0
648,1.811,3.730862992046494,G,0.02493,3.454,1.110589710299249,0.6200318951262973,4.0
660,1.727,3.7964355588101744,F,0.09212,3.826,0.9874875061330929,0.4242280706959799,3.0
665,1.688,3.792041310712082,F,0.09807,3.84,0.9864134054654686,0.4112829130173842,3.0
666,1.687,3.7790912038454993,F,0.04234,3.598,1.1792644643390253,0.5333907080175514,3.0
670,1.671,3.717670503002262,G,0.02157,3.401,1.1795517911651876,0.6294095991027189,4.0
675,1.63,3.718169405391307,G,0.0231,3.415,1.0591846176313713,0.615950051656401,4.0
676,1.627,3.7035492982382303,K,0.03227,3.514,0.9187640310279991,0.5671440451956572,5.0
678,1.626,3.7734938922709707,G,0.04143,3.588,1.159266331093494,0.5313511645830596,4.0
682,1.614,3.7245216271185626,G,0.04225,3.59,0.9233994661587165,0.5269850685599957,4.0
684,1.609,3.701222484256557,K,0.0278,3.469,0.7206553565517244,0.5871494982543437,5.0
686,1.6,3.8317418336456384,F,0.1324,3.919,0.9637878273455552,0.359835482339888,3.0
687,1.599,3.7229628089424898,G,0.03208,3.509,0.931457870689005,0.5656117249020587,4.0
689,1.596,3.8021577531869615,F,0.1156,3.877,0.9338414628987213,0.3789426986134373,3.0
690,1.59,3.811306840081336,F,0.1312,3.916,0.9633627661037362,0.36078268987328005,3.0
691,1.59,3.772834927239018,G,0.05494,3.665,1.0572856444182146,0.48727981644306895,4.0
692,1.589,3.8121108412030997,F,0.1269,3.905,0.9507541815935036,0.36417563277061943,3.0
694,1.583,3.710625015060797,K,0.02218,3.401,1.0322157032979815,0.6174197467371766,5.0
697,1.57,3.736157375273132,G,0.0365,3.543,0.9394693308435301,0.5453071164658241,4.0
699,1.567,3.8125122842899826,F,0.4052,4.241,0.5845573605256749,0.19562294358693666,3.0
701,1.566,3.726319612110775,G,0.04718,3.617,0.9915361753000315,0.5065050324048721,4.0
703,1.565,3.8092903011763157,F,0.132,3.915,0.9358597980378804,0.3569814009931312,3.0
705,1.56,3.827885982789856,F,0.1951,4.03,0.7348798027926275,0.3010299956639812,3.0
708,1.557,3.7238659644435037,G,0.04799,3.622,0.851441814672055,0.5035183127240748,4.0
709,1.55,3.821513528404773,F,0.1217,3.89,0.9392196358548183,0.3692158574101428,3.0
711,1.546,3.7026889681591335,K,0.01722,3.324,1.0572856444182146,0.6502103546603591,5.0
712,1.544,3.812846536967071,F,0.1504,3.952,0.8411090844681539,0.33705972632052456,3.0
714,1.538,3.799891684656865,F,0.1409,3.932,0.8838317133294524,0.34596154181314126,3.0
715,1.538,3.794906106516804,F,0.06876,3.725,1.1129399760840801,0.4493240930987269,3.0
716,1.534,3.789439684567179,F,0.09451,3.82,0.86993541064686,0.4038066105474225,3.0
720,1.53,3.7781512503836434,F,0.07242,3.739,0.9942291408176984,0.44153803870216074,3.0
721,1.53,3.798097932062486,F,0.0639,3.701,1.0557604646877348,0.45939248775923086,3.0
722,1.529,3.7835462822703496,F,0.05749,3.671,1.0955180423231508,0.4746532533620627,3.0
723,1.5279,3.811507979945327,F,0.141852851,3.9336,0.8887970674566807,0.3452364600468796,3.0
726,1.522,3.823604628355158,F,0.2123,4.05,0.782114147479071,0.28510702956681194,3.0
728,1.52,3.832189461068513,F,0.1308,3.909,1.0021660617565078,0.35410843914740087,3.0
729,1.516,3.79155030502733,F,0.08423,3.781,1.1525940779274697,0.41830129131974547,3.0
730,1.515,3.808683509128969,F,0.164,3.973,0.8695837077134237,0.3205616801952366,3.0
731,1.515,3.7096091210726487,K,0.04531,3.601,0.8380300829853201,0.5077209766856136,5.0
732,1.512,3.8076026699164944,F,0.1986,4.03,0.7298125071609357,0.29380435991933673,3.0
733,1.509,3.7905666251460763,F,0.15694908,3.961,0.7844746437625164,0.3271545124094315,3.0
734,1.5089,3.797821311364024,F,0.147718202,3.9435,0.8441664104502007,0.3369198022002281,3.0
735,1.508,3.7933712489189557,F,0.1816,4.003,0.7222224639697303,0.3062105081677615,3.0
738,1.503,3.8006483553639883,F,0.06578,3.709,1.0572856444182146,0.45270622651102893,3.0
739,1.501,3.727053011353857,G,0.05452,3.652,0.9694625079746368,0.47957531017498845,4.0
743,1.5,3.8092903011763157,F,0.164,3.972,0.7890163267933746,0.31827208021162695,3.0
744,1.5,3.800854491503561,F,0.114,3.863,0.9738664498353783,0.3692158574101428,3.0
745,1.4975,3.805092878342673,F,0.151095093,3.949,0.858236335429513,0.3320949284460794,3.0
746,1.497,3.819872821950546,F,0.2239,4.063,0.7740057302582095,0.2743887955503789,3.0
747,1.497,3.8027737252919755,F,0.191037568,4.017,0.7599698575543072,0.2979792441593624,3.0
748,1.495,3.718501688867274,G,0.03689,3.54,0.9092885241622507,0.5356738034257501,4.0
751,1.493,3.7960189693471493,F,0.06335,3.697,1.0655797147284485,0.4572761860613257,3.0
752,1.491,3.7074850119674734,K,0.06506,3.703,0.740993931584886,0.4523998459114416,5.0
755,1.486,3.8076703012304836,F,0.06365,3.697,1.1034616220947047,0.4560622244549514,3.0
757,1.48,3.8100307864058394,F,0.1244,3.89,0.9629845843169971,0.35602585719312274,3.0
759,1.477,3.793161529245551,F,0.08283,3.772,0.9934362304976118,0.41664050733828095,3.0
760,1.477,3.7673785241141804,G,0.05478,3.65,0.9969492484953811,0.4765418090274289,4.0
761,1.475,3.7846885995014214,F,0.08244,3.772,0.8795546009389744,0.41713940972732566,3.0
762,1.471,3.7834747875822465,F,0.09879,3.823,0.9392695863387313,0.3907585287387172,3.0
763,1.47,3.814913181275074,F,0.244,4.085,0.7456992266025056,0.25983269906348355,3.0
764,1.47,3.8069935136821074,F,0.1769,3.991,0.8304603500309671,0.3042750504771283,3.0
765,1.47,3.717504074764202,G,0.02939,3.472,0.9342458810230713,0.5660837841679959,4.0
766,1.469,3.7876021461823375,F,0.162767559,3.9666,0.7989267385772014,0.3185432991220218,3.0
768,1.467,3.789228057267335,F,0.07556,3.746,0.9875768947269874,0.42942926438178763,3.0
769,1.465,3.8123785111541943,F,0.2054,4.035,0.824646414718352,0.28397928423847985,3.0
770,1.464,3.8176975547630243,F,0.2579,4.101,0.7809650296083169,0.2506639194632435,3.0
771,1.464,3.8040712488856614,F,0.1681,3.975,0.8655777074199291,0.31281182621208803,3.0
773,1.46,3.8027737252919755,F,0.0833,3.776,1.04766419460156,0.414973347970818,3.0
775,1.458,3.8073320392911905,F,0.1604,3.962,0.8258154449852035,0.3195224490654541,3.0
776,1.458,3.7863964613723042,F,0.07331,3.736,1.0748164406451748,0.43280900503316827,3.0
777,1.455,3.8029104894190398,F,0.171,3.98,0.8185557792978027,0.3098430047160705,3.0
779,1.454,3.8027737252919755,F,0.169,3.976,0.7659664247857139,0.311541958401195,3.0
780,1.452,3.816174990428802,F,0.2292,4.066,0.7390974461174751,0.2674064187529041,3.0
781,1.452,3.7013952690139202,K,0.01852,3.336,0.9642124729698192,0.6311392502568111,5.0
782,1.45,3.782973994944048,F,0.0534,3.643,1.0976043288744108,0.47712125471966244,3.0
784,1.448,3.7956715059460215,F,0.09475,3.809,0.9969492484953811,0.393926006585837,3.0
786,1.447,3.767823498007517,G,0.08596,3.78,0.9524049395770244,0.408748606184244,4.0
787,1.447,3.754654069255432,G,0.04987,3.622,1.0718820073061255,0.4860051863622422,4.0
788,1.444,3.7866804531966487,F,0.1842,3.999,0.7481104674949838,0.2968844755385471,3.0
789,1.444,3.8067902715840667,F,0.1802,3.994,0.7690078709437739,0.3010299956639812,3.0
792,1.441,3.826787238816292,F,0.4983,4.287,0.5600262489128923,0.153814864344529,3.0
793,1.44,3.8344842853348053,F,0.3254,4.165,0.6748611407378116,0.21484384804769785,3.0
794,1.44,3.7845459740545224,F,0.1095,3.851,0.907034952483417,0.37272794088559547,3.0
795,1.44,3.794139355767774,F,0.097294226,3.817,0.8269813369119937,0.3891660843645325,3.0
797,1.44,3.765072201102792,G,0.066756622,3.706,1.1095785469043866,0.4440447959180762,4.0
798,1.437,3.808346035740395,F,0.08646,3.782,1.021189299069938,0.4065401804339551,3.0
799,1.436,3.812311609131124,F,0.2019,4.027,0.7405995128111565,0.28375338333252653,3.0
800,1.436,3.797198269838959,F,0.1618,3.96,0.824060717418653,0.31260043926125936,3.0
801,1.436,3.7184186418296554,G,0.04858,3.614,0.8484354553314708,0.49009900506330495,4.0
803,1.43,3.836070808915142,F,0.2029,4.029,0.815378484965918,0.28330122870354957,3.0
804,1.43,3.816241299991783,F,0.1732,3.982,0.8353734524700088,0.3053513694466238,3.0
805,1.43,3.834802054048699,F,0.1224,3.885,1.0542299098633972,0.35602585719312274,3.0
807,1.43,3.710625015060797,K,0.0187,3.342,1.0111473607757975,0.6283889300503115,5.0
808,1.4291,3.820464190577684,F,0.325029472,4.1635,0.678245151927042,0.21444644571839463,3.0
809,1.429,3.800510876894368,F,0.2091,4.036,0.7379079233746387,0.2778383330020474,3.0
810,1.429,3.7697464671794534,G,0.09392,3.805,0.9527440240148983,0.39339969529310187,4.0
812,1.427,3.7507397512353506,G,0.06535,3.701,0.9856060830524365,0.4460709357010051,4.0
813,1.426,3.760648619581356,G,0.07462,3.737,0.8605775512444155,0.4266738880213728,4.0
814,1.426,3.715334683792313,K,0.06662,3.704,0.7182525000977505,0.44341946178281727,5.0
815,1.426,3.714497408649806,K,0.04704,3.603,0.8920946026904804,0.49373680227683986,5.0
816,1.425,3.7967130632808965,F,0.2278,4.061,0.6774244377012474,0.2648178230095365,3.0
817,1.42,3.8295610562993927,F,0.2351,4.07,0.8470170979353542,0.2600713879850748,3.0
818,1.42,3.8145139523682383,F,0.215893758,4.044,0.781970673912552,0.27184160653649897,3.0
820,1.418,3.7884512070234555,F,0.211632697,4.038,0.6828667956623246,0.27577190016493136,3.0
821,1.418,3.806179973983887,F,0.1949,4.015,0.8188195075475364,0.28600712207947454,3.0
822,1.418,3.7063763558396903,K,0.03888,3.548,0.8877860348383715,0.520483532740792,5.0
823,1.416,3.8191489428071344,F,0.1086,3.848,0.9933039379194745,0.373279893277496,3.0
824,1.416,3.7774268223893115,G,0.09307,3.8,0.8896378004066677,0.393926006585837,4.0
826,1.413,3.8025000677643934,F,0.1731,3.979,0.7208205817703439,0.30341207059674197,3.0
827,1.413,3.785543369956593,F,0.09654,3.81,0.9244343635432307,0.388278863459639,3.0
828,1.412,3.7866804531966487,F,0.1228,3.882,0.8443528963108934,0.35525990552737846,3.0
829,1.41,3.8188195075475364,F,0.1839358,3.997,0.7773543130842088,0.2944662261615929,3.0
831,1.4082,3.8222988712623662,F,0.337700447,4.1734,0.6843066460716315,0.20803804935318046,3.0
832,1.4082,3.791901080009571,F,0.202028265,4.0238,0.7109631189952758,0.28135158167273755,3.0
834,1.408,3.7100326990657537,K,0.05599,3.652,1.0433622780211296,0.46671937168159866,5.0
836,1.406,3.763877031495655,G,0.1142,3.859,0.8298181874388775,0.3630475945210935,4.0
837,1.404,3.79309160017658,F,0.0673,3.706,0.92957217907655,0.43980621139333026,3.0
838,1.403,3.7905666251460763,F,0.2003,4.019,0.6757783416740851,0.2798949800116381,3.0
840,1.402,3.8035253955765325,F,0.09973,3.819,1.0297894708318556,0.3820170425748684,3.0
843,1.4,3.8341026557127935,F,0.2585,4.093,0.7623033632877684,0.24303804868629444,3.0
844,1.4,3.815378484965918,F,0.172572971,3.979,0.8205954965444903,0.30319605742048883,3.0
845,1.4,3.7939300067726847,F,0.1091,3.849,1.1778249718646818,0.37474834601010387,3.0
846,1.4,3.8134475442648212,F,0.1057,3.836,0.9497314523157071,0.37474834601010387,3.0
847,1.4,3.802705327074352,F,0.1023,3.829,0.9801397777457546,0.38021124171160603,3.0
848,1.4,3.7956019798941796,F,0.09306,3.799,1.0021660617565078,0.39199307225971286,3.0
849,1.399,3.797821311364024,F,0.1986,4.018,0.7124813378019187,0.2826221128780626,3.0
851,1.3987,3.7948364578145615,F,0.191573042,4.0073,0.791620482692814,0.2881150252881032,3.0
853,1.39,3.8383452687759907,F,0.3147,4.151,0.6578204560156972,0.21484384804769785,3.0
854,1.39,3.8134475442648212,F,0.2573,4.092,0.7565600430066829,0.24551266781414982,3.0
855,1.39,3.787460474518415,F,0.2097,4.033,0.6285932558512591,0.2734642726213463,3.0
856,1.39,3.8199385693553953,F,0.1942,4.008,0.8115750058705934,0.28330122870354957,3.0
857,1.39,3.7861833455676335,F,0.1775,3.985,0.7390974461174751,0.29885307640970665,3.0
859,1.39,3.7044936970092985,K,0.0253,3.429,1.0056094453602804,0.5809249756756193,5.0
860,1.389,3.7977521286507105,F,0.1151,3.859,0.9394194033293172,0.3600250891893975,3.0
861,1.389,3.7166709755601355,G,0.02891,3.459,0.9739586861067037,0.5606238745499299,4.0
864,1.385,3.827110687466011,F,0.2934,4.129,0.7131544018372984,0.22479195649268147,3.0
865,1.385,3.802294711397464,F,0.09076,3.791,1.0614524790871933,0.39357520326958756,3.0
866,1.383,3.7967130632808965,F,0.09617,3.806,0.9732202468522337,0.38542751480513054,3.0
867,1.383,3.699056854547668,K,0.0335,3.501,0.8462133638793874,0.5384480517102173,5.0
868,1.381,3.8260099777911005,F,0.3817,4.206,0.6281845080734126,0.18582535961296218,3.0
869,1.381,3.712144414214886,K,0.06425,3.689,0.723044991643445,0.4437322414015968,5.0
870,1.38,3.794975744051132,F,0.2294,4.059,1.1574567681342256,0.2600713879850748,3.0
871,1.38,3.811709026696191,F,0.1826,3.99,0.839917775678681,0.292256071356476,3.0
872,1.38,3.81424759573192,F,0.1822,3.988,0.7547304690237535,0.290034611362518,3.0
874,1.38,3.803320523578754,F,0.1212,3.877,0.8130469651601079,0.35410843914740087,3.0
875,1.378,3.808683509128969,F,0.1999,4.017,0.9653898702151223,0.2778383330020474,3.0
876,1.378,3.791129000727286,F,0.07641,3.739,1.0561422620590524,0.4181354984252322,3.0
878,1.374,3.775610448006361,G,0.0792,3.749,0.8792679568246128,0.4124605474299613,4.0
879,1.373,3.808750972349595,F,0.1067,3.836,0.921998431308271,0.3695868907363443,3.0
880,1.372,3.702258163162094,K,0.06089,3.673,0.6848453616444125,0.45071087814691935,5.0
881,1.37,3.816705183666515,F,0.487,4.274,0.548020694905531,0.14921911265537988,3.0
882,1.37,3.7956019798941796,F,0.2734,4.107,0.679609571779756,0.23325000954110028,3.0
884,1.37,3.81424759573192,F,0.219,4.043,0.8575134147766897,0.2648178230095365,3.0
885,1.37,3.7893691535914815,F,0.1892,4.001,0.6689447344577338,0.287801729930226,3.0
886,1.37,3.7934411329776636,F,0.1612,3.955,0.7947667979408211,0.31175386105575426,3.0
887,1.37,3.794139355767774,F,0.0886,3.78,0.9702073588068546,0.3961993470957364,3.0
888,1.37,3.7813963051967905,F,0.0713,3.718,1.000867721531227,0.42813479402878885,3.0
889,1.37,3.7066324508732946,K,0.0504,3.618,0.7193312869837266,0.47712125471966244,5.0
892,1.3683,3.7903555464143865,F,0.213393935,4.0359,0.6923180442592788,0.2689054412120143,3.0
893,1.368,3.8076703012304836,F,0.2436,4.074,0.6896639650157704,0.2496874278053015,3.0
895,1.364,3.75564621945668,G,0.09862,3.812,0.7651467901080253,0.38021124171160603,4.0
897,1.363,3.803252211430457,F,0.1097,3.843,0.9569843677427602,0.3643633546157308,3.0
898,1.362,3.7900035203904894,F,0.13,3.893,0.884795363948981,0.33984878303763705,3.0
899,1.362,3.7876021461823375,F,0.1199,3.868,0.8401060944567578,0.3517963068970235,3.0
901,1.36,3.8209891764160497,F,0.4287,4.236,0.5520595341878843,0.1673173347481761,3.0
902,1.36,3.79140991566716,F,0.2218,4.045,0.6481647785740011,0.26245108973042947,3.0
903,1.36,3.8040030547296126,F,0.154108373,3.94,0.8277568629786168,0.31386722036915343,3.0
904,1.36,3.726645720240912,G,0.0657,3.692,0.8421722293856158,0.437750562820388,4.0
905,1.36,3.7159198174335795,K,0.0202,3.355,0.9909157545060844,0.60959440922522,5.0
907,1.355,3.805636766305935,F,0.3482,4.176,0.5711262770843116,0.19672872262328683,3.0
908,1.354,3.8131137540078988,F,0.1052,3.83,1.0236639181977936,0.3694014136966244,3.0
909,1.352,3.8249064713021124,F,0.4384,4.243,0.575880315680646,0.1628629933219261,3.0
910,1.352,3.7227161674884948,G,0.02387,3.399,1.012415374762433,0.5844443071651761,4.0
912,1.35,3.834802054048699,F,0.5547,4.311,0.5327543789924978,0.12710479836480765,3.0
914,1.35,3.813314058945835,F,0.2524,4.08,0.6696887080562082,0.24054924828259971,3.0
915,1.35,3.8013350956745464,F,0.1772,3.979,0.7952541825808829,0.2944662261615929,3.0
916,1.35,3.821513528404773,F,0.1628,3.955,0.8202671571609645,0.3053513694466238,3.0
918,1.349,3.7942788657214,F,0.2441,4.073,0.6033609243483805,0.24723654950676405,3.0
921,1.347,3.8167714123333463,F,0.2561,4.087,0.7038929536325446,0.24004977211264766,3.0
922,1.347,3.7907072873276797,F,0.1304,3.891,0.8077379220141008,0.3376588910261423,3.0
925,1.344,3.8084135514003683,F,0.2777,4.109,0.6109793799229971,0.22865695810893527,3.0
927,1.34,3.81424759573192,F,0.4099,4.221,0.5553363279952668,0.17026171539495738,3.0
928,1.34,3.803183888535342,F,0.3023,4.131,0.6253124509616739,0.21484384804769785,3.0
929,1.34,3.721315880605899,G,0.0653,3.689,0.7111320723068418,0.437750562820388,4.0
930,1.34,3.721398375521505,G,0.04208,3.562,0.8433573784379556,0.5009222391903005,4.0
934,1.339,3.8066547239918607,F,0.2342,4.059,0.6653933502797119,0.25261034056737297,3.0
935,1.338,3.794975744051132,F,0.1118,3.845,0.9372670722114126,0.35888620440586905,3.0
937,1.336,3.819609732751585,F,0.1363,3.903,0.936815231197633,0.3308194664958368,3.0
940,1.332,3.782329268996837,F,0.1317,3.892,0.7971982698389589,0.3350565194390914,3.0
942,1.33,3.806519134080705,F,0.3656,4.187,0.545554507234065,0.18695633546541224,3.0
944,1.33,3.6986224297020978,K,0.0238,3.395,0.9226735678585543,0.5831987739686227,5.0
945,1.33,3.6885977750811696,K,0.0197,3.34,0.9189734304929542,0.60959440922522,5.0
946,1.329,3.82633400562222,F,0.4115,4.222,0.7002709373564369,0.17026171539495738,3.0
947,1.329,3.7243578042264267,G,0.03324,3.493,0.9227773419287979,0.5332635167787149,4.0
949,1.328,3.7885925559203595,F,0.1347,3.898,0.8576339851500081,0.33122478102073244,3.0
951,1.326,3.8109042806687006,F,0.3469,4.171,0.6062738531699883,0.1942367487238292,3.0
952,1.326,3.8041394323353503,F,0.1408,3.912,0.8364507137201546,0.3242824552976926,3.0
953,1.326,3.700270937356437,K,0.01905,3.331,0.9551102309705518,0.6141587095091752,5.0
954,1.325,3.7089305358066165,K,0.03291,3.49,0.7800291273373383,0.534914104429867,5.0
955,1.322,3.8024316264307236,F,0.2905,4.12,0.627263416568221,0.21932250841933676,3.0
956,1.321,3.8066547239918607,F,0.2907,4.12,0.6230424342463817,0.2190603324488613,3.0
957,1.32,3.7932314470565207,F,0.230807471,4.05,0.6511810624446879,0.250420002308894,3.0
960,1.32,3.750431248660202,G,0.0697,3.706,0.7806053058389696,0.424881636631067,4.0
961,1.32,3.7138264243805246,K,0.0352,3.509,0.7154183225950562,0.5237464668115644,5.0
965,1.316,3.7617775375081783,G,0.06719,3.696,0.935406489752349,0.43007505555193926,4.0
966,1.316,3.7234556720351857,G,0.06474,3.685,0.7471786713601644,0.4356851379416299,4.0
967,1.315,3.808750972349595,F,0.3616,4.183,0.5964871337365442,0.1866738674997451,3.0
968,1.315,3.78738962135211,F,0.2851,4.114,0.5423273827739744,0.22089224921951925,3.0
969,1.314,3.7756832490260437,G,0.132,3.891,0.799616204481499,0.33223641549144334,4.0
972,1.31,3.8084135514003683,F,0.257794191,4.082,0.6797911709803545,0.23299611039215382,3.0
973,1.31,3.792391689498254,F,0.1489,3.926,0.8838884578884805,0.3142886609474977,3.0
974,1.31,3.6874397745458944,K,0.0253,3.411,0.823800153749878,0.5717088318086876,5.0
975,1.309,3.7206553565517244,G,0.01895,3.328,0.8940944273226987,0.6128897692874847,4.0
976,1.307,3.7540423867854362,G,0.1052,3.824,0.7571681922142726,0.36455099535397195,4.0
978,1.305,3.8121108412030997,F,0.2597,4.087,0.5873741720730654,0.23274206272073686,3.0
979,1.305,3.794766797940821,F,0.1439,3.915,0.834293512442696,0.3188977146274869,3.0
980,1.305,3.793650717707173,F,0.1025,3.817,0.9358094538099329,0.36772854608697647,3.0
981,1.304,3.7972675408307164,F,0.1237,3.871,0.7824726241662862,0.3410386316775229,3.0
982,1.303,3.7573960287930244,G,0.09977,3.808,0.8256857080217583,0.37125262912493934,4.0
983,1.302,3.8129801660394804,F,0.1378,3.903,0.8705209500127643,0.32469391386177465,3.0
985,1.3,3.8174331441113845,F,0.4505,4.243,0.5433229006469121,0.15228834438305647,3.0
986,1.3,3.804412059137714,F,0.3424,4.165,0.5594277997594899,0.19284611518884168,3.0
987,1.3,3.805228914203426,F,0.2591,4.082,0.5656117249020587,0.23299611039215382,3.0
988,1.3,3.8180938691466357,F,0.2525,4.076,0.4941545940184428,0.2370407913791908,3.0
989,1.3,3.7959494989028033,F,0.144876074,3.916,0.8237349883987312,0.31806333496276157,3.0
990,1.3,3.8084135514003683,F,0.131382714,3.887,0.894039000804609,0.33243845991560533,3.0
993,1.299,3.819609732751585,F,0.3723,4.192,0.5705429398818975,0.17926446433902535,3.0
994,1.298,3.819872821950546,F,0.4618,4.251,0.4129642719966628,0.14952701375434785,3.0
995,1.298,3.8033888249836134,F,0.2412,4.063,0.6734816970733472,0.2420442393695509,3.0
997,1.293,3.7868933252613157,F,0.1581,3.941,0.7737133252770216,0.30405946621759916,3.0
999,1.291,3.816241299991783,F,0.2299,4.048,0.76618969331016,0.24919835739111287,3.0
1000,1.291,3.7550359337677714,G,0.08807,3.77,0.7709256146389991,0.3889887851247141,4.0
1001,1.29,3.8137810781740824,F,0.3983,4.207,0.5114822886260014,0.17026171539495738,3.0
1002,1.29,3.807535028068853,F,0.243590654,4.063,0.658488381309017,0.24054924828259971,3.0
1005,1.289,3.8073997127594854,F,0.5057,4.276,0.4189638307036227,0.1354506993455138,3.0
1007,1.287,3.80222623769107,F,0.13,3.883,0.8063835018241675,0.33183204443624864,3.0
1008,1.286,3.7907072873276797,F,0.1249,3.872,0.8437931983259126,0.3368598209168094,3.0
1009,1.285,3.7868933252613157,F,0.2025,4.013,0.7214808547700493,0.269045709657623,3.0
1010,1.284,3.7159198174335795,K,0.02099,3.355,0.9018940319738208,0.5952757118020994,5.0
1014,1.281,3.808278509582768,F,0.488,4.266,0.359835482339888,0.13956426617584977,3.0
1016,1.28,3.8159760009719856,F,0.3241,4.146,0.5490032620257879,0.19865708695442263,3.0
1017,1.28,3.7834747875822465,F,0.2202,4.03,0.6018427897820982,0.2528530309798932,3.0
1018,1.28,3.808346035740395,F,0.1686,3.959,0.7474118078864233,0.2933625547114455,3.0
1019,1.278,3.741230411025471,G,0.08415,3.754,0.736715133605611,0.3937506403480804,4.0
1021,1.276,3.791129000727286,F,0.2992,4.123,0.5251744278352715,0.20978301484851494,3.0
1022,1.276,3.7520484478194387,G,0.1231,3.866,0.7204074008031086,0.33845649360460484,4.0
1023,1.275,3.7802452838653524,F,0.3183,4.141,0.4640422054388108,0.20085049809107747,3.0
1024,1.275,3.79309160017658,F,0.1421,3.908,0.7967130632808964,0.31722734917642026,3.0
1025,1.274,3.7834747875822465,F,0.2869,4.111,0.5734518220354853,0.21404867941194144,3.0
1026,1.273,3.694166295933198,K,0.02326,3.383,0.9200189160289148,0.579326203755255,5.0
1028,1.272,3.797890483058349,F,0.2535,4.074,0.6438473102997142,0.2319790268315042,3.0
1030,1.271,3.808346035740395,F,0.2862,4.111,0.8115750058705934,0.21484384804769785,3.0
1031,1.271,3.8191489428071344,F,0.1465,3.916,0.8373358680150148,0.31260043926125936,3.0
1033,1.27,3.812579155409047,F,0.39,4.198,0.5407047833107623,0.17026171539495738,3.0
1035,1.27,3.8171024042569233,F,0.326681344,4.147,0.6017341482601049,0.19589965240923377,3.0
1037,1.269,3.695043658821294,K,0.02647,3.42,1.0297894708318556,0.5601458398490475,5.0
1039,1.264,3.811709026696191,F,0.5763,4.312,0.40942586867144337,0.11327469246435044,3.0
1040,1.263,3.8091555317471806,F,0.3954,4.203,0.5524248457040855,0.16790781000148003,3.0
1041,1.263,3.745309059940828,G,0.1179,3.852,0.808481056565951,0.34321159017974745,4.0
1042,1.262,3.8191489428071344,F,0.6211,4.333,0.36191661866864344,0.10277661488344131,3.0
1043,1.262,3.801609488027319,F,0.4347,4.23,0.5035183127240748,0.153814864344529,3.0
1044,1.26,3.7958800173440754,F,0.3469,4.163,0.46938013584992516,0.18752072083646307,3.0
1046,1.2581,3.775537634780957,G,0.304067893,4.1261,0.4999618655961902,0.2056103099025213,4.0
1047,1.258,3.792811771248147,F,0.1036,3.814,0.9049858810993634,0.36097188372593586,3.0
1049,1.257,3.7231271587956916,G,0.1141,3.842,0.7831171374904671,0.3467440546048488,4.0
1050,1.257,3.719911064198339,G,0.02777,3.433,0.9048777669634046,0.5519376953648372,4.0
1052,1.255,3.791971201020768,F,0.1918,3.993,0.7235377615320568,0.27137687189407456,3.0
1054,1.254,3.7973368007753496,F,0.1655,3.949,0.7214808547700493,0.2933625547114455,3.0
1055,1.253,3.805024844429805,F,0.2112,4.021,0.7530465616265292,0.25839780409550867,3.0
1057,1.252,3.7952541825808828,F,0.3836,4.193,0.43200668726959834,0.17084820364330935,3.0
1058,1.252,3.783903579272735,F,0.1035,3.813,0.930031614950973,0.36040405472993886,3.0
1059,1.251,3.798097932062486,F,0.2361,4.052,0.6338722626583327,0.24079877111733122,3.0
1060,1.251,3.808750972349595,F,0.1924,3.994,0.8314858392486574,0.27230584440208644,3.0
1061,1.251,3.75350645699097,G,0.1418,3.905,0.7770641547424295,0.3142886609474977,4.0
1062,1.25,3.8200700343123257,F,0.6846,4.359,0.33162971762993226,0.08635983067474821,3.0
1063,1.25,3.795323764329314,F,0.1388,3.898,0.8524799936368563,0.31806333496276157,3.0
1064,1.25,3.7769190028420465,G,0.1216,3.859,0.46224821535499744,0.33845649360460484,4.0
1066,1.247,3.7885925559203595,F,0.1635,3.945,0.7475671627376249,0.2940250940953227,3.0
1067,1.245,3.846955325019824,F,0.5659,4.304,0.4124605474299613,0.11394335230683679,3.0
1069,1.242,3.7162538258960365,G,0.04268,3.555,0.8356271662098977,0.48784512011143555,4.0
1071,1.24,3.8105013477665297,F,0.6012,4.321,0.3496659840966297,0.10380372095595687,3.0
1073,1.24,3.7704101315139065,G,0.3043,4.123,0.45392959205772865,0.2027606873931999,4.0
1074,1.24,3.6880636969463443,K,0.0268,3.42,0.8224949852787508,0.5550944485783191,5.0
1075,1.239,3.796921075330169,F,0.6025,4.322,0.3402457615679317,0.10414555055400815,3.0
1076,1.239,3.810434155922673,F,0.43746893,4.228,0.4827307000799429,0.1513698502474604,3.0
1077,1.239,3.794139355767774,F,0.315318514,4.135,0.5398285583778982,0.19920647916165776,3.0
1078,1.237,3.804412059137714,F,0.5263,4.282,0.4129642719966628,0.12385164096708581,3.0
1079,1.237,3.7983052820219765,F,0.4056,4.207,0.49734438101758,0.1607685618611281,3.0
1082,1.235,3.7781512503836434,F,0.3066,4.125,0.4658288153574364,0.2000292665537703,3.0
1083,1.235,3.8084135514003683,F,0.1568,3.932,0.7546540692554321,0.2979792441593624,3.0
1085,1.231,3.725339815909737,G,0.06501,3.676,0.7864674767402825,0.4256972133625911,4.0
1086,1.23,3.8092903011763157,F,0.347986649,4.16,0.5860243823869757,0.18184358794477254,3.0
1087,1.23,3.840294331611436,F,0.2237,4.033,0.791620482692814,0.24674470972384135,3.0
1088,1.23,3.7622282842864743,G,0.1186,3.847,0.7793800114916558,0.33845649360460484,4.0
1089,1.229,3.694517453811156,K,0.02954,3.447,0.8460895803579841,0.5398285583778982,5.0
1090,1.228,3.8010605298478555,F,0.4935729,4.262,0.43980621139333026,0.13257984765973707,3.0
1091,1.228,3.7831171374904673,F,0.239,4.054,0.6153186566114789,0.23879856271391703,3.0
1092,1.228,3.753812783564702,G,0.1025,3.807,0.7264011621029224,0.35945602012098654,4.0
1094,1.227,3.7807492311035524,F,0.2228,4.033,0.568201724066995,0.2469906992415498,3.0
1095,1.227,3.782830805202592,F,0.1573,3.932,0.7508939203821253,0.2975416678181598,3.0
1096,1.224,3.7399676967595092,G,0.1289,3.873,0.6457169393696038,0.325720858019412,4.0
1098,1.221,3.7861122837198264,F,0.3525,4.164,0.44731310882356823,0.17926446433902535,3.0
1100,1.22,3.796921075330169,F,0.437,4.227,0.4488608456074407,0.1486026548060934,3.0
1101,1.22,3.7646990637983677,G,0.3257,4.141,0.4234097277330934,0.18920948958230613,4.0
1102,1.22,3.7901443650429005,F,0.2114,4.016,0.6340740254874684,0.2528530309798932,3.0
1103,1.22,3.8048887446223913,F,0.19955969,4.0,0.7861833455676335,0.26245108973042947,3.0
1104,1.22,3.8038666342849843,F,0.09954,3.798,0.7994783988379808,0.362105319293773,3.0
1106,1.219,3.778585327862962,F,0.3487,4.161,0.436480695009495,0.18069920129603473,3.0
1108,1.217,3.782759192623997,F,0.3864,4.189,0.4291060083326965,0.16583762469012828,3.0
1109,1.214,3.799753966411886,F,0.4752,4.251,0.4284587735155801,0.13481437032046015,3.0
1110,1.213,3.7992026563005252,F,0.1776,3.965,0.7256666603141786,0.27715061396379675,3.0
1111,1.212,3.7937903846908188,F,0.1992,3.998,0.6662370958958044,0.26054837263697944,3.0
1112,1.212,3.8006483553639883,F,0.171,3.954,0.67797175281074,0.2826221128780626,3.0
1113,1.211,3.799478398837981,F,0.151,3.918,0.7167543574326971,0.3014640731432998,3.0
1114,1.211,3.7730546933642626,G,0.1337,3.882,0.679609571779756,0.3191060593097763,4.0
1116,1.21,3.7824009524965296,F,0.156,3.928,0.8302678009336417,0.29885307640970665,3.0
1117,1.21,3.691346764134822,K,0.0249,3.395,0.8781769804915063,0.5622928644564748,5.0
1119,1.209,3.7687120803776635,G,0.237909239,4.049,0.5206145218782359,0.23451728351268664,4.0
1120,1.208,3.8109042806687006,F,0.6161,4.324,0.3805730030668873,0.09725730969341992,3.0
1121,1.208,3.809694358716924,F,0.5205,4.276,0.4452927694259718,0.12123145514962146,3.0
1122,1.208,3.6908160579809155,K,0.03161,3.465,0.7836892363473164,0.5272431163880886,5.0
1123,1.206,3.793161529245551,F,0.4597,4.24,0.5224442335063199,0.13924921757160696,3.0
1124,1.205,3.7794521834040617,F,0.2262,4.034,0.5660837841679959,0.2420442393695509,3.0
1125,1.205,3.7056926965377035,K,0.05251,3.611,0.6797003808719642,0.4534712337229359,5.0
1127,1.204,3.7937903846908188,F,0.2319,4.043,0.6028193424326997,0.23929947912689256,3.0
1128,1.204,3.8076703012304836,F,0.2132,4.017,0.6919651027673603,0.2506639194632435,3.0
1129,1.203,3.792181496149679,F,0.6076,4.32,0.4194600727860702,0.09864372581705691,3.0
1130,1.202,3.7394141026986953,G,0.09921,3.795,0.6695957810243133,0.3605934135652489,4.0
1131,1.201,3.816241299991783,F,0.5657,4.299,0.396548037987132,0.10856502373283448,3.0
1132,1.2,3.7972675408307164,F,0.3808,4.184,0.5449357658815026,0.16613397030510912,3.0
1134,1.2,3.7756832490260437,G,0.1945,3.99,0.6372895476781745,0.2631624649622167,4.0
1135,1.199,3.7902147702439795,F,0.43746893,4.224,0.41111441855090475,0.14581771449182765,3.0
1136,1.197,3.7562556487542333,G,0.2079,4.009,0.5324995860946625,0.2533380053261064,4.0
1137,1.197,3.7741518589547103,G,0.207371636,4.007,0.5663196215248113,0.2538224387080733,4.0
1139,1.196,3.757547853469244,G,0.1373,3.888,0.5354207180561734,0.31344537042641407,4.0
1140,1.195,3.763128376799137,G,0.1376,3.889,0.741387992479269,0.31238894937059186,4.0
1141,1.194,3.8055008581584002,F,0.1972,3.993,0.7166709755601356,0.26054837263697944,3.0
1142,1.193,3.734319680859007,G,0.1156,3.838,0.7220577713314641,0.3374592612906561,4.0
1144,1.192,3.789439684567179,F,0.247,4.059,0.5891673905460476,0.22788670461367352,3.0
1147,1.19,3.7834032811225633,F,0.2693,4.084,0.4659773682858228,0.2161659022859931,3.0
1148,1.19,3.763877031495655,G,0.1947,3.989,0.5419534744582363,0.26197619139781264,4.0
1150,1.189,3.8084135514003683,F,0.1486,3.911,0.7611005389581423,0.3005954838899635,3.0
1151,1.189,3.7489628612561616,G,0.09721,3.787,0.760874638052189,0.3622939379642311,4.0
1152,1.188,3.7611758131557314,G,0.2412,4.051,0.4242280706959799,0.23070431361256905,4.0
1153,1.187,3.748265572668741,G,0.09685,3.785,0.7327956982893292,0.3622939379642311,4.0
1154,1.186,3.804412059137714,F,0.209,4.009,0.7442147248141658,0.2511513431753546,3.0
1155,1.186,3.767304317453273,G,0.1589,3.929,0.658488381309017,0.290479813330673,4.0
1156,1.184,3.7877437716464666,F,0.7565,4.381,0.2410481506716444,0.06483221973857385,3.0
1157,1.184,3.8035936647713444,F,0.1207,3.85,0.7965743332104297,0.33041377334919086,3.0
1159,1.18,3.8004421213362565,F,0.350117179,4.157,0.5342800052050815,0.17609125905568124,3.0
1160,1.18,3.75724415102197,G,0.18180527,3.968,0.5413295776666937,0.26951294421791633,4.0
1161,1.18,3.7636525705645303,G,0.1786,3.961,0.6276730317666159,0.2741578492636798,4.0
1163,1.178,3.802294711397464,F,0.470137064,4.243,0.4358443659844413,0.13353890837021754,3.0
1164,1.178,3.778946727968617,F,0.3628,4.168,0.5081255360831992,0.16996817399689249,3.0
1165,1.178,3.7611758131557314,G,0.260634898,4.071,0.4391747398434685,0.2182728535714475,4.0
1166,1.178,3.775756037844098,G,0.2277,4.033,0.5354207180561734,0.23754373814287447,4.0
1167,1.178,3.7348798027926273,G,0.04842,3.584,0.7135745377720698,0.4617985575251093,4.0
1168,1.177,3.7618526944663833,G,0.1957,3.989,0.6297153326471322,0.25959387888594865,4.0
1169,1.177,3.7729081949712717,G,0.1827,3.968,0.5425764762605296,0.269746373130767,4.0
1170,1.177,3.7396514437093766,G,0.1714,3.95,0.7186677353162109,0.27852496473701754,4.0
1171,1.176,3.8028421127390746,F,0.3135,4.125,0.5066403055665025,0.19145101446489549,3.0
1172,1.176,3.758684849882441,G,0.178,3.961,0.5582284218033257,0.2732328340430456,4.0
1173,1.176,3.746011107751926,G,0.1026,3.802,0.6555225962534177,0.35372393758894904,4.0
1174,1.176,3.708845638048179,K,0.06967,3.69,0.6446355037681529,0.4089180208467798,5.0
1175,1.174,3.7859701251320095,F,0.3296,4.14,0.4387005329007363,0.18355453361886168,3.0
1177,1.173,3.774735882551753,G,0.145,3.901,0.7257483329955482,0.30233092868439926,4.0
1178,1.17,3.7923216363515735,F,0.450252113,4.228,0.5605044151950566,0.1367205671564068,3.0
1179,1.17,3.7973368007753496,F,0.3318,4.141,0.4366396316926607,0.18184358794477254,3.0
1180,1.17,3.772028165324855,G,0.2672,4.078,0.5378190950732742,0.21510858105309322,4.0
1181,1.17,3.782759192623997,F,0.2019,3.998,0.6326597132939135,0.2543063323312856,3.0
1182,1.17,3.7902851640332416,F,0.199,3.994,0.6403820447095684,0.2576785748691845,3.0
1183,1.17,3.7840464158081133,F,0.148426958,3.907,0.9496826907952042,0.3010299956639812,3.0
1184,1.17,3.720737977018425,G,0.1094,3.819,0.5958267770732232,0.3424226808222063,4.0
1186,1.1688,3.7909181952145783,F,0.424244727,4.2108,0.4055171069763763,0.1466240888240055,3.0
1187,1.168,3.7611005389581424,G,0.2377,4.044,0.4347285417797577,0.2304489213782739,4.0
1188,1.168,3.7834747875822465,F,0.1427,3.896,0.7173375827238638,0.30405946621759916,3.0
1189,1.167,3.7191654940892134,G,0.08183,3.736,0.39357520326958756,0.38435341413750623,4.0
1191,1.166,3.769081787118219,G,0.1979,3.991,0.6057358938767466,0.2564772062416767,4.0
1192,1.165,3.702947246181556,K,0.04308,3.549,0.6903733069160591,0.47712125471966244,5.0
1193,1.163,3.7798128631705805,F,0.2604,4.07,0.48643047885443386,0.21695720736109697,3.0
1194,1.162,3.7780064614235083,G,0.449,4.228,0.35353155907776207,0.13735411137073292,4.0
1195,1.161,3.730862992046494,G,0.1197,3.844,0.5676144427308445,0.32899085544942874,4.0
1196,1.16,3.798650645445269,F,0.516298558,4.267,0.3946267642722091,0.11727129565576427,3.0
1197,1.1593,3.800235789327354,F,0.618341737,4.3186,0.3298045221640694,0.09117436070688177,3.0
1198,1.159,3.7831171374904673,F,0.8301,4.405,0.1866738674997451,0.04844180355040453,3.0
1199,1.159,3.7972675408307164,F,0.529081741,4.275,0.38129562300382597,0.11293997608408006,3.0
1200,1.159,3.759592308645975,G,0.4279,4.213,0.34281731463573295,0.1439511164239635,4.0
1201,1.159,3.7834747875822465,F,0.274,4.085,0.5224442335063199,0.20978301484851494,3.0
1202,1.159,3.7829024059746446,F,0.1568,3.923,0.6658623002031552,0.28869626059025577,3.0
1203,1.159,3.7334380270910614,G,0.1387,3.887,0.5971464878336954,0.3070679506612984,4.0
1204,1.158,3.7764832558336816,G,0.1338,3.876,0.6662370958958044,0.31238894937059186,4.0
1205,1.157,3.762528522447,G,0.4067,4.197,0.4173055832445255,0.1504494094608806,4.0
1206,1.157,3.7795964912578244,F,0.3492,4.155,0.4930395883176513,0.1726029312098599,3.0
1209,1.156,3.7218930162149575,G,0.03023,3.446,0.8349290964605759,0.5272431163880886,4.0
1210,1.154,3.7408362070573116,G,0.2065,4.001,0.5250448070368452,0.2489536154957076,4.0
1211,1.153,3.7798849631926443,F,0.4739,4.242,0.313234291694724,0.12839926871780646,3.0
1212,1.151,3.752509400788843,G,0.2791,4.088,0.45545396877862815,0.20547503674089088,4.0
1213,1.151,3.7835462822703496,F,0.2307,4.033,0.5906189482065779,0.23248786635298624,3.0
1214,1.151,3.7725417326409434,G,0.1347,3.877,0.6849350826408896,0.3100557377508914,4.0
1215,1.15,3.7907072873276797,F,0.8332,4.405,0.1880843737149382,0.04649516433470831,3.0
1216,1.15,3.7868223794991875,F,0.455223351,4.23,0.5296869537729164,0.13353890837021754,3.0
1217,1.15,3.791830947674836,F,0.2532,4.061,0.6522463410033232,0.22010808804005508,3.0
1218,1.15,3.75724415102197,G,0.220864995,4.018,0.43136376415898736,0.2380461031287954,4.0
1219,1.15,3.7840464158081133,F,0.19955969,3.99,0.6406801532776651,0.2528530309798932,3.0
1220,1.15,3.7508168426497543,G,0.1849,3.969,0.5005109105263371,0.2648178230095365,4.0
1221,1.15,3.708760723690317,K,0.0904,3.762,0.5322446436265822,0.3692158574101428,5.0
1223,1.149,3.7735670489260587,G,0.1203,3.844,0.6697816152085365,0.3265406685165618,4.0
1224,1.148,3.7951149856303634,F,0.472977771,4.24,0.42094540592197227,0.12872228433842678,3.0
1226,1.1479,3.7668588110214176,G,0.497920602,4.2548,0.256717745977487,0.1207712929369916,4.0
1227,1.147,3.7837606957439243,F,0.7383,4.37,0.22167499707076876,0.06370855939141737,3.0
1228,1.146,3.769820257763592,G,0.4385,4.218,0.32674537956532185,0.13861843389949247,4.0
1229,1.145,3.743901550485179,G,0.1663,3.938,0.5831987739686227,0.27898211686544316,4.0
1230,1.142,3.806044235748088,F,0.7723,4.378,0.23477029516091652,0.05804623039528174,3.0
1231,1.142,3.7886632131208575,F,0.1661,3.937,0.7424894645817751,0.2792105126013951,3.0
1232,1.141,3.8085485512404054,F,0.7441,4.37,0.2709116394104812,0.06182930729469903,3.0
1234,1.14,3.78710609303657,F,0.3047,4.112,0.49526674438781043,0.1903316981702915,3.0
1236,1.14,3.78710609303657,F,0.2032,3.996,0.4435758797502576,0.250420002308894,3.0
1237,1.14,3.772761647144032,G,0.17044244,3.945,0.6147917919564175,0.2741578492636798,4.0
1238,1.14,3.7481880270062002,G,0.1145,3.827,0.6949560022498181,0.33243845991560533,4.0
1239,1.14,3.707058940627596,K,0.0229,3.362,0.992376759798803,0.5646660642520893,5.0
1240,1.139,3.751279103983342,G,0.1663,3.938,0.6293076400737488,0.2780673308886626,4.0
1241,1.138,3.8105013477665297,F,0.4109,4.199,0.4194600727860702,0.1464381352857746,3.0
1243,1.135,3.7939300067726847,F,0.2528,4.058,0.5577477416414682,0.21748394421390627,3.0
1244,1.133,3.7996162044814987,F,0.146,3.899,0.7299742856995556,0.2964457942063963,3.0
1245,1.132,3.8085485512404054,F,0.5006,4.255,0.41664050733828095,0.11793383503964149,3.0
1246,1.132,3.7626035495668035,G,0.2484,4.052,0.4740705032150436,0.21958452621425473,4.0
1247,1.131,3.8004421213362565,F,0.5889,4.303,0.27184160653649897,0.09412159584056139,3.0
1248,1.131,3.7646990637983677,G,0.3364,4.141,0.4334497937615961,0.17638069224327035,4.0
1249,1.129,3.808885867359812,F,0.2863,4.095,0.5677319625480691,0.19893186993220904,3.0
1250,1.128,3.772761647144032,G,0.311,4.119,0.4546924492394769,0.18752072083646307,4.0
1251,1.128,3.7123129086813655,K,0.03621,3.494,0.8210547550468882,0.49775871828726803,5.0
1252,1.127,3.749581734865559,G,0.2727,4.079,0.3974185423513477,0.20547503674089088,4.0
1253,1.126,3.766487206239694,G,0.2794,4.085,0.47827783191960466,0.20167017964658152,4.0
1255,1.124,3.766040860381389,G,0.526,4.266,0.29885307640970665,0.11092624226642028,4.0
1258,1.122,3.787531316127234,F,0.3667,4.164,0.40466270087372225,0.1619666163640749,3.0
1259,1.121,3.7959494989028033,F,0.6622,4.335,0.2664668954402414,0.0762762554042176,3.0
1260,1.121,3.7587605439099794,G,0.3193,4.127,0.5025636691073634,0.1821292140529984,4.0
1261,1.121,3.763128376799137,G,0.199,3.987,0.5238764756381313,0.2499317566341949,4.0
1264,1.12,3.798097932062486,F,0.3993,4.188,0.6082050077043262,0.14921911265537988,3.0
1266,1.12,3.791620482692814,F,0.2531,4.056,0.5272431163880886,0.21510858105309322,3.0
1267,1.12,3.705521613422667,K,0.0347,3.481,0.8216445175422171,0.5024271199844327,5.0
1268,1.12,3.6977522741677546,K,0.0328,3.464,0.8224949852787508,0.5105450102066121,5.0
1269,1.1194,3.782973994944048,F,0.79650593,4.3879,0.21058602490515654,0.0491016782085571,3.0
1270,1.119,3.7908479039654317,F,0.6768,4.341,0.2808059283936668,0.07298474462793039,3.0
1271,1.117,3.7620029693751156,G,0.297564093,4.102,0.3988077302032645,0.1917303933628563,4.0
1272,1.117,3.783331762887424,F,0.256373837,4.056,0.502836638621003,0.2127201544178423,3.0
1273,1.116,3.736555847162636,G,0.1229,3.846,0.538070787043172,0.3191060593097763,4.0
1274,1.115,3.782759192623997,F,0.4746,4.238,0.3716219271760213,0.12319807503199871,3.0
1275,1.113,3.766115283221414,G,0.2051,3.994,0.4537768596904421,0.24477176149529495,4.0
1276,1.112,3.7802452838653524,F,0.2043,3.994,0.5322446436265822,0.24501887073775308,3.0
1278,1.11,3.7895807121644256,F,0.4732,4.239,0.34340859380385735,0.12254352406875435,3.0
1279,1.11,3.7746629225378223,G,0.4471,4.215,0.3586960995738104,0.13033376849500614,4.0
1280,1.11,3.7484206224675685,G,0.1673,3.935,0.5492485568540559,0.2739267801005256,4.0
1281,1.109,3.8140477209955996,F,0.1342,3.871,0.7974752875373343,0.30556631351530394,3.0
1283,1.108,3.7652959296980564,G,0.322420283,4.125,0.3941013020400447,0.17983892802318668,4.0
1284,1.107,3.7670816213633223,G,0.4971,4.251,0.28578227377939475,0.11561051167429974,4.0
1286,1.105,3.78161178249315,F,0.4091,4.194,0.4063698354692675,0.1439511164239635,3.0
1287,1.102,3.7636525705645303,G,0.4201,4.201,0.37125262912493934,0.13924921757160696,4.0
1289,1.1,3.7798128631705805,F,0.7906,4.384,0.18752072083646307,0.048053173115609055,3.0
1291,1.1,3.7777891874348675,G,0.2171,4.01,0.5020172148271475,0.2355284469075489,4.0
1292,1.1,3.7664128471123997,G,0.1523,3.907,0.6498214632245652,0.28555730900777376,4.0
1293,1.099,3.766784515497859,G,0.360059655,4.155,0.35333909531130464,0.16136800223497488,4.0
1294,1.099,3.758609142659744,G,0.1172,3.83,0.6037937041369629,0.3236645356081002,4.0
1295,1.098,3.738384123512156,G,0.2031,3.99,0.46879026209961094,0.2437819160937949,4.0
1296,1.098,3.7127338590699517,K,0.04759,3.57,0.6958317728266923,0.45408227073109003,5.0
1298,1.096,3.791620482692814,F,0.4817,4.239,0.32817566143832255,0.11892575282577665,3.0
1299,1.096,3.7634279935629373,G,0.3914,4.179,0.3467440546048488,0.14891099310935643,4.0
1300,1.095,3.802294711397464,F,0.3518,4.149,0.7182525000977505,0.1637575239819558,3.0
1302,1.09,3.7933712489189557,F,0.4945,4.246,0.37675939540487985,0.11394335230683679,3.0
1303,1.09,3.801197834459149,F,0.2408,4.038,0.5994463757252757,0.21853550521652784,3.0
1304,1.09,3.698709349442587,K,0.1028,3.791,0.4889735247265083,0.3424226808222063,5.0
1305,1.09,3.699230502883409,K,0.0401,3.519,0.717004407040547,0.47856649559384334,5.0
1306,1.09,3.682506085939011,K,0.02515,3.384,0.8642143304613297,0.5454308294653513,5.0
1307,1.089,3.75495958772171,G,0.2807,4.082,0.44575983648863104,0.19589965240923377,4.0
1308,1.081,3.7957410208692437,F,0.4648,4.227,0.5544891600038189,0.12188798510368115,3.0
1309,1.08,3.775610448006361,G,0.491442369,4.242,0.3287872003545347,0.11394335230683679,4.0
1310,1.08,3.7562556487542333,G,0.385626021,4.172,0.3754807146185724,0.14921911265537988,4.0
1313,1.08,3.763278211018979,G,0.2599,4.061,0.36772854608697647,0.20682587603184974,4.0
1314,1.08,3.773859552376687,G,0.2541,4.052,0.456366033129043,0.20951501454263097,4.0
1315,1.08,3.760422483423212,G,0.2168,4.006,0.41111441855090475,0.23299611039215382,4.0
1317,1.079,3.7671558660821804,G,0.4036,4.187,0.34380233316165504,0.14238946611883607,4.0
1318,1.077,3.7611758131557314,G,0.6374,4.318,0.16524432612531087,0.07591176148277752,4.0
1319,1.077,3.752739693935328,G,0.3303,4.128,0.3348556896172915,0.17114115102838207,4.0
1321,1.075,3.754654069255432,G,0.4711,4.23,0.21112054125804933,0.1192558892779367,4.0
1322,1.074,3.701222484256557,K,0.0685,3.671,0.5731037831639911,0.39846084960822326,5.0
1323,1.073,3.759214431234244,G,0.2686,4.067,0.39846084960822326,0.20030318298158503,4.0
1324,1.073,3.749581734865559,G,0.2046,3.988,0.46434048462766725,0.23979981844709866,4.0
1326,1.07,3.775173385424787,G,0.2814,4.081,0.5154764413823758,0.1931245983544616,4.0
1327,1.07,3.7331972651065692,G,0.1337,3.864,0.4967913157000424,0.30081279411811696,4.0
1328,1.07,3.7472563974421442,G,0.09871458,3.777,0.9203320715395893,0.3463529744506387,4.0
1329,1.069,3.792251571903264,F,0.6786,4.335,0.34143452457814016,0.06595298031386965,3.0
1330,1.069,3.735359333001711,G,0.2711,4.069,0.3762118502826728,0.19838213000829422,4.0
1331,1.0681,3.780821175853473,F,0.592842838,4.2955,0.24674470972384135,0.08586117378845035,3.0
1332,1.068,3.7777891874348675,G,0.7201,4.352,0.250420002308894,0.05652372407910037,4.0
1333,1.068,3.762903528499057,G,0.564590583,4.28,0.19893186993220904,0.09236969962912069,4.0
1334,1.068,3.7746629225378223,G,0.445991052,4.213,0.3096301674258988,0.12678057701200895,4.0
1335,1.068,3.7557986569738304,G,0.374973368,4.163,0.2766915288450397,0.1513698502474604,4.0
1336,1.067,3.7264826967848297,G,0.05619,3.613,0.6936390261615483,0.4260230156898761,4.0
1337,1.066,3.7958800173440754,F,0.4262,4.2,0.31260043926125936,0.13257984765973707,3.0
1338,1.065,3.7617023675414125,G,0.2264,4.017,0.47377883464672477,0.2242740142942577,4.0
1339,1.065,3.7316693318286362,G,0.09028,3.751,0.7810369386211319,0.3575537197430816,4.0
1340,1.063,3.760497875226527,G,0.2914,4.089,0.42699895875653726,0.18695633546541224,4.0
1341,1.062,3.7611758131557314,G,0.8323,4.393,0.05307844348341968,0.03502928220236815,4.0
1342,1.06,3.7690078709437738,G,1.0618,4.463,-0.02090709936167361,0.0,4.0
1343,1.06,3.7147487607250596,K,0.063205738,3.664,0.6607706435276973,0.4082399653118496,5.0
1344,1.06,3.714245911017894,K,0.0604,3.633,0.6158448828747021,0.414973347970818,5.0
1345,1.059,3.7768464086952993,G,0.632767559,4.314,0.2116544005531824,0.0751818546186916,4.0
1346,1.059,3.783331762887424,F,0.5572,4.276,0.21932250841933676,0.09307130637606349,3.0
1347,1.059,3.7622282842864743,G,0.265606136,4.061,0.420615770625765,0.2013971243204515,4.0
1348,1.059,3.7716609593488872,G,0.245721185,4.039,0.4745076391169758,0.2127201544178423,4.0
1349,1.0586,3.7638022240745928,G,0.424092039,4.1965,0.27531135454181166,0.13245181272900336,4.0
1350,1.0586,3.775537634780957,G,0.385592643,4.169,0.3457656931144882,0.14569352390422036,4.0
1351,1.057,3.780317312140151,F,0.6314,4.311,0.21669359916975436,0.07554696139253074,3.0
1353,1.056,3.7834747875822465,F,0.6796,4.333,0.19728055812561932,0.06370855939141737,3.0
1354,1.056,3.7758288144646124,G,0.2847,4.082,0.4487063199050799,0.1897709563468738,4.0
1358,1.055,3.7795964912578244,F,0.651,4.321,0.1643528557844371,0.06966809691159564,3.0
1359,1.054,3.785187420029362,F,0.2223,4.011,0.5386993795424068,0.2242740142942577,3.0
1362,1.0491,3.7652959296980564,G,0.58224771,4.2867,0.18497519069826102,0.08479069140790527,4.0
1366,1.04,3.777499319590365,G,0.2845,4.081,0.3946267642722091,0.18752072083646307,4.0
1367,1.039,3.739018245883481,G,0.1277,3.847,0.5826314394896365,0.30319605742048883,4.0
1370,1.038,3.709269960975831,K,0.05314,3.593,0.6681062379327313,0.43023635341151045,5.0
1371,1.037,3.775610448006361,G,0.3973,4.176,0.2709116394104812,0.13861843389949247,4.0
1372,1.033,3.7956019798941796,F,0.4679,4.224,0.3525683861793086,0.11327469246435044,3.0
1373,1.03,3.772761647144032,G,0.3096371,4.101,0.28981183911762143,0.17318626841227402,4.0
1377,1.019,3.7877437716464666,F,0.907605994,4.412,0.13449585583467355,0.016615547557177382,3.0
1378,1.018,3.7673785241141804,G,0.2966,4.088,0.325720858019412,0.17840134153375525,4.0
1379,1.01,3.7452309845281406,G,1.053192245,4.453,-0.01963297381522487,-0.00877392430750515,4.0
1381,1.008,3.793161529245551,F,0.4756,4.224,0.286231854028553,0.10856502373283448,3.0
1382,1.007,3.7491176623563223,G,0.6613,4.319,0.09236969962912069,0.06069784035361165,4.0
1383,1.007,3.7944880466591697,F,0.6391,4.309,0.2633993313340023,0.06557971472844842,3.0
1385,0.999,3.716754357432697,G,0.07745,3.697,0.5448119117577761,0.36995760734605304,4.0
1386,0.997,3.7636525705645303,G,0.299,4.087,0.36040405472993886,0.17435059747937998,4.0
1390,0.989,3.748498126613737,G,0.2275,4.007,0.41111441855090475,0.21298618473666817,4.0
1391,0.9883,3.7596678446896306,G,0.750644841,4.3527,0.06929801211552926,0.039691661649025885,4.0
1392,0.987,3.771807878999106,G,0.3635,4.143,0.3178544893314692,0.14457420760961637,4.0
1393,0.986,3.762678563727436,G,0.3421,4.125,0.4745076391169758,0.15320490008428433,4.0
1394,0.985,3.762753564933374,G,0.249,4.033,0.4124605474299613,0.19893186993220904,4.0
1397,0.98,3.737669627356642,G,0.3963,4.167,0.28307497473547155,0.13033376849500614,4.0
1398,0.98,3.757623745908389,G,0.365,4.145,0.37125262912493934,0.14301480025409505,4.0
1399,0.98,3.707058940627596,K,0.05814,3.611,0.5599066250361125,0.408748606184244,5.0
1400,0.9788,3.7394141026986953,G,1.230632057,4.4935,-0.16241156176448873,-0.03399914237121598,4.0
1403,0.966,3.7061201097027037,K,0.06433,3.638,0.5910646070264992,0.392169149489736,5.0
1405,0.96,3.7620029693751156,G,0.3223,4.104,0.30168094929357625,0.15836249209524964,4.0
1409,0.957,3.7269715836828765,G,0.0543,3.588,0.6787914343662439,0.41530729222556745,4.0
1410,0.956,3.752739693935328,G,0.9631,4.42,0.19700472802304578,-0.0013048416883442813,4.0
1411,0.956,3.771807878999106,G,0.5096,4.236,0.27300127206373764,0.09096307659573168,4.0
1412,0.956,3.7760470711817797,G,0.3007,4.083,0.3651134316275772,0.1673173347481761,4.0
1413,0.95,3.70035752782266,K,0.051842909,3.572,0.5566642621225685,0.42324587393680785,5.0
1417,0.94,3.7641013764762286,G,0.656203395,4.306,0.15320490008428433,0.05307844348341968,4.0
1418,0.94,3.7646990637983677,G,0.4394,4.193,0.31365634661803143,0.11058971029924898,4.0
1419,0.94,3.7505083948513462,G,0.2777,4.058,0.31281182621208803,0.17609125905568124,4.0
1420,0.94,3.695831772826692,K,0.0347,3.465,0.7723950610820003,0.48572142648158,5.0
1421,0.937,3.7635777244666455,G,0.2784,4.058,0.4148062795010126,0.17551181336344768,4.0
1427,0.929,3.763951826033324,G,0.7986,4.362,0.05994188806195468,0.02201573981772028,4.0
1429,0.923,3.760271660542063,G,0.2109,3.975,0.4537768596904421,0.21325205219639665,4.0
1434,0.92,3.75373622217501,G,0.3093,4.086,0.3776704393343231,0.1553360374650618,4.0
1435,0.918,3.7518177877368792,G,0.758468859,4.344,0.026533264523296733,0.027757204690553483,4.0
1436,0.918,3.749890841271422,G,0.323840636,4.102,0.30037806487070257,0.1504494094608806,4.0
1438,0.899,3.75350645699097,G,1.173922307,4.468,-0.10790539730951958,-0.0381045263321496,4.0
1441,0.897,3.735359333001711,G,0.1712,3.911,0.4599952560473914,0.23979981844709866,4.0
1443,0.884,3.739018245883481,G,0.2086,3.966,0.4848690327204024,0.20844135643856737,4.0
1444,0.883,3.735119634081872,G,1.286,4.492,-0.18217030025439443,-0.054531414868180264,4.0
1445,0.88,3.766040860381389,G,1.095802855,4.444,0.01157044359727816,-0.03151705144606486,4.0
1450,0.866,3.7768464086952993,G,0.5761,4.255,0.2380461031287954,0.05994188806195468,4.0
1454,0.85,3.7646990637983677,G,0.8915,4.383,0.0354297381845483,-0.004364805402450088,4.0
1455,0.85,3.7518946880437474,G,0.6827,4.306,0.6814221557210085,0.03342375548694973,4.0
1458,0.835,3.7333577879255855,G,1.362,4.501,-0.2572748686953017,-0.07109230975604734,4.0
1460,0.83,3.744214724814166,G,1.033307294,4.421,0.08564728829685654,-0.03151705144606486,4.0
1464,0.8115,3.768860000842957,G,0.76353526,4.3293,0.08206693428511301,0.008429826797229934,4.0
1465,0.81,3.733758835587203,G,1.765499609,4.57,-0.33068311943388784,-0.11238269966426384,4.0
1468,0.789,3.730620797887283,G,1.254,4.469,-0.13840585535613475,-0.06701917807680184,4.0
1471,0.739,3.702947246181556,K,1.774021731,4.56,-0.4672456210075022,-0.12609840213553863,5.0
1472,0.728,3.725012725341157,G,1.657604574,4.5386,-0.36754270781527576,-0.11758931562603196,4.0
