System,SpT,Pday,Vmag,BmV,logM,logMe,logR,logRe,logg,logge,logT,logTe,logL,logLe,Mass[solMass],log.Teff [K],B-V,Absolute Mag
EPIC_203710387-1,M,2.809,14.3,1.8,-0.9363,0.0116,-0.3648,0.0055,4.231,0.01,3.483,0.011,-1.842,0.047,0.115797718,3.483,1.8,9.405
EPIC_203710387-2,M,2.809,14.3,1.8,-0.9763,0.0111,-0.373,0.0057,4.207,0.01,3.483,0.011,-1.861,0.047,0.105608774,3.483,1.8,9.4525
CM_Dra-1,M,1.268,12.9,1.6,-0.6478,0.0006,-0.6003,0.0003,4.9908,0.0008,3.496,0.01,-2.258,0.038,0.225009057,3.496,1.6,10.445
CM_Dra-2,M,1.268,12.9,1.6,-0.6776,0.0006,-0.6243,0.0004,5.0091,0.0007,3.494,0.014,-2.313,0.056,0.210087397,3.494,1.6,10.5825
KOI-126_BC-1,M,1.722,-1,-1,-0.6286,0.0011,-0.5943,0.0014,4.998,0.003,3.51,0.005,-2.194,0.02,0.235179791,3.51,-1,10.285
KOI-126_BC-2,M,1.722,-1,-1,-0.6834,0.0013,-0.6354,0.0013,5.026,0.003,3.501,0.005,-2.312,0.02,0.207300333,3.501,-1,10.58
UScoCTIO_5-1,M,34.001,16.19,1.62,-0.4694,0.0026,-0.0588,0.0012,4.0859,0.0021,3.515,0.013,-1.105,0.053,0.33931261,3.515,1.62,7.5625
UScoCTIO_5-2,M,34.001,16.19,1.62,-0.4864,0.0027,-0.077,0.0012,4.1053,0.0021,3.513,0.013,-1.146,0.059,0.326287172,3.513,1.62,7.665
LSPM_J1112+7626-1,M,41.033,14.85,1.49,-0.4038,0.0025,-0.4134,0.0061,4.861,0.012,3.486,0.024,-1.92,0.08,0.394638998,3.486,1.49,9.6
PTFEB_132.707+19.810-1,M,6.016,17.89,1.66,-0.4031,0.0022,-0.4401,0.0096,4.915,0.019,3.513,0.012,-1.863,0.032,0.395275594,3.513,1.66,9.4575
PTFEB_132.707+19.810-2,M,6.016,17.89,1.66,-0.6782,0.0029,-0.5654,0.0192,4.891,0.039,3.494,0.015,-2.3,0.13,0.209797351,3.494,1.66,10.55
NGTS_0002-29-1,M,1.098,17.64,1.28,-0.4003,0.0036,-0.3939,0.0052,4.826,0.01,3.528,0.005,-1.72,0.02,0.397832263,3.528,1.28,9.1
NGTS_0002-29-2,M,1.098,17.64,1.28,-0.6488,0.0035,-0.5592,0.0087,4.908,0.017,3.509,0.006,-2.12,0.03,0.224491551,3.509,1.28,10.1
CU_Cnc-1,M,2.771,11.89,1.4,-0.3632,0.0017,-0.3648,0.0052,4.804,0.011,3.5,0.021,-1.778,0.083,0.433311285,3.5,1.4,9.245
CU_Cnc-2,M,2.771,11.89,1.4,-0.4001,0.0015,-0.408,0.0104,4.854,0.021,3.495,0.021,-1.884,0.086,0.398015514,3.495,1.4,9.51
HAT-TR-318-007-1,M,3.343,16.13,1.32,-0.3487,0.001,-0.3422,0.0034,4.774,0.0057,3.504,0.015,-1.715,0.06,0.44802268,3.504,1.32,9.0875
HAT-TR-318-007-2,M,3.343,16.13,1.32,-0.5653,0.0067,-0.5357,0.0036,4.9442,0.0039,3.491,0.015,-2.151,0.062,0.272082118,3.491,1.32,10.1775
MG1-2056316-1,M,1.722,16.2,1.5,-0.3288,0.0019,-0.3556,0.003,4.82,0.006,3.539,0.022,-1.6,0.09,0.469029328,3.539,1.5,8.8
MG1-2056316-2,M,1.722,16.2,1.5,-0.4179,0.0023,-0.4271,0.0035,4.874,0.007,3.521,0.022,-1.82,0.09,0.382032227,3.521,1.5,9.35
THOR_42-1,M,0.859,15.17,1.53,-0.3036,0.0044,-0.1811,0.002,4.496,0.003,3.518,0.003,-1.337,0.013,0.497049911,3.518,1.53,8.1425
MG1-646680-1,M,1.638,17.3,1.4,-0.3019,0.0017,-0.3401,0.0067,4.816,0.013,3.572,0.006,-1.44,0.03,0.498999373,3.572,1.4,8.4
MG1-646680-2,M,1.638,17.3,1.4,-0.3536,0.002,-0.3696,0.0061,4.824,0.013,3.56,0.006,-1.55,0.03,0.442996199,3.56,1.4,8.675
MG1-78457-1,M,1.586,17.7,1.5,-0.2782,0.0016,-0.2967,0.0095,4.753,0.019,3.522,0.013,-1.55,0.05,0.526987119,3.522,1.5,8.675
MG1-78457-2,M,1.586,17.7,1.5,-0.3089,0.0018,-0.327,0.0111,4.783,0.022,3.515,0.013,-1.64,0.05,0.491020925,3.515,1.5,8.9
MG1-116309-1,K,0.827,16.1,1.4,-0.2464,0.0015,-0.2581,0.0102,4.708,0.02,3.593,0.011,-1.19,0.04,0.567022118,3.593,1.4,7.775
MG1-116309-2,M,0.827,16.1,1.4,-0.2741,0.0016,-0.2741,0.0073,4.712,0.015,3.581,0.011,-1.27,0.05,0.531985751,3.581,1.4,7.975
MG1-506664-1,M,1.548,16,1.4,-0.2336,0.0015,-0.2518,0.0039,4.708,0.008,3.572,0.012,-1.26,0.05,0.583982725,3.572,1.4,7.95
MG1-506664-2,M,1.548,16,1.4,-0.2644,0.0016,-0.2899,0.0068,4.753,0.013,3.558,0.012,-1.4,0.05,0.544001378,3.558,1.4,8.3
LP_819-72-1,K,11,10.54,1.76,-0.2291,0.0147,-0.2218,0.0072,4.65,0.02,3.605,0.006,-1.07,0.03,0.590065197,3.605,1.76,7.475
LP_819-72-2,K,11,10.54,1.76,-0.1871,0.0134,-0.2366,0.0075,4.72,0.02,3.626,0.006,-1.01,0.03,0.64998001,3.626,1.76,7.325
YY_Gem-1,M,0.814,9.07,1.49,-0.2237,0.0034,-0.2079,0.004,4.63,0.008,3.582,0.011,-1.134,0.009,0.597447846,3.582,1.49,7.635
YY_Gem-2,M,0.814,9.07,1.49,-0.2212,0.0034,-0.2193,0.0041,4.655,0.051,3.582,0.011,-1.134,0.009,0.60089695,3.582,1.49,7.635
GU_Boo-1,M,0.489,13.7,1.5,-0.2147,0.005,-0.2055,0.0112,4.634,0.023,3.593,0.014,-1.09,0.06,0.609958096,3.593,1.5,7.525
GU_Boo-2,M,0.489,13.7,1.5,-0.2226,0.0044,-0.2076,0.014,4.63,0.028,3.581,0.015,-1.14,0.08,0.598963006,3.581,1.5,7.65
NSVS_10653195-1,K,0.561,12.5,1.17,-0.1937,0.0035,-0.163,0.0133,4.57,0.027,3.628,0.01,-0.863,0.05,0.640176901,3.628,1.17,6.9575
NSVS_10653195-2,K,0.561,12.5,1.17,-0.1864,0.0035,-0.1726,0.0129,4.597,0.027,3.613,0.012,-0.939,0.055,0.651028498,3.613,1.17,7.1475
ASAS_J082552-1622.8-1,K,1.528,11.45,1.16,-0.1531,0.0028,-0.1586,0.0056,4.6,0.016,3.624,0.021,-0.808,0.082,0.70291045,3.624,1.16,6.82
ASAS_J082552-1622.8-2,M,1.528,11.45,1.16,-0.1629,0.0031,-0.1555,0.0081,4.585,0.016,3.611,0.021,-0.909,0.087,0.687226662,3.611,1.16,7.0725
2MASS_J12220147-5737565-1,M,3.072,12.85,1.5,-0.1335,0.0034,-0.0106,0.0058,4.33,0.011,3.574,0.004,-0.772,0.021,0.735359995,3.574,1.5,6.73
2MASS_J12220147-5737565-2,M,3.072,12.85,1.5,-0.1752,0.0029,-0.0259,0.0069,4.31,0.013,3.562,0.004,-0.851,0.022,0.668036205,3.562,1.5,6.9275
1SWASP_J093010.78+533859.5-1,K,1.306,9.84,0.88,-0.1158,0.0079,-0.1209,0.0046,4.564,0.012,3.699,0.017,-0.49,0.07,0.765949258,3.699,0.88,6.025
1SWASP_J093010.78+533859.5-2,K,1.306,9.84,0.88,-0.1911,0.0081,-0.129,0.0058,4.505,0.014,3.627,0.021,-0.8,0.08,0.644020957,3.627,0.88,6.8
V1236_Tau-1,K,2.588,18.1,1.37,-0.104,0.0066,-0.1035,0.0083,4.54,0.02,3.623,0.02,-0.76,0.1,0.78704579,3.623,1.37,6.7
V1236_Tau-2,K,2.588,18.1,1.37,-0.1135,0.0051,-0.0878,0.0053,4.5,0.01,3.618,0.025,-0.75,0.09,0.770016444,3.618,1.37,6.675
ASAS_J045304-0700.4-1,K,1.622,11.24,0.63,-0.0789,0.0019,-0.0716,0.0026,4.503,0.005,3.726,0.016,-0.278,0.065,0.833873169,3.726,0.63,5.495
ASAS_J045304-0700.4-2,K,1.622,11.24,0.63,-0.082,0.0021,-0.0794,0.0026,4.515,0.005,3.708,0.017,-0.365,0.068,0.827942164,3.708,0.63,5.7125
HS_Aur-1,G,9.815,10.16,0.77,-0.0458,0.0092,0.0017,0.0104,4.389,0.023,3.728,0.006,-0.13,0.03,0.899911911,3.728,0.77,5.125
HS_Aur-2,K,9.815,10.16,0.77,-0.056,0.0084,-0.059,0.0119,4.5,0.025,3.716,0.006,-0.3,0.03,0.879022517,3.716,0.77,5.55
EPIC_219511354-1,K,1.622,13.16,0.94,-0.04,0.0062,-0.0362,0.0076,4.47,0.016,3.702,0.013,-0.31,0.053,0.912010839,3.702,0.94,5.575
EPIC_219511354-2,K,1.622,13.16,0.94,-0.0851,0.0085,-0.0701,0.0082,4.494,0.017,3.671,0.012,-0.5,0.052,0.822053343,3.671,0.94,6.05
RW_Lac-1,G,10.369,10.63,0.5,-0.0325,0.0028,0.0741,0.0015,4.257,0.003,3.76,0.008,0.14,0.03,0.92789749,3.76,0.5,4.45
RW_Lac-2,G,10.369,10.63,0.5,-0.0605,0.002,-0.0159,0.0018,4.409,0.004,3.745,0.012,-0.1,0.05,0.869961433,3.745,0.5,5.05
CG_Cyg-1,G,0.631,10.08,0.86,-0.0269,0.0055,-0.0506,0.0063,4.512,0.014,3.721,0.015,-0.26,0.06,0.939939715,3.721,0.86,5.45
CG_Cyg-2,K,0.631,10.08,0.86,-0.0915,0.007,-0.0757,0.0072,4.505,0.016,3.674,0.006,-0.51,0.03,0.810027942,3.674,0.86,6.075
HP_Aur-1,G,1.423,11.17,0.68,-0.0203,0.0019,0.0119,0.0018,4.3942,0.004,3.764,0.009,0.036,0.035,0.954333128,3.764,0.68,4.71
HP_Aur-2,K,1.423,11.17,0.68,-0.0918,0.0019,-0.1103,0.0019,4.5669,0.0043,3.713,0.01,-0.414,0.039,0.809468587,3.713,0.68,5.835
ASAS_J065134-2211.5-1,G,8.22,9.83,0.83,-0.0195,0.0055,-0.0013,0.0017,4.421,0.003,3.74,0.008,-0.09,0.03,0.956092695,3.74,0.83,5.025
OGLE-BLG-ECL-116218-1,K,80.586,17.59,1.6,-0.0137,0.0054,1.2235,0.0073,1.978,0.015,3.627,0.021,1.91,0.08,0.96894695,3.627,1.6,0.025
OGLE-BLG-ECL-116218-2,K,80.586,17.59,1.6,-0.0074,0.0053,1.3436,0.0051,1.744,0.009,3.611,0.015,2.08,0.06,0.983105215,3.611,1.6,-0.4
OGLE-SMC-ECL-1492-1,G,73.715,17.71,1.03,-0.0132,0.0045,1.2014,0.0164,2.02,0.03,3.697,0.009,2.149,0.046,0.970063134,3.697,1.03,-0.5725
OGLE-SMC-ECL-1492-2,G,73.715,17.71,1.03,-0.0132,0.0045,1.3997,0.0052,1.63,0.01,3.679,0.006,2.468,0.028,0.970063134,3.679,1.03,-1.37
IM_Vir-1,G,1.309,9.57,0.66,-0.0083,0.0053,0.0257,0.0065,4.379,0.014,3.754,0.008,-0.012,0.034,0.98107001,3.754,0.66,4.83
IM_Vir-2,K,1.309,9.57,0.66,-0.1776,0.0031,-0.1669,0.0083,4.594,0.017,3.628,0.013,-0.867,0.056,0.664354682,3.628,0.66,6.9675
V530_Ori-1,G,6.111,9.96,0.49,0.0016,0.0029,-0.0088,0.0058,4.457,0.012,3.777,0.007,0.016,0.032,1.003690931,3.777,0.49,4.76
V530_Ori-2,M,6.111,9.96,0.49,-0.2251,0.0016,-0.2311,0.005,4.676,0.01,3.589,0.013,-1.154,0.053,0.595525003,3.589,0.49,7.685
V1174_Ori-1,K,2.635,13.95,1.24,0.0039,0.0065,0.1268,0.0049,4.19,0.01,3.65,0.012,-0.193,0.048,1.009020524,3.65,1.24,5.2825
V1174_Ori-2,M,2.635,13.95,1.24,-0.1361,0.0048,0.0273,0.0045,4.25,0.01,3.558,0.012,-0.761,0.058,0.730970752,3.558,1.24,6.7025
EBLM_J0113+31-1,G,14.277,10.12,0.5,0.0124,0.0106,0.1514,0.0043,4.148,0.006,3.787,0.003,0.406,0.014,1.028963572,3.787,0.5,3.785
CV_Boo-1,G,0.847,10.8,0.5,0.0137,0.0055,0.1011,0.0079,4.294,0.016,3.76,0.011,0.197,0.048,1.032048246,3.76,0.5,4.3075
CV_Boo-2,G,0.847,10.8,0.5,-0.0141,0.0054,0.0693,0.0085,4.285,0.017,3.754,0.011,0.107,0.049,0.968054928,3.754,0.5,4.5325
KIC_7177553-1,G,17.996,11.54,0.52,0.0183,0.0058,-0.0269,0.0023,4.517,0.008,3.763,0.01,-0.055,0.04,1.043037686,3.763,0.52,4.9375
KIC_7177553-2,G,17.996,11.54,0.52,-0.0061,0.0066,-0.0264,0.0023,4.491,0.008,3.759,0.011,-0.071,0.041,0.986052413,3.759,0.52,4.9775
V636_Cen-1,G,4.284,8.7,0.62,0.022,0.0021,0.0077,0.0017,4.444,0.004,3.771,0.006,0.05,0.03,1.051961874,3.771,0.62,4.675
OGLE-BLG-ECL-305487-1,K,176.655,18.2,1.7,0.0253,0.0082,1.2849,0.0063,1.893,0.013,3.628,0.042,2.03,0.17,1.059985685,3.628,1.7,-0.275
OGLE-BLG-ECL-305487-2,K,176.655,18.2,1.7,-0.0039,0.0079,1.477,0.0035,1.48,0.005,3.6,0.027,2.31,0.11,0.991060119,3.6,1.7,-0.975
EPIC_219394517-1,G,6.527,11.34,0.64,0.0327,0.0008,0.0233,0.0045,4.4247,0.0094,3.773,0.007,0.091,0.031,1.07820167,3.773,0.64,4.5725
EPIC_219394517-2,G,6.527,11.34,0.64,0.0278,0.001,0.0179,0.005,4.4303,0.0097,3.769,0.007,0.066,0.031,1.066105049,3.769,0.64,4.635
V963_Cen-1,G,15.269,8.6,0.64,0.0339,0.0012,0.16,0.0016,4.152,0.003,3.764,0.004,0.332,0.018,1.081184971,3.764,0.64,3.97
V963_Cen-2,G,15.269,8.6,0.64,0.0315,0.0012,0.1527,0.0021,4.164,0.004,3.765,0.005,0.32,0.021,1.0752266,3.765,0.64,4
OGLE-BLG-ECL-296596-1,K,155.658,15.48,1.26,0.0386,0.006,1.2567,0.0067,1.963,0.013,3.625,0.014,1.964,0.067,1.092949259,3.625,1.26,-0.11
OGLE-BLG-ECL-296596-2,K,155.658,15.48,1.26,0.0512,0.0054,1.4742,0.0048,1.541,0.011,3.599,0.013,2.297,0.06,1.125122993,3.599,1.26,-0.9425
V1094_Tau-1,G,8.989,8.97,0.7,0.04,0.0016,0.1495,0.0018,4.179,0.004,3.767,0.007,0.32,0.03,1.096478196,3.767,0.7,4
V1094_Tau-2,G,8.989,8.97,0.7,0.0052,0.0012,0.0439,0.0026,4.355,0.005,3.756,0.008,0.05,0.03,1.012045411,3.756,0.7,4.675
QR_Hya-1,G,5.006,8.4,0.63,0.0415,0.0007,0.1087,0.0014,4.262,0.003,3.773,0.005,0.262,0.021,1.100271845,3.773,0.63,4.145
QR_Hya-2,G,5.006,8.4,0.63,0.0283,0.0008,0.0802,0.002,4.306,0.004,3.767,0.005,0.182,0.023,1.067333154,3.767,0.63,4.345
AL_Dor-1,F,14.905,7.74,0.57,0.0421,0.0002,0.0381,0.0008,4.404,0.002,3.782,0.005,0.159,0.018,1.101792978,3.782,0.57,4.4025
AL_Dor-2,F,14.905,7.74,0.57,0.0425,0.0003,0.0407,0.0008,4.399,0.002,3.782,0.005,0.164,0.018,1.102808234,3.782,0.57,4.39
EPIC_219568666-1,F,11.991,11.86,0.7,0.0496,0.005,0.0711,0.0026,4.346,0.005,3.788,0.007,0.248,0.028,1.120985513,3.788,0.7,4.18
HP_Dra-1,F,10.762,7.94,0.55,0.0542,0.0019,0.137,0.0038,4.218,0.01,3.778,0.011,0.34,0.044,1.132921973,3.778,0.55,3.95
HP_Dra-2,F,10.762,7.94,0.55,0.039,0.0028,0.022,0.0041,4.433,0.011,3.77,0.011,0.079,0.044,1.093956366,3.77,0.55,4.6025
KX_Cnc-1,F,31.22,7.19,0.56,0.0548,0.0012,0.0223,0.0023,4.4825,0.0045,3.771,0.007,0.083,0.03,1.134488244,3.771,0.56,4.5925
KX_Cnc-2,F,31.22,7.19,0.56,0.0508,0.0017,0.025,0.0021,4.4388,0.0041,3.767,0.007,0.071,0.03,1.124087193,3.767,0.56,4.6225
ZZ_UMa-1,F,2.299,10.39,0.54,0.0549,0.0033,0.1574,0.0021,4.178,0.004,3.775,0.005,0.37,0.052,1.1347495,3.775,0.54,3.875
ZZ_UMa-2,G,2.299,10.39,0.54,-0.0154,0.0023,0.0315,0.0019,4.36,0.003,3.722,0.007,-0.095,0.03,0.965161523,3.722,0.54,5.0375
ASAS_J061016-3321.3-1,K,199.857,9.71,1.48,0.0599,0.0117,1.0913,0.0067,2.315,0.014,3.632,0.019,1.667,0.074,1.14788928,3.632,1.48,0.6325
ASAS_J061016-3321.3-2,K,199.857,9.71,1.48,0.0615,0.0045,1.5227,0.0051,1.454,0.01,3.583,0.021,2.319,0.092,1.15212606,3.583,1.48,-0.9975
WASP_0639-32-1,F,11.658,10.66,0.5,0.0624,0.0016,0.2634,0.0054,3.974,0.011,3.801,0.003,0.685,0.018,1.154516117,3.801,0.5,3.0875
WASP_0639-32-2,K,11.658,10.66,0.5,-0.1061,0.0016,-0.1372,0.0048,4.607,0.01,3.732,0.006,-0.392,0.028,0.783249272,3.732,0.5,5.78
UW_LMi-1,G,3.874,8.32,0.59,0.0655,0.0007,0.1271,0.0045,4.249,0.009,3.781,0.005,0.332,0.022,1.162786551,3.781,0.59,3.97
UW_LMi-2,G,3.874,8.32,0.59,0.057,0.0006,0.1055,0.0055,4.284,0.011,3.778,0.005,0.279,0.023,1.140249788,3.778,0.59,4.1025
AL_Ari-1,F,3.747,7.23,0.52,0.066,0.0005,0.1374,0.0028,4.229,0.005,3.804,0.004,0.444,0.016,1.164126029,3.804,0.52,3.69
AL_Ari-2,G,3.747,7.23,0.52,-0.0404,0.0003,-0.0434,0.0038,4.458,0.008,3.745,0.005,-0.155,0.019,0.911171233,3.745,0.52,5.1875
EW_Ori-1,G,6.937,9.9,0.57,0.0693,0.0041,0.0674,0.0019,4.372,0.005,3.783,0.007,0.22,0.03,1.173005369,3.783,0.57,4.25
EW_Ori-2,G,6.937,9.9,0.57,0.0504,0.0035,0.0402,0.002,4.408,0.005,3.771,0.007,0.12,0.03,1.123052348,3.771,0.57,4.5
V2080_Cyg-1,F,4.934,7.4,0.42,0.0759,0.0062,0.203,0.0022,4.108,0.003,3.778,0.005,0.474,0.022,1.190967746,3.778,0.42,3.615
V2080_Cyg-2,F,4.934,7.4,0.42,0.0633,0.0064,0.2038,0.0022,4.093,0.003,3.777,0.005,0.472,0.022,1.156911132,3.777,0.42,3.62
LV_Her-1,F,18.436,11.06,0.78,0.0766,0.0036,0.1329,0.0038,4.2493,0.0082,3.793,0.011,0.349,0.044,1.192888907,3.793,0.78,3.9275
LV_Her-2,F,18.436,11.06,0.78,0.0681,0.003,0.1183,0.0036,4.2695,0.0081,3.78,0.011,0.311,0.044,1.169768709,3.78,0.78,4.0225
AI_Phe-1,K,24.592,8.61,0.83,0.0769,0.0003,0.2565,0.0005,4.002,0.0011,3.792,0.002,0.654,0.007,1.19371321,3.792,0.83,3.165
AI_Phe-2,F,24.592,8.61,0.83,0.0948,0.0003,0.4673,0.0003,3.5981,0.0009,3.707,0.002,0.736,0.006,1.243941624,3.707,0.83,2.96
LL_Aqr-1,F,20.178,9.32,0.54,0.0777,0.0003,0.1209,0.002,4.274,0.004,3.784,0.003,0.332,0.014,1.195914138,3.784,0.54,3.97
LL_Aqr-2,F,20.178,9.32,0.54,0.0144,0.0003,0.0009,0.0022,4.451,0.004,3.756,0.004,-0.019,0.016,1.033713052,3.756,0.54,4.8475
FL_Lyr-1,F,2.178,9.33,0.52,0.0829,0.0027,0.0948,0.008,4.331,0.016,3.796,0.008,0.33,0.095,1.210319415,3.796,0.52,3.975
FL_Lyr-2,G,2.178,9.33,0.52,-0.0217,0.0018,-0.0458,0.0116,4.508,0.023,3.74,0.019,-0.18,0.08,0.951261675,3.74,0.52,5.25
UX_Men-1,F,4.181,8.22,0.54,0.0874,0.0005,0.1294,0.0042,4.272,0.009,3.792,0.007,0.38,0.03,1.222925498,3.792,0.54,3.85
UX_Men-2,F,4.181,8.22,0.54,0.0747,0.0005,0.1052,0.0044,4.306,0.009,3.789,0.007,0.32,0.03,1.187681523,3.789,0.54,4
WZ_Oph-1,F,4.184,9.1,0.5,0.0888,0.0025,0.1464,0.0037,4.234,0.008,3.79,0.007,0.41,0.03,1.226874105,3.79,0.5,3.775
WZ_Oph-2,F,4.184,9.1,0.5,0.0864,0.0021,0.152,0.0037,4.221,0.008,3.786,0.007,0.4,0.03,1.220112847,3.786,0.5,3.8
EF_Aqr-1,G,2.854,9.89,0.72,0.0948,0.0028,0.1265,0.0039,4.28,0.007,3.789,0.006,0.36,0.011,1.243941624,3.789,0.72,3.9
KIC_5359678-1,F,6.231,14.21,0.7,0.0976,0.0062,0.1611,0.0036,4.214,0.007,3.813,0.003,0.555,0.014,1.251987521,3.813,0.7,3.4125
HS_Hya-1,F,1.568,8.12,0.41,0.0987,0.0027,0.1054,0.0025,4.3259,0.0056,3.8129,0.0033,0.415,0.014,1.255162629,3.8129,0.41,3.7625
HS_Hya-2,F,1.568,8.12,0.41,0.0859,0.0025,0.085,0.0025,4.3539,0.0057,3.8062,0.0034,0.347,0.015,1.218708949,3.8062,0.41,3.9325
V501_Her-1,G,8.598,10.93,0.93,0.1035,0.0012,0.3014,0.0007,3.9384,0.0014,3.755,0.008,0.576,0.03,1.269112144,3.755,0.93,3.36
V501_Her-2,G,8.598,10.93,0.93,0.0833,0.0011,0.1793,0.0008,4.1623,0.0016,3.757,0.008,0.344,0.029,1.211434674,3.757,0.93,3.94
V2154_Cyg-1,F,2.631,7.83,0.4,0.1035,0.0058,0.1694,0.0035,4.2028,0.0089,3.831,0.01,0.616,0.039,1.269112144,3.831,0.4,3.26
V2154_Cyg-2,K,2.631,7.83,0.4,-0.1225,0.0034,-0.1407,0.0055,4.597,0.012,3.701,0.013,-0.523,0.039,0.754223396,3.701,0.4,6.1075
CQ_Ind-1,F,8.974,8.36,0.53,0.1036,0.0004,0.1491,0.0012,4.243,0.002,3.81,0.005,0.494,0.018,1.269404402,3.81,0.53,3.565
CQ_Ind-2,F,8.974,8.36,0.53,0.0528,0.0005,0.0518,0.0022,4.387,0.003,3.788,0.005,0.212,0.021,1.129275744,3.788,0.53,4.27
VZ_Hya-1,F,2.904,8.95,0.41,0.1041,0.0021,0.1186,0.0017,4.305,0.005,3.809,0.01,0.48,0.04,1.270866699,3.809,0.41,3.6
VZ_Hya-2,F,2.904,8.95,0.41,0.0592,0.0027,0.0461,0.0027,4.405,0.006,3.799,0.01,0.24,0.04,1.146040591,3.799,0.41,4.2
V505_Per-1,F,4.222,6.88,0.42,0.1053,0.0012,0.112,0.0005,4.3194,0.001,3.814,0.003,0.434,0.013,1.27438309,3.814,0.42,3.715
V505_Per-2,F,4.222,6.88,0.42,0.0996,0.001,0.1016,0.0006,4.3343,0.001,3.81,0.013,0.399,0.013,1.257766432,3.81,0.42,3.8025
AP_And-1,F,1.587,11.19,0.44,0.1062,0.0015,0.0911,0.0022,4.3623,0.0044,3.817,0.01,0.403,0.04,1.277026766,3.817,0.44,3.7925
AP_And-2,F,1.587,11.19,0.44,0.0973,0.0015,0.0775,0.0019,4.3805,0.0038,3.813,0.01,0.358,0.039,1.251122977,3.813,0.44,3.905
CF_Tau-1,K,2.756,10.25,0.95,0.1079,0.003,0.4467,0.0017,3.653,0.005,3.716,0.013,0.71,0.05,1.282035349,3.716,0.95,3.025
CF_Tau-2,G,2.756,10.25,0.95,0.0973,0.0038,0.3113,0.0034,3.913,0.008,3.778,0.011,0.69,0.05,1.251122977,3.778,0.95,3.075
V1061_Cyg-1,F,2.347,9.24,0.54,0.1079,0.0051,0.2082,0.0046,4.129,0.011,3.791,0.007,0.533,0.03,1.282035349,3.791,0.54,3.4675
V1061_Cyg-2,G,2.347,9.24,0.54,-0.0308,0.0032,-0.0114,0.0089,4.43,0.018,3.724,0.012,-0.173,0.052,0.931536765,3.724,0.54,5.2325
V455_Aur-1,F,3.146,7.28,0.43,0.1102,0.0021,0.1427,0.0034,4.2626,0.007,3.813,0.013,0.492,0.054,1.288842949,3.813,0.43,3.57
V455_Aur-2,F,3.146,7.28,0.43,0.0905,0.0018,0.1199,0.0046,4.2887,0.0089,3.806,0.013,0.419,0.055,1.231685986,3.806,0.43,3.7525
CO_And-1,F,3.655,10.83,0.52,0.1103,0.0025,0.2373,0.0053,4.074,0.011,3.788,0.009,0.58,0.038,1.28913975,3.788,0.52,3.35
CO_And-2,F,3.655,10.83,0.52,0.1019,0.0025,0.2289,0.0044,4.0822,0.0089,3.79,0.009,0.572,0.038,1.264445165,3.79,0.52,3.37
V1130_Tau-1,F,0.799,6.56,0.36,0.1159,0.0027,0.1729,0.0029,4.208,0.006,3.822,0.005,0.59,0.02,1.305870166,3.822,0.36,3.325
V1130_Tau-2,F,0.799,6.56,0.36,0.1436,0.0025,0.2509,0.0027,4.08,0.006,3.821,0.005,0.74,0.02,1.391874249,3.821,0.36,2.95
TIC_193993801-1,F,1.431,11.27,0.67,0.1159,0.005,0.2284,0.0036,4.098,0.006,3.801,0.003,0.614,0.013,1.305870166,3.801,0.67,3.265
V338_Vir-1,F,5.985,9.15,0.47,0.1164,0.0007,0.1855,0.0028,4.183,0.006,3.818,0.006,0.599,0.024,1.30737447,3.818,0.47,3.3025
V338_Vir-2,F,5.985,9.15,0.47,0.1804,0.0006,0.3738,0.0017,3.871,0.003,3.808,0.004,0.934,0.017,1.514955932,3.808,0.47,2.465
FM_Leo-1,F,6.729,8.47,0.49,0.1187,0.0002,0.2107,0.0006,4.135,0.001,3.806,0.004,0.6,0.015,1.314316621,3.806,0.49,3.3
FM_Leo-2,F,6.729,8.47,0.49,0.1039,0.0001,0.1785,0.0008,4.185,0.001,3.805,0.004,0.533,0.015,1.270281578,3.805,0.49,3.4675
NP_Per-1,F,2.229,11.24,0.7,0.1208,0.0029,0.1374,0.0041,4.284,0.008,3.808,0.006,0.46,0.025,1.320687295,3.808,0.7,3.65
NP_Per-2,K,2.229,11.24,0.7,0.0194,0.0019,0.0896,0.0046,4.2779,0.0089,3.657,0.015,-0.237,0.058,1.045682885,3.657,0.7,5.3925
IT_Cas-1,F,3.897,11.15,0.5,0.122,0.0031,0.1918,0.0012,4.1765,0.0022,3.829,0.007,0.653,0.027,1.324341535,3.829,0.5,3.1675
IT_Cas-2,F,3.897,11.15,0.5,0.1212,0.0026,0.1907,0.0013,4.1778,0.0021,3.829,0.007,0.651,0.027,1.321904253,3.829,0.5,3.1725
UZ_Dra-1,F,3.261,9.59,0.47,0.1271,0.0065,0.1173,0.0099,4.33,0.03,3.793,0.008,0.35,0.05,1.339985195,3.793,0.47,3.925
UZ_Dra-2,G,3.261,9.59,0.47,0.0899,0.0071,0.0607,0.0076,4.4,0.03,3.777,0.008,0.18,0.05,1.229985524,3.777,0.47,4.35
RT_CrB-1,G,5.117,10.21,0.73,0.1281,0.0032,0.4175,0.0073,3.731,0.014,3.762,0.008,0.838,0.032,1.34307418,3.762,0.73,2.705
RT_CrB-2,K,5.117,10.21,0.73,0.1332,0.0029,0.4692,0.0075,3.632,0.015,3.71,0.009,0.736,0.036,1.358939117,3.71,0.73,2.96
LX_Mus-1,F,11.751,8.78,0.51,0.1282,0.0002,0.1287,0.0027,4.309,0.005,3.815,0.005,0.473,0.018,1.34338347,3.815,0.51,3.6175
LX_Mus-2,F,11.751,8.78,0.51,0.1317,0.0002,0.1449,0.0022,4.28,0.004,3.817,0.004,0.513,0.017,1.354253604,3.817,0.51,3.5175
HD_22064-1,F,9.135,8.81,0.4,0.1287,0.01,0.1915,0.0039,4.184,0.006,3.83,0.003,0.658,0.006,1.344930988,3.83,0.4,3.155
AQ_Ser-1,F,1.687,10.65,0.51,0.129,0.0077,0.3581,0.0027,3.85,0.009,3.808,0.007,0.901,0.027,1.345860354,3.808,0.51,2.5475
AQ_Ser-2,F,1.687,10.65,0.51,0.1514,0.0067,0.3893,0.0048,3.81,0.012,3.802,0.007,0.939,0.042,1.417098375,3.802,0.51,2.4525
V1143_Cyg-1,F,7.641,5.89,0.47,0.1339,0.0013,0.1297,0.0052,4.31,0.03,3.821,0.013,0.53,0.06,1.361131234,3.821,0.47,3.475
V1143_Cyg-2,F,7.641,5.89,0.47,0.1245,0.0013,0.1212,0.0053,4.32,0.04,3.818,0.015,0.5,0.07,1.331987042,3.818,0.47,3.55
BW_Aqr-1,F,6.72,10.3,0.45,0.1377,0.0057,0.2388,0.0022,4.0982,0.004,3.81,0.007,0.669,0.027,1.373093148,3.81,0.45,3.1275
BW_Aqr-2,F,6.72,10.3,0.45,0.167,0.0053,0.3161,0.0008,3.9731,0.0025,3.802,0.007,0.796,0.028,1.468926278,3.802,0.45,2.81
ASAS_J052821+0338.5-1,K,3.873,11.7,0.9,0.1383,0.0035,0.2625,0.0024,4.05,0.01,3.708,0.009,0.314,0.034,1.374991457,3.708,0.9,4.015
ASAS_J052821+0338.5-2,K,3.873,11.7,0.9,0.1235,0.0026,0.238,0.0025,4.08,0.01,3.673,0.009,0.14,0.035,1.328923557,3.673,0.9,4.45
AN_Cam-1,F,20.998,9.69,0.61,0.1399,0.0066,0.3343,0.0024,3.9095,0.003,3.782,0.011,0.75,0.043,1.380066456,3.782,0.61,2.925
AN_Cam-2,G,20.998,9.69,0.61,0.1467,0.0077,0.4226,0.0023,3.74,0.0037,3.76,0.011,0.839,0.046,1.40184501,3.76,0.61,2.7025
V1200_Cen-1,F,2.483,8.5,0.46,0.144,0.0056,0.1483,0.0043,4.2855,0.0082,3.819,0.004,0.525,0.013,1.393156803,3.819,0.46,3.4875
VZ_Cep-1,F,1.183,9.72,0.47,0.1467,0.0046,0.1858,0.0034,4.213,0.008,3.824,0.01,0.634,0.041,1.40184501,3.824,0.47,3.215
VZ_Cep-2,G,1.183,9.72,0.47,0.0444,0.0033,0.0179,0.0163,4.446,0.033,3.757,0.009,0.026,0.05,1.107643492,3.757,0.47,4.735
BN_Scl-1,F,3.747,5.23,0.49,0.1482,0.0007,0.2634,0.0017,4.059,0.003,3.8,0.003,0.68,0.015,1.406695182,3.8,0.49,3.1
BN_Scl-2,F,3.747,5.23,0.49,0.0948,0.0005,0.1399,0.0028,4.256,0.006,3.795,0.005,0.415,0.02,1.243941624,3.795,0.49,3.7625
BF_Dra-1,F,11.211,9.76,0.59,0.1504,0.0009,0.3193,0.0025,3.95,0.005,3.803,0.011,0.81,0.04,1.413839139,3.803,0.59,2.775
BF_Dra-2,F,11.211,9.76,0.59,0.1383,0.0009,0.2838,0.0027,4.008,0.005,3.806,0.01,0.75,0.04,1.374991457,3.806,0.59,2.925
BK_Peg-1,F,5.49,9.98,0.59,0.1504,0.0021,0.2984,0.0017,3.992,0.004,3.797,0.006,0.74,0.02,1.413839139,3.797,0.59,2.95
BK_Peg-2,F,5.49,9.98,0.59,0.0993,0.0017,0.1685,0.005,4.201,0.01,3.801,0.006,0.49,0.03,1.256897898,3.801,0.59,3.575
AD_Boo-1,F,2.069,9.38,0.44,0.1504,0.0028,0.2074,0.0038,4.173,0.008,3.818,0.008,0.64,0.03,1.413839139,3.818,0.44,3.2
AD_Boo-2,G,2.069,9.38,0.44,0.0824,0.0022,0.0849,0.0036,4.351,0.007,3.789,0.008,0.28,0.04,1.208926785,3.789,0.44,4.1
V506_Oph-1,F,1.06,11.41,0.21,0.1508,0.0031,0.2368,0.0025,4.1155,0.0061,3.835,0.01,0.766,0.039,1.415141933,3.835,0.21,2.885
V506_Oph-2,F,1.06,11.41,0.21,0.1467,0.0028,0.2284,0.0031,4.1284,0.0067,3.831,0.007,0.734,0.028,1.40184501,3.831,0.21,2.965
BG_Ind-1,F,1.464,6.13,0.5,0.1559,0.0061,0.369,0.0035,3.852,0.008,3.809,0.002,0.926,0.009,1.431858164,3.809,0.5,2.485
BG_Ind-2,F,1.464,6.13,0.5,0.1189,0.0083,0.2019,0.009,4.15,0.012,3.834,0.002,0.693,0.02,1.314922025,3.834,0.5,3.0675
OGLE-SMC-ECL-0970-1,G,191.551,17.93,1.06,0.1584,0.006,1.2648,0.0071,2.07,0.01,3.686,0.006,2.228,0.028,1.440124371,3.686,1.06,-0.77
OGLE-SMC-ECL-0970-2,G,191.551,17.93,1.06,0.1523,0.0031,1.3243,0.0041,1.94,0.01,3.679,0.006,2.322,0.027,1.420038111,3.679,1.06,-1.005
NN_Del-1,F,99.269,8.4,0.54,0.1597,0.0009,0.3412,0.003,3.915,0.006,3.809,0.014,0.868,0.054,1.444441641,3.809,0.54,2.63
V570_Per-1,F,1.901,8.09,0.46,0.161,0.0019,0.187,0.0099,4.225,0.02,3.835,0.003,0.669,0.023,1.448771854,3.835,0.46,3.1275
V570_Per-2,F,1.901,8.09,0.46,0.1302,0.002,0.13,0.0103,4.308,0.021,3.817,0.003,0.483,0.024,1.349584246,3.817,0.46,3.5925
OGLE-LMC-ECL-15260-1,G,157.469,16.92,1.36,0.1611,0.0054,1.3659,0.008,1.868,0.016,3.682,0.012,2.415,0.05,1.449105484,3.682,1.36,-1.2375
OGLE-LMC-ECL-15260-2,K,157.469,16.92,1.36,0.1529,0.0049,1.6253,0.0095,1.34,0.019,3.645,0.008,2.787,0.038,1.422001322,3.645,1.36,-2.1675
ASAS_J073507-0905.7-1,F,1.446,9.32,0.45,0.162,0.0102,0.2135,0.0032,4.173,0.005,3.806,0.007,0.6,0.03,1.452111618,3.806,0.45,3.3
DM_Vir-1,F,4.669,8.73,0.47,0.1626,0.0024,0.2463,0.0042,4.108,0.009,3.813,0.007,0.7,0.03,1.45411917,3.813,0.47,3.05
DM_Vir-2,F,4.669,8.73,0.47,0.1608,0.0024,0.2463,0.0042,4.106,0.009,3.813,0.007,0.7,0.03,1.448104823,3.813,0.47,3.05
KIC_8410637-1,G,408.324,11.33,0.85,0.1679,0.005,1.0251,0.002,2.556,0.003,3.663,0.008,1.656,0.03,1.471973529,3.663,0.85,0.66
GX_Gem-1,F,4.038,11.33,0.61,0.1726,0.0032,0.3668,0.0022,3.877,0.004,3.792,0.007,0.86,0.03,1.487989957,3.792,0.61,2.65
GX_Gem-2,F,4.038,11.33,0.61,0.1664,0.003,0.3499,0.0023,3.904,0.005,3.79,0.007,0.82,0.03,1.466898282,3.79,0.61,2.75
HD_187669-1,K,88.387,8.88,1.24,0.1772,0.0009,1.0542,0.0107,2.507,0.02,3.667,0.007,1.732,0.031,1.503834348,3.667,1.24,0.47
HD_187669-2,K,88.387,8.88,1.24,0.1775,0.0012,1.3545,0.0096,1.907,0.019,3.636,0.007,2.207,0.035,1.504873519,3.636,1.24,-0.7175
HD_71636-1,F,5.013,7.89,0.38,0.1778,0.0006,0.1995,0.0066,4.22,0.01,3.842,0.009,0.721,0.036,1.505913408,3.842,0.38,2.9975
HD_71636-2,F,5.013,7.89,0.38,0.1079,0.0007,0.1186,0.0099,4.31,0.02,3.809,0.009,0.428,0.041,1.282035349,3.809,0.38,3.73
OGLE-LMC-ECL-12933-1,G,125.395,17.38,1.37,0.1807,0.0054,1.2385,0.0055,2.142,0.011,3.69,0.018,2.193,0.073,1.516002788,3.69,1.37,-0.6825
OGLE-LMC-ECL-12933-2,K,125.395,17.38,1.37,0.1801,0.0049,1.5612,0.0037,1.496,0.007,3.65,0.015,2.679,0.059,1.513909799,3.65,1.37,-1.8975
RZ_Cha-1,F,2.832,8.1,0.47,0.1813,0.006,0.3549,0.0033,3.909,0.009,3.81,0.01,0.9,0.04,1.518098671,3.81,0.47,2.55
RZ_Cha-2,F,2.832,8.1,0.47,0.1787,0.0078,0.3549,0.0033,3.907,0.01,3.81,0.01,0.9,0.04,1.509037388,3.81,0.47,2.55
EY_Cep-1,F,7.971,9.8,0.27,0.1827,0.0023,0.1652,0.0024,4.29,0.006,3.851,0.01,0.69,0.04,1.523000339,3.851,0.27,3.075
EY_Cep-2,F,7.971,9.8,0.27,0.1755,0.0041,0.1667,0.003,4.28,0.006,3.843,0.01,0.66,0.04,1.497959253,3.843,0.27,3.15
HIP_7666-1,A,2.372,9.64,0.4,0.1847,0.0085,0.3181,0.0042,3.98,0.02,3.851,0.006,0.99,0.03,1.530030189,3.851,0.4,2.325
HD_32129-1,F,16.412,9.09,0.54,0.1872,0.001,0.2724,0.0012,4.08,0.003,3.827,0.004,0.806,0.016,1.53886315,3.827,0.54,2.785
HD_32129-2,G,16.412,9.09,0.54,0.0289,0.0008,-0.0055,0.0022,4.478,0.006,3.76,0.007,-0.013,0.031,1.068808749,3.76,0.54,4.8325
BT_Vul-1,F,1.141,11.69,0.31,0.1886,0.0028,0.1864,0.0051,4.254,0.011,3.862,0.009,0.772,0.038,1.543831863,3.862,0.31,2.87
BT_Vul-2,F,1.141,11.69,0.31,0.0862,0.0028,0.0611,0.0109,4.403,0.022,3.797,0.012,0.26,0.055,1.219551094,3.797,0.31,4.15
ZZ_Boo-1,F,4.992,6.78,0.36,0.1923,0.0022,0.3144,0.0012,4.0016,0.0019,3.827,0.006,0.893,0.026,1.557040826,3.827,0.36,2.5675
ZZ_Boo-2,F,4.992,6.78,0.36,0.2038,0.0033,0.3434,0.0012,3.955,0.0023,3.825,0.006,0.943,0.026,1.598821575,3.825,0.36,2.4425
V442_Cyg-1,F,2.386,9.72,0.32,0.1942,0.0067,0.3164,0.0071,3.999,0.016,3.839,0.006,0.94,0.03,1.563867665,3.839,0.32,2.45
V442_Cyg-2,F,2.386,9.72,0.32,0.1492,0.0071,0.2206,0.0086,4.146,0.019,3.833,0.006,0.72,0.03,1.409937949,3.833,0.32,3
PV_Pup-1,A,1.661,6.89,0.32,0.1945,0.0031,0.1881,0.0051,4.257,0.01,3.84,0.019,0.69,0.08,1.564948319,3.84,0.32,3.075
PV_Pup-2,A,1.661,6.89,0.32,0.1915,0.0036,0.1758,0.0052,4.278,0.011,3.841,0.019,0.67,0.08,1.554175291,3.841,0.32,3.125
IO_Aqr-1,F,2.368,8.86,0.48,0.1956,0.0011,0.3406,0.003,3.952,0.006,3.811,0.009,0.88,0.032,1.568917113,3.811,0.48,2.6
IO_Aqr-2,F,2.368,8.86,0.48,0.2188,0.001,0.3967,0.003,3.863,0.006,3.802,0.009,0.954,0.031,1.655007629,3.802,0.48,2.415
V1022_Cas-1,F,12.156,5.56,0.47,0.2111,0.0003,0.4099,0.0035,3.83,0.02,3.803,0.01,0.985,0.049,1.625923095,3.803,0.47,2.3375
V1022_Cas-2,F,12.156,5.56,0.47,0.206,0.0003,0.3883,0.0039,3.87,0.01,3.808,0.01,0.961,0.046,1.606941253,3.808,0.47,2.3975
FS_Mon-1,F,1.906,9.6,0.9,0.2127,0.0032,0.312,0.0025,4.026,0.005,3.827,0.006,0.888,0.026,1.631924265,3.827,0.9,2.58
FS_Mon-2,F,1.906,9.6,0.9,0.1649,0.003,0.2119,0.0032,4.179,0.006,3.816,0.007,0.644,0.026,1.461840534,3.816,0.9,3.19
V501_Mon-1,A,7.021,12.32,0.57,0.2163,0.0011,0.276,0.0067,4.103,0.013,3.876,0.006,1.007,0.027,1.645508007,3.876,0.57,2.2825
V501_Mon-2,F,7.021,12.32,0.57,0.164,0.0007,0.2019,0.0076,4.199,0.016,3.845,0.006,0.743,0.043,1.45881426,3.845,0.57,2.9425
OGLE_SMC126.1_210-1,K,634.999,16.77,1.2,0.2238,0.0096,1.6387,0.0102,1.385,0.029,3.651,0.007,2.836,0.047,1.674171714,3.651,1.2,-2.29
OGLE_SMC126.1_210-2,K,634.999,16.77,1.2,0.2225,0.0102,1.5911,0.0109,1.479,0.031,3.654,0.007,2.752,0.049,1.669167807,3.654,1.2,-2.08
KIC_2557430-1,F,1.298,11.63,0.58,0.2279,0.0077,0.2742,0.0046,4.116,0.009,3.848,0.011,0.899,0.038,1.690051738,3.848,0.58,2.5525
KIC_2557430-2,F,1.298,11.63,0.58,0.1303,0.0064,0.0899,0.0106,4.386,0.019,3.782,0.05,0.249,0.075,1.349895035,3.782,0.58,4.1775
BD_+47_378-1,F,2.145,10.11,0.49,0.2279,0.0077,0.301,0.0022,4.068,0.003,3.854,0.006,0.968,0.025,1.690051738,3.854,0.49,2.38
BD_+47_378-2,K,2.145,10.11,0.49,-0.0969,0.0109,-0.1079,0.0056,4.552,0.006,3.664,0.009,-0.6,0.038,0.800018445,3.664,0.49,6.3
DS_And-1,F,1.011,10.44,0.39,0.2284,0.0028,0.3395,0.0018,3.987,0.017,3.849,0.009,0.957,0.003,1.691998603,3.849,0.39,2.4075
DS_And-2,G,1.011,10.44,0.39,0.0734,0.0011,0.0792,0.0022,4.353,0.004,3.796,0.014,0.225,0.003,1.184131679,3.796,0.39,4.2375
HW_CMa-1,A,21.118,10,0.19,0.2358,0.0028,0.2156,0.0048,4.242,0.01,3.879,0.009,0.898,0.036,1.721075808,3.879,0.19,2.555
HW_CMa-2,A,21.118,10,0.19,0.2507,0.0029,0.2206,0.0055,4.247,0.011,3.886,0.008,0.94,0.035,1.781147969,3.886,0.19,2.45
OGLE-SMC-ECL-0019-1,G,143.393,17.92,0.99,0.238,0.0075,1.2253,0.0103,2.23,0.02,3.716,0.008,2.27,0.04,1.729816359,3.716,0.99,-0.875
OGLE-SMC-ECL-0019-2,G,143.393,17.92,0.99,0.2279,0.0077,1.2742,0.0139,2.12,0.03,3.708,0.009,2.334,0.044,1.690051738,3.708,0.99,-1.035
EI_Cep-1,F,8.439,7.61,0.33,0.2485,0.0017,0.4618,0.0072,3.763,0.014,3.829,0.007,1.193,0.03,1.772148045,3.829,0.33,1.8175
EI_Cep-2,F,8.439,7.61,0.33,0.2253,0.0016,0.3672,0.0082,3.929,0.016,3.842,0.006,1.055,0.03,1.679964095,3.842,0.33,2.1625
XY_Cet-1,A,2.781,8.8,0.29,0.2487,0.0039,0.2725,0.0081,4.142,0.016,3.896,0.006,1.082,0.03,1.772964337,3.896,0.29,2.095
XY_Cet-2,F,2.781,8.8,0.29,0.2082,0.0038,0.2487,0.0071,4.149,0.014,3.882,0.007,0.978,0.032,1.615102168,3.882,0.29,2.355
IM_Per-1,A,2.254,11.28,0.7,0.2512,0.0023,0.3818,0.0032,3.9258,0.0067,3.88,0.009,1.235,0.035,1.783199772,3.88,0.7,1.7125
IM_Per-2,A,2.254,11.28,0.7,0.249,0.0024,0.374,0.0031,3.9394,0.0068,3.879,0.009,1.217,0.036,1.774189481,3.879,0.7,1.7575
OGLE-LMC-ECL-03160-1,G,150.154,17.13,1.31,0.2533,0.0039,1.2312,0.0071,2.229,0.014,3.693,0.009,2.188,0.04,1.791843188,3.693,1.31,-0.67
OGLE-LMC-ECL-03160-2,K,150.154,17.13,1.31,0.2558,0.0043,1.5731,0.0028,1.548,0.005,3.648,0.007,2.695,0.028,1.802187612,3.648,1.31,-1.9375
GW_Eri-1,A,3.659,5.8,0.18,0.2537,0.0014,0.262,0.0038,4.168,0.007,3.923,0.004,1.149,0.018,1.793494297,3.923,0.18,1.9275
GW_Eri-2,A,3.659,5.8,0.18,0.2496,0.0013,0.2543,0.0036,4.179,0.007,3.913,0.004,1.114,0.02,1.776642308,3.913,0.18,2.015
MY_Cyg-1,F,4.005,8.31,0.3,0.2601,0.0072,0.3464,0.0039,4.01,0.01,3.851,0.012,1.05,0.04,1.820119908,3.851,0.3,2.175
MY_Cyg-2,F,4.005,8.31,0.3,0.2553,0.0072,0.3579,0.0038,3.98,0.01,3.847,0.012,1.06,0.05,1.80011396,3.847,0.3,2.15
OGLE-LMC-ECL-12875-1,G,152.85,17.32,1.39,0.2627,0.0047,1.1937,0.0036,2.313,0.007,3.685,0.009,2.083,0.036,1.831049141,3.685,1.39,-0.4075
OGLE-LMC-ECL-12875-2,K,152.85,17.32,1.39,0.269,0.0054,1.6109,0.0034,1.486,0.006,3.642,0.011,2.744,0.044,1.857804455,3.642,1.39,-2.06
HY_Vir-1,F,2.732,7.81,0.42,0.2643,0.0021,0.4481,0.0012,3.806,0.003,3.836,0.008,1.2,0.04,1.837807417,3.836,0.42,1.8
HY_Vir-2,F,2.732,7.81,0.42,0.1474,0.0019,0.1816,0.0023,4.222,0.004,3.816,0.008,0.58,0.04,1.404106339,3.816,0.42,3.35
OGLE-LMC-ECL-12669-1,K,749.632,17.21,1.2,0.2655,0.0068,1.3833,0.0061,1.937,0.012,3.666,0.008,2.384,0.034,1.842892489,3.666,1.2,-1.16
OGLE-LMC-ECL-12669-2,G,749.632,17.21,1.2,0.2927,0.0066,1.3685,0.0056,1.994,0.011,3.673,0.009,2.386,0.038,1.962004504,3.673,1.2,-1.165
OGLE_SMC130.5_4296-1,G,120.468,16.78,1.1,0.2681,0.0059,1.4055,0.0043,1.895,0.014,3.691,0.007,2.529,0.036,1.853958464,3.691,1.1,-1.5225
OGLE_SMC130.5_4296-2,K,120.468,16.78,1.1,0.2565,0.0065,1.6628,0.0033,1.369,0.013,3.655,0.007,2.898,0.036,1.805094737,3.655,1.1,-2.445
RS_Cha-1,A,1.67,6.03,0.2,0.269,0.0037,0.3298,0.0112,4.047,0.023,3.906,0.01,1.24,0.05,1.857804455,3.906,0.2,1.7
RS_Cha-2,A,1.67,6.03,0.2,0.2603,0.0043,0.3688,0.0102,3.961,0.021,3.886,0.01,1.24,0.05,1.820958298,3.886,0.2,1.7
WW_Cam-1,A,2.274,10.14,0.47,0.2833,0.0029,0.2813,0.0036,4.159,0.008,3.922,0.007,1.2,0.03,1.919994568,3.922,0.47,1.8
WW_Cam-2,A,2.274,10.14,0.47,0.2725,0.0042,0.2572,0.0034,4.196,0.009,3.916,0.007,1.13,0.03,1.872837083,3.916,0.47,1.975
V362_Pav-1,A,2.748,7.4,0.18,0.2869,0.004,0.3411,0.0018,4.043,0.004,3.914,0.004,1.292,0.016,1.935976138,3.914,0.18,1.57
V362_Pav-2,K,2.748,7.4,0.18,-0.0571,0.0025,-0.0743,0.0029,4.53,0.006,3.695,0.018,-0.409,0.067,0.876798907,3.695,0.18,5.8225
RR_Lyn-1,A,9.945,5.54,0.22,0.2877,0.0015,0.4089,0.0032,3.9078,0.0063,3.89,0.012,1.334,0.035,1.939545624,3.89,0.22,1.465
RR_Lyn-2,F,9.945,5.54,0.22,0.179,0.0009,0.2076,0.0035,4.2017,0.0071,3.856,0.012,0.795,0.049,1.510080154,3.856,0.22,2.8125
AI_Hya-1,F,8.29,9.36,0.36,0.29,0.0074,0.44,0.0024,3.848,0.003,3.886,0.006,1.381,0.034,1.9498446,3.886,0.36,1.3475
AI_Hya-2,F,8.29,9.36,0.36,0.3214,0.0073,0.5869,0.0024,3.586,0.003,3.856,0.014,1.554,0.035,2.096042093,3.856,0.36,0.915
V788_Cen-1,A,4.966,5.74,0.25,0.2927,0.0015,0.4366,0.0016,3.858,0.004,3.893,0.006,1.401,0.024,1.962004504,3.893,0.25,1.2975
V788_Cen-2,A,4.966,5.74,0.25,0.1893,0.001,0.2154,0.0029,4.197,0.009,3.87,0.007,0.864,0.029,1.546322232,3.87,0.25,2.64
WW_Aur-1,A,2.525,5.87,0.14,0.2931,0.0015,0.2849,0.0025,4.162,0.007,3.901,0.024,1.129,0.092,1.963812409,3.901,0.14,1.9775
WW_Aur-2,A,2.525,5.87,0.14,0.2586,0.0017,0.2651,0.0026,4.167,0.007,3.885,0.024,1.023,0.093,1.813844281,3.885,0.14,2.2425
V2365_Oph-1,A,4.866,8.86,0.26,0.2934,0.0038,0.3404,0.0018,4.051,0.003,3.978,0.009,1.544,0.05,1.965169431,3.978,0.26,0.94
KW_Hya-1,A,7.75,6.11,0.17,0.2956,0.0062,0.3272,0.0031,4.079,0.013,3.903,0.011,1.221,0.044,1.975149622,3.903,0.17,1.7475
KW_Hya-2,F,7.75,6.11,0.17,0.1723,0.0038,0.1581,0.0066,4.27,0.01,3.843,0.013,0.64,0.054,1.486962445,3.843,0.17,3.2
VV_Crv-1,F,3.145,5.27,0.42,0.2962,0.0022,0.5283,0.0013,3.678,0.006,3.813,0.013,1.261,0.054,1.977880278,3.813,0.42,1.6475
VV_Crv-2,F,3.145,5.27,0.42,0.1798,0.0023,0.2175,0.0021,4.183,0.009,3.822,0.013,0.676,0.054,1.512864388,3.822,0.42,3.11
V885_Cyg-1,A,1.695,10.03,0.15,0.3021,0.0063,0.3701,0.0022,4,0.007,3.923,0.008,1.38,0.03,2.004933627,3.923,0.15,1.35
V885_Cyg-2,A,1.695,10.03,0.15,0.3491,0.0051,0.5296,0.0033,3.728,0.008,3.911,0.008,1.66,0.03,2.234086581,3.911,0.15,0.65
V459_Cas-1,A,8.458,10.37,0.2,0.3054,0.0065,0.303,0.0028,4.136,0.006,3.961,0.014,1.41,0.05,2.020226204,3.961,0.2,1.275
V459_Cas-2,A,8.458,10.37,0.2,0.2923,0.0066,0.2934,0.0029,4.144,0.006,3.959,0.014,1.38,0.06,1.960198263,3.959,0.2,1.35
EK_Cep-1,A,4.428,7.87,0.04,0.3073,0.0049,0.1984,0.0019,4.349,0.01,3.954,0.01,1.17,0.04,2.029083877,3.954,0.04,1.875
EK_Cep-2,G,4.428,7.87,0.04,0.0508,0.0046,0.1189,0.002,4.251,0.006,3.756,0.015,0.21,0.06,1.124087193,3.756,0.04,4.275
OGLE-BLG-ECL-123903-1,K,118.531,16.9,0.99,0.3107,0.0057,0.9795,0.0022,2.79,0.011,3.679,0.012,1.633,0.071,2.045031491,3.679,0.99,0.7175
OGLE-BLG-ECL-123903-2,K,118.531,16.9,0.99,0.3168,0.0048,0.9567,0.0029,2.841,0.012,3.68,0.016,1.591,0.067,2.073958204,3.68,0.99,0.8225
TZ_For-1,G,75.666,6.88,0.97,0.3132,0.0002,0.9212,0.0057,2.915,0.023,3.693,0.003,1.57,0.02,2.056837587,3.693,0.97,0.875
TZ_For-2,F,75.666,6.88,0.97,0.2918,0.0002,0.5988,0.0088,3.539,0.037,3.803,0.005,1.36,0.03,1.9579428,3.803,0.97,1.4
V596_Pup-1,A,4.596,6.58,0,0.3224,0.0045,0.3359,0.004,4.089,0.009,3.978,0.009,1.54,0.04,2.100873969,3.978,0,0.95
V596_Pup-2,A,4.596,6.58,0,0.322,0.0039,0.3359,0.004,4.088,0.009,3.978,0.009,1.54,0.04,2.098939884,3.978,0,0.95
V335_Ser-1,A,3.45,7.49,0.14,0.3318,0.0028,0.3075,0.0064,4.155,0.011,3.955,0.007,1.39,0.03,2.146841589,3.955,0.14,1.325
V335_Ser-2,A,3.45,7.49,0.14,0.2801,0.0018,0.238,0.01,4.241,0.017,3.93,0.008,1.15,0.04,1.905899517,3.93,0.14,1.925
EE_Peg-1,A,2.628,6.97,0.08,0.3326,0.0048,0.3201,0.0052,4.131,0.01,3.94,0.01,1.352,0.041,2.150799862,3.94,0.08,1.42
EE_Peg-2,F,2.628,6.97,0.08,0.1245,0.0036,0.1179,0.0043,4.327,0.008,3.81,0.02,0.427,0.082,1.331987042,3.81,0.08,3.7325
V889_Aql-1,B,11.121,8.58,0.19,0.3365,0.004,0.2718,0.0093,4.23,0.02,3.964,0.005,1.354,0.027,2.170201204,3.964,0.19,1.415
V889_Aql-2,B,11.121,8.58,0.19,0.3284,0.0041,0.2672,0.0094,4.23,0.02,3.958,0.005,1.32,0.029,2.130100037,3.958,0.19,1.5
FT_Ori-1,A,3.15,9.26,0.1,0.3389,0.0044,0.2695,0.003,4.237,0.006,3.982,0.018,1.486,0.023,2.182227378,3.982,0.1,1.085
FT_Ori-2,A,3.15,9.26,0.1,0.2512,0.0049,0.2084,0.0035,4.272,0.007,3.935,0.015,1.179,0.025,1.783199772,3.935,0.1,1.8525
V1647_Sgr-1,A,3.283,6.94,-0.01,0.3402,0.0073,0.2627,0.0043,4.253,0.012,3.982,0.014,1.41,0.05,2.188769357,3.982,-0.01,1.275
V1647_Sgr-2,A,3.283,6.94,-0.01,0.2949,0.0073,0.2217,0.0044,4.289,0.012,3.959,0.014,1.23,0.06,1.971968621,3.959,-0.01,1.725
PT_Vel-1,A,1.802,7.03,0.05,0.342,0.0032,0.321,0.0041,4.138,0.008,3.966,0.007,1.461,0.038,2.197859873,3.966,0.05,1.1475
PT_Vel-2,A,1.802,7.03,0.05,0.2111,0.0024,0.1928,0.0056,4.263,0.011,3.883,0.01,0.875,0.025,1.625923095,3.883,0.05,2.6125
EG_Ser-1,A,9.947,9.24,0.17,0.3424,0.0099,0.2458,0.0032,4.29,0.01,3.944,0.01,1.22,0.03,2.199885109,3.944,0.17,1.75
EG_Ser-2,A,9.947,9.24,0.17,0.2989,0.0109,0.2133,0.0035,4.31,0.01,3.92,0.01,1.06,0.046,1.990215022,3.92,0.17,2.15
GZ_CMa-1,A,4.801,7.98,0.06,0.3436,0.0037,0.3965,0.0056,3.989,0.012,3.945,0.017,1.53,0.07,2.205972022,3.945,0.06,0.975
GZ_CMa-2,A,4.801,7.98,0.06,0.3021,0.0039,0.3286,0.0075,4.083,0.016,3.931,0.017,1.33,0.07,2.004933627,3.931,0.06,1.475
OGLE-LMC-ECL-25658-1,G,192.789,17,1.17,0.3485,0.0047,1.3304,0.003,2.126,0.006,3.685,0.006,2.354,0.027,2.231002207,3.685,1.17,-1.085
OGLE-LMC-ECL-25658-2,G,192.789,17,1.17,0.3483,0.0045,1.4411,0.003,1.904,0.006,3.674,0.007,2.533,0.028,2.22997503,3.674,1.17,-1.5325
SW_CMa-1,A,10.092,9.72,0.13,0.3501,0.0027,0.4791,0.0029,3.8298,0.0065,3.914,0.008,1.566,0.032,2.239236683,3.914,0.13,0.885
SW_CMa-2,A,10.092,9.72,0.13,0.323,0.0037,0.3971,0.0073,3.967,0.015,3.908,0.008,1.38,0.035,2.10377844,3.908,0.13,1.35
OT_And-1,A,20.853,7.89,0.38,0.3528,0.0027,0.5006,0.0018,3.79,0.01,3.903,0.011,1.568,0.046,2.253201336,3.903,0.38,0.88
OT_And-2,F,20.853,7.89,0.38,0.3318,0.0022,0.4231,0.0025,3.92,0.01,3.911,0.011,1.447,0.047,2.146841589,3.911,0.38,1.1825
YZ_Cas-1,A,4.467,5.64,0.03,0.3547,0.0023,0.4023,0.0019,3.988,0.004,3.979,0.005,1.672,0.022,2.263080487,3.979,0.03,0.62
YZ_Cas-2,F,4.467,5.64,0.03,0.1222,0.0023,0.1242,0.002,4.311,0.004,3.838,0.015,0.552,0.061,1.324951557,3.838,0.03,3.42
OGLE-SMC-ECL-0439-1,G,279.266,18.06,0.9,0.356,0.0057,1.1614,0.015,2.47,0.03,3.72,0.008,2.158,0.042,2.269864852,3.72,0.9,-0.595
OGLE-SMC-ECL-0439-2,G,279.266,18.06,0.9,0.3598,0.0057,1.1875,0.0141,2.42,0.03,3.721,0.008,2.215,0.043,2.289812912,3.721,0.9,-0.7375
V1229_Tau-1,A,2.46,6.84,0.08,0.3566,0.0021,0.255,0.0046,4.285,0.009,4.009,0.004,1.499,0.018,2.273002953,4.009,0.08,1.0525
V1229_Tau-2,A,2.46,6.84,0.08,0.2028,0.0022,0.1492,0.0065,4.342,0.013,3.885,0.005,0.792,0.023,1.595144387,3.885,0.08,2.82
V624_Her-1,A,3.895,6.2,0.14,0.3583,0.0029,0.4814,0.0049,3.834,0.01,3.911,0.008,1.56,0.03,2.281917821,3.911,0.14,0.9
V624_Her-2,A,3.895,6.2,0.14,0.2744,0.003,0.3442,0.0067,4.024,0.014,3.9,0.008,1.24,0.04,1.881048529,3.9,0.14,1.7
SZ_Cen-1,A,4.108,8.48,0.22,0.3649,0.0049,0.6584,0.0031,3.486,0.008,3.875,0.017,1.77,0.07,2.316861112,3.875,0.22,0.375
SZ_Cen-2,A,4.108,8.48,0.22,0.3574,0.004,0.5592,0.0031,3.677,0.007,3.892,0.017,1.64,0.07,2.277193838,3.892,0.22,0.7
V364_Lac-1,A,7.352,8.36,0.18,0.3679,0.0028,0.5194,0.005,3.767,0.01,3.917,0.008,1.657,0.033,2.332920826,3.917,0.18,0.6575
V364_Lac-2,A,7.352,8.36,0.18,0.361,0.0047,0.4749,0.0051,3.849,0.011,3.929,0.008,1.62,0.032,2.296148648,3.929,0.18,0.75
V541_Cyg-1,B,15.338,10.44,-0.06,0.3683,0.0028,0.2693,0.0026,4.2675,0.0051,4.027,0.008,1.601,0.033,2.335070515,4.027,-0.06,0.7975
V541_Cyg-2,B,15.338,10.44,-0.06,0.3541,0.0029,0.2572,0.0034,4.277,0.0064,4.015,0.008,1.528,0.035,2.259956084,4.015,-0.06,0.98
GG_Ori-1,A,6.631,10.43,0.49,0.3696,0.003,0.2676,0.0059,4.272,0.012,3.998,0.009,1.48,0.037,2.342070695,3.998,0.49,1.1
GG_Ori-2,A,6.631,10.43,0.49,0.3688,0.0032,0.2625,0.0059,4.282,0.012,3.998,0.009,1.47,0.037,2.337760412,3.998,0.49,1.125
OGLE-SMC-ECL-3529-1,F,234.326,17.12,0.8,0.3729,0.0055,1.1004,0.0138,2.61,0.03,3.766,0.007,2.22,0.042,2.359934776,3.766,0.8,-0.75
OGLE-SMC-ECL-3529-2,G,234.326,17.12,0.8,0.3945,0.0088,1.3243,0.0062,2.18,0.01,3.723,0.015,2.498,0.061,2.480275938,3.723,0.8,-1.445
beta_Aur-1,A,3.96,1.89,0.04,0.3758,0.0049,0.4412,0.0027,3.932,0.005,3.971,0.009,1.721,0.038,2.375745963,3.971,0.04,0.4975
beta_Aur-2,A,3.96,1.89,0.04,0.36,0.0051,0.4096,0.0029,3.979,0.005,3.964,0.009,1.63,0.038,2.290867653,3.964,0.04,0.725
V396_Cas-1,A,5.505,9.56,0.06,0.3798,0.004,0.4136,0.0022,3.99,0.004,3.965,0.007,1.642,0.028,2.39772847,3.965,0.06,0.695
V396_Cas-2,A,5.505,9.56,0.06,0.279,0.0037,0.2502,0.0024,4.216,0.005,3.932,0.006,1.183,0.024,1.90107828,3.932,0.06,1.8425
OGLE-LMC-ECL-09678-1,G,114.45,17.22,1.2,0.3802,0.0052,1.1389,0.005,2.54,0.01,3.719,0.007,2.107,0.027,2.399937877,3.719,1.2,-0.4675
OGLE-LMC-ECL-09678-2,G,114.45,17.22,1.2,0.4064,0.0053,1.4857,0.004,1.873,0.008,3.673,0.008,2.616,0.035,2.549177051,3.673,1.2,-1.74
OGLE-SMC-ECL-2761-1,F,150.364,17.3,0.82,0.3874,0.0071,1.238,0.0075,2.35,0.01,3.751,0.009,2.431,0.04,2.440057159,3.751,0.82,-1.2775
OGLE-SMC-ECL-2761-2,G,150.364,17.3,0.82,0.3766,0.0055,1.243,0.0099,2.33,0.02,3.747,0.009,2.428,0.042,2.380126282,3.747,0.82,-1.27
V1031_Ori-1,A,3.406,6.02,0.18,0.3932,0.0032,0.6356,0.0034,3.56,0.008,3.895,0.028,1.8,0.11,2.472862678,3.895,0.18,0.3
V1031_Ori-2,A,3.406,6.02,0.18,0.3591,0.003,0.4738,0.0093,3.85,0.019,3.924,0.026,1.6,0.11,2.286125143,3.924,0.18,0.8
TZ_Men-1,A,8.57,6.19,-0.06,0.3957,0.0044,0.3045,0.0043,4.225,0.011,4.017,0.017,1.63,0.07,2.48713867,4.017,-0.06,0.725
TZ_Men-2,A,8.57,6.19,-0.06,0.1772,0.0029,0.1559,0.0045,4.303,0.009,3.857,0.018,0.69,0.07,1.503834348,3.857,-0.06,3.075
WX_Cep-1,A,3.378,9.03,0.11,0.4047,0.0086,0.6014,0.0033,3.64,0.011,3.911,0.012,1.8,0.05,2.53921807,3.911,0.11,0.3
WX_Cep-2,A,3.378,9.03,0.11,0.3672,0.0084,0.4331,0.0037,3.939,0.011,3.949,0.012,1.62,0.05,2.32916363,3.949,0.11,0.75
AR_Aur-1,B,4.135,6.17,0.04,0.4055,0.0015,0.255,0.0031,4.333,0.008,4.039,0.012,1.61,0.05,2.543899793,4.039,0.04,0.775
AR_Aur-2,B,4.135,6.17,0.04,0.3725,0.0015,0.2634,0.0045,4.284,0.01,4.015,0.013,1.53,0.05,2.357762196,4.015,0.04,0.975
OGLE-SMC-ECL-2876-1,G,120.867,17.49,0.5,0.4082,0.0068,1.2175,0.0105,2.41,0.02,3.745,0.008,2.371,0.037,2.559764431,3.745,0.5,-1.1275
OGLE-SMC-ECL-2876-2,G,120.867,17.49,0.5,0.3997,0.0052,1.238,0.01,2.36,0.02,3.712,0.008,2.279,0.034,2.510151881,3.712,0.5,-0.8975
OGLE-SMC-ECL-1859-1,G,75.544,17.69,0.92,0.4116,0.0051,1.2095,0.008,2.43,0.02,3.744,0.008,2.35,0.035,2.579882936,3.744,0.92,-1.075
OGLE-SMC-ECL-1859-2,G,75.544,17.69,0.92,0.3945,0.0035,1.2718,0.007,2.29,0.01,3.695,0.009,2.276,0.037,2.480275938,3.695,0.92,-0.89
HD_96609-1,B,8.192,8.61,0.02,0.4249,0.0033,0.4378,0.001,3.987,0.001,3.985,0.011,1.76,0.04,2.660112476,3.985,0.02,0.4
OGLE-SMC-ECL-0727-1,G,316.572,18.11,1.04,0.4281,0.0065,1.1644,0.0059,2.53,0.01,3.724,0.008,2.182,0.034,2.679785297,3.724,1.04,-0.655
OGLE-SMC-ECL-0727-2,G,316.572,18.11,1.04,0.4099,0.0068,1.3096,0.0064,2.23,0.01,3.684,0.008,2.31,0.034,2.569803995,3.684,1.04,-0.975
OGLE-LMC-ECL-05430-1,G,505.183,16.61,1.2,0.4341,0.0027,1.4622,0.0054,1.948,0.011,3.673,0.006,2.572,0.028,2.717064824,3.673,1.2,-1.63
OGLE-LMC-ECL-05430-2,G,505.183,16.61,1.2,0.5281,0.0023,1.5396,0.0035,1.887,0.007,3.678,0.006,2.744,0.025,3.373649809,3.678,1.2,-2.06
OGLE-SMC-ECL-1421-1,G,102.834,17.18,0.77,0.4346,0.0032,1.248,0.0074,2.37,0.01,3.732,0.008,2.38,0.034,2.720194762,3.732,0.77,-1.15
OGLE-SMC-ECL-1421-2,G,102.834,17.18,0.77,0.4548,0.003,1.3766,0.0036,2.14,0.01,3.701,0.008,2.512,0.033,2.849705627,3.701,0.77,-1.48
OGLE-LMC-ECL-24887-1,G,94.844,17.68,1.16,0.4389,0.0074,1.2156,0.0069,2.446,0.014,3.71,0.007,2.225,0.031,2.7472615,3.71,1.16,-0.7625
OGLE-LMC-ECL-24887-2,G,94.844,17.68,1.16,0.4736,0.0066,1.2512,0.0073,2.409,0.014,3.705,0.007,2.276,0.032,2.975774377,3.705,1.16,-0.89
PV_Cas-1,B,1.75,9.74,0.17,0.4409,0.0094,0.3533,0.0031,4.17,0.02,4.008,0.01,1.69,0.04,2.759942283,4.008,0.17,0.575
PV_Cas-2,B,1.75,9.74,0.17,0.4487,0.0077,0.3612,0.004,4.17,0.02,4.008,0.01,1.71,0.04,2.809959109,4.008,0.17,0.525
V451_Oph-1,B,2.197,7.87,-0.08,0.4434,0.0099,0.4216,0.0051,4.038,0.015,4.033,0.032,1.93,0.13,2.775875604,4.033,-0.08,-0.025
V451_Oph-2,A,2.197,7.87,-0.08,0.3722,0.0096,0.3071,0.006,4.196,0.015,3.991,0.022,1.53,0.09,2.356134074,3.991,-0.08,0.975
V402_Lac-1,B,3.782,6.73,-0.04,0.4472,0.0078,0.3766,0.0055,4.132,0.013,4.054,0.01,1.93,0.04,2.800270595,4.054,-0.04,-0.025
V402_Lac-2,B,3.782,6.73,-0.04,0.444,0.0078,0.3729,0.0055,4.136,0.014,4.052,0.009,1.91,0.04,2.779713268,4.052,-0.04,0.025
OGLE-LMC-ECL-13529-1,G,49.467,17.36,1.01,0.4559,0.0024,1.2312,0.0054,2.432,0.011,3.724,0.006,2.312,0.028,2.856932635,3.724,1.01,-0.98
OGLE-LMC-ECL-13529-2,G,49.467,17.36,1.01,0.4487,0.0025,1.2036,0.006,2.48,0.012,3.721,0.007,2.246,0.032,2.809959109,3.721,1.01,-0.815
OGLE-LMC-ECL-18836-1,G,182.553,17.43,1.29,0.4561,0.0047,1.2028,0.0068,2.489,0.013,3.712,0.008,2.21,0.038,2.858248604,3.712,1.29,-0.725
OGLE-LMC-ECL-18836-2,K,182.553,17.43,1.29,0.4447,0.0056,1.4895,0.0046,1.904,0.009,3.663,0.008,2.587,0.032,2.784197249,3.663,1.29,-1.6675
OGLE-LMC-ECL-09660-1,G,167.796,16.27,1.19,0.4744,0.0019,1.374,0.0039,2.165,0.008,3.72,0.005,2.583,0.023,2.981261008,3.72,1.19,-1.6575
OGLE-LMC-ECL-09660-2,K,167.796,16.27,1.19,0.4767,0.0017,1.6474,0.0025,1.62,0.005,3.671,0.009,2.932,0.036,2.997091486,3.671,1.19,-2.53
OGLE-LMC-ECL-21873-1,G,144.188,16.79,1.06,0.4748,0.0031,1.3066,0.0047,2.3,0.009,3.721,0.006,2.453,0.026,2.984008116,3.721,1.06,-1.3325
OGLE-LMC-ECL-21873-2,G,144.188,16.79,1.06,0.4904,0.0034,1.3922,0.0042,2.144,0.008,3.704,0.007,2.554,0.029,3.093143011,3.704,1.06,-1.585
alpha_Dra-1,A,51.417,3.68,0.04,0.5032,0.006,0.693,0.0032,3.555,0.006,4.01,0.004,2.38,0.018,3.185664237,4.01,0.04,-1.15
psi_Cen-1,A,38.813,4.05,0.03,0.5034,0.0042,0.5814,0.0008,3.779,0.003,4.019,0.012,2.147,0.05,3.187131627,4.019,0.03,-0.5675
V906_Sco-1,B,2.786,5.96,-0.01,0.5123,0.0092,0.5459,0.0048,3.858,0.013,4.029,0.02,2.162,0.082,3.253119373,4.029,-0.01,-0.605
V906_Sco-2,B,2.786,5.96,-0.01,0.5287,0.0091,0.6552,0.0034,3.656,0.012,4.017,0.021,2.33,0.084,3.378313899,4.017,-0.01,-1.025
OGLE-LMC-ECL-09114-1,G,214.366,16.71,1.03,0.519,0.003,1.4205,0.0056,2.116,0.011,3.719,0.005,2.669,0.023,3.30369541,3.719,1.03,-1.8725
OGLE-LMC-ECL-09114-2,G,214.366,16.71,1.03,0.5058,0.0034,1.2739,0.0086,2.396,0.017,3.734,0.009,2.439,0.04,3.204793123,3.734,1.03,-1.2975
OGLE-LMC-ECL-10567-1,G,117.975,16.43,1.09,0.5228,0.0038,1.3909,0.0051,2.179,0.01,3.705,0.009,2.555,0.036,3.332728996,3.705,1.09,-1.5875
OGLE-LMC-ECL-10567-2,G,117.975,16.43,1.09,0.503,0.0035,1.564,0.003,1.813,0.006,3.673,0.007,2.777,0.028,3.184197522,3.673,1.09,-2.1425
OGLE_SMC113.3_4007-1,G,371.768,15.81,0.88,0.5446,0.0035,1.6609,0.0066,1.66,0.017,3.681,0.009,3,0.033,3.504289683,3.681,0.88,-2.7
OGLE_SMC113.3_4007-2,G,371.768,15.81,0.88,0.5516,0.003,1.6848,0.0063,1.62,0.016,3.682,0.009,3.053,0.03,3.561229809,3.682,0.88,-2.8325
IQ_Per-1,B,1.744,7.73,-0.11,0.5467,0.0083,0.3885,0.0046,4.208,0.019,4.09,0.008,2.09,0.03,3.521275459,4.09,-0.11,-0.425
IQ_Per-2,A,1.744,7.73,-0.11,0.2398,0.0078,0.177,0.0049,4.323,0.013,3.885,0.008,0.85,0.04,1.737000726,3.885,-0.11,2.675
OGLE-LMC-ECL-01866-1,G,251.247,16.13,1.17,0.5514,0.0024,1.428,0.0084,2.134,0.017,3.724,0.007,2.708,0.032,3.55959018,3.724,1.17,-1.97
OGLE-LMC-ECL-01866-2,K,251.247,16.13,1.17,0.5502,0.0038,1.6731,0.0046,1.642,0.009,3.653,0.006,2.912,0.025,3.549768245,3.653,1.17,-2.48
OGLE-LMC-SC9-230659-1,G,772.638,16.63,1.09,0.5561,0.0046,1.5163,0.0029,1.962,0.005,3.699,0.006,2.783,0.025,3.5983218,3.699,1.09,-2.1575
OGLE-LMC-SC9-230659-2,G,772.638,16.63,1.09,0.5352,0.0038,1.3692,0.0058,2.235,0.011,3.702,0.009,2.5,0.036,3.429256733,3.702,1.09,-1.45
OGLE-LMC-CEP-04506-1,F,1550.354,15.5,0.5,0.5575,0.0036,1.4548,0.003,2.087,0.007,3.787,0.011,3.01,0.05,3.609940136,3.787,0.5,-2.725
OGLE-LMC-CEP-04506-2,F,1550.354,15.5,0.5,0.5465,0.0037,1.4216,0.0033,2.142,0.006,3.783,0.011,2.93,0.05,3.519654225,3.783,0.5,-2.525
chi2_Hya-1,B,2.268,5.65,-0.09,0.5579,0.0095,0.6419,0.0039,3.712,0.015,4.066,0.01,2.5,0.04,3.613266545,4.066,-0.09,-1.45
chi2_Hya-2,B,2.268,5.65,-0.09,0.4213,0.0082,0.3355,0.0086,4.188,0.019,4.041,0.01,1.79,0.04,2.638153128,4.041,-0.09,0.325
V413_Ser-1,B,2.26,8,0.58,0.5658,0.0059,0.5065,0.0068,3.9914,0.0028,4.045,0.012,2.149,0.022,3.67959483,4.045,0.58,-0.5725
V413_Ser-2,B,2.26,8,0.58,0.5263,0.0052,0.4669,0.0074,4.031,0.0031,4.015,0.012,1.949,0.034,3.359696137,4.015,0.58,-0.0725
OGLE-LMC-CEP-01812-1,F,551.776,16.69,0.64,0.5752,0.0035,1.2516,0.0032,2.509,0.007,3.787,0.011,2.61,0.04,3.760105237,3.787,0.64,-1.725
OGLE-LMC-CEP-01812-2,G,551.776,16.69,0.64,0.4183,0.0033,1.073,0.0029,2.709,0.007,3.713,0.01,1.95,0.04,2.61999221,3.713,0.64,-0.075
OGLE-SMC-ECL-3678-1,F,187.843,15.56,0.67,0.5832,0.0023,1.4942,0.007,2.03,0.01,3.823,0.008,3.234,0.037,3.830010812,3.823,0.67,-3.285
OGLE-SMC-ECL-3678-2,G,187.843,15.56,0.67,0.5717,0.0012,1.6294,0.0041,1.75,0.01,3.697,0.006,3.003,0.026,3.729924148,3.697,0.67,-2.7075
zeta_Phe-1,B,1.67,3.95,-0.15,0.592,0.0063,0.4526,0.0029,4.125,0.005,4.158,0.024,2.49,0.1,3.908408958,4.158,-0.15,-1.425
zeta_Phe-2,B,1.67,3.95,-0.15,0.4041,0.0053,0.2753,0.0025,4.292,0.004,4.079,0.022,1.82,0.09,2.535712433,4.079,-0.15,0.25
OGLE-LMC-ECL-13360-1,G,262.439,15.82,1.07,0.5966,0.0026,1.4837,0.0054,2.067,0.011,3.74,0.007,2.882,0.031,3.950026416,3.74,1.07,-2.405
OGLE-LMC-ECL-13360-2,G,262.439,15.82,1.07,0.6085,0.0026,1.5962,0.0039,1.854,0.008,3.706,0.007,2.972,0.028,4.059756633,3.706,1.07,-2.63
GG_Lup-1,B,1.85,5.59,-0.16,0.6145,0.0042,0.3764,0.0046,4.301,0.011,4.169,0.013,2.38,0.05,4.116233473,4.169,-0.16,-1.15
GG_Lup-2,B,1.85,5.59,-0.16,0.3995,0.0042,0.2368,0.0048,4.364,0.01,4.041,0.024,1.59,0.1,2.508996179,4.041,-0.16,0.825
OGLE-LMC-CEP-00227-1,F,309.669,15.2,0.6,0.618,0.0031,1.5425,0.0015,1.97,0.004,3.778,0.012,3.15,0.05,4.149540426,3.778,0.6,-3.075
OGLE-LMC-CEP-00227-2,G,309.669,15.2,0.6,0.6085,0.0032,1.6512,0.0014,1.743,0.003,3.708,0.01,3.09,0.04,4.059756633,3.708,0.6,-2.925
OGLE-LMC-ECL-06575-1,G,189.994,15.81,1.2,0.6198,0.0023,1.6428,0.0043,1.773,0.008,3.692,0.007,3.009,0.029,4.166774522,3.692,1.2,-2.7225
OGLE-LMC-ECL-06575-2,K,189.994,15.81,1.2,0.6009,0.0028,1.6698,0.004,1.699,0.008,3.667,0.006,2.963,0.024,3.989330341,3.667,1.2,-2.6075
OGLE_SMC108.1_14904-1,F,185.218,15.21,0.86,0.645,0.004,1.6716,0.0049,1.74,0.014,3.754,0.008,3.313,0.042,4.415704474,3.754,0.86,-3.4825
OGLE_SMC108.1_14904-2,G,185.218,15.21,0.86,0.6463,0.0036,1.8065,0.0034,1.472,0.01,3.695,0.008,3.346,0.038,4.428942072,3.695,0.86,-3.565
MU_Cas-1,B,9.653,10.8,0.3,0.6599,0.0086,0.5647,0.0047,3.969,0.01,4.179,0.014,2.8,0.06,4.569829533,4.179,0.3,-2.2
MU_Cas-2,B,9.653,10.8,0.3,0.6684,0.0093,0.6222,0.0052,3.861,0.01,4.169,0.014,2.88,0.06,4.660151117,4.169,0.3,-2.4
ASAS_J180057-2333.8-1,K,269.496,10.34,1.6,0.6914,0.0019,1.717,0.0115,1.696,0.023,3.657,0.008,3.013,0.038,4.913602273,3.657,1.6,-2.7325
ASAS_J180057-2333.8-2,K,269.496,10.34,1.6,0.688,0.0019,1.8301,0.009,1.466,0.018,3.624,0.008,3.111,0.037,4.875284901,3.624,1.6,-2.9775
V760_Sco-1,B,1.731,6.99,-0.17,0.6972,0.0078,0.479,0.0095,4.177,0.021,4.228,0.013,2.82,0.05,4.979663542,4.228,-0.17,-2.25
V760_Sco-2,B,1.731,6.99,-0.17,0.6646,0.0069,0.4216,0.0087,4.259,0.019,4.21,0.013,2.63,0.06,4.619553488,4.21,-0.17,-1.775
DI_Her-1,B,10.55,8.42,-0.18,0.7147,0.009,0.4281,0.0075,4.297,0.018,4.23,0.02,2.73,0.08,5.184417883,4.23,-0.18,-2.025
DI_Her-2,B,10.55,8.42,-0.18,0.6565,0.0063,0.3939,0.0079,4.307,0.017,4.179,0.02,2.46,0.08,4.534192978,4.179,-0.18,-1.35
CV_Vel-1,B,6.889,6.69,-0.19,0.783,0.0008,0.6107,0.0032,4,0.008,4.255,0.012,3.204,0.048,6.067363296,4.255,-0.19,-3.21
CV_Vel-2,B,6.889,6.69,-0.19,0.7747,0.0008,0.5955,0.0033,4.021,0.008,4.25,0.012,3.137,0.048,5.952508168,4.25,-0.19,-3.0425
V539_Ara-1,B,3.169,5.71,-0.19,0.7951,0.0046,0.6581,0.0018,3.917,0.003,4.258,0.012,3.302,0.048,6.238784723,4.258,-0.19,-3.455
V539_Ara-2,B,3.169,5.71,-0.19,0.7253,0.0049,0.5533,0.0043,4.057,0.008,4.233,0.013,2.993,0.052,5.312512929,4.233,-0.19,-2.6825
V436_Per-1,B,25.936,5.52,-0.18,0.8376,0.0023,0.5334,0.0059,4.209,0.012,4.332,0.02,3.351,0.081,6.880183161,4.332,-0.18,-3.5775
V436_Per-2,B,25.936,5.52,-0.18,0.8662,0.0023,0.5735,0.0031,4.157,0.006,4.342,0.02,3.471,0.079,7.348522022,4.342,-0.18,-3.8775
V1388_Ori-1,B,2.187,7.5,-0.06,0.8596,0.0047,0.7244,0.0061,3.849,0.012,4.279,0.023,3.65,0.044,7.237690371,4.279,-0.06,-4.325
V1388_Ori-2,B,2.187,7.5,-0.06,0.7014,0.0033,0.4975,0.0077,4.144,0.015,4.23,0.025,3.018,0.049,5.028054773,4.23,-0.06,-2.745
QX_Car-1,B,4.478,6.64,-0.23,0.9669,0.0057,0.6324,0.0092,4.14,0.02,4.377,0.009,3.72,0.04,9.266164375,4.377,-0.23,-4.5
QX_Car-2,B,4.478,6.64,-0.23,0.9284,0.0062,0.6076,0.0098,4.151,0.021,4.354,0.01,3.58,0.04,8.480080989,4.354,-0.23,-4.15
DW_Car-1,B,1.328,9.68,0.07,1.0546,0.0046,0.6588,0.0043,4.175,0.008,4.446,0.016,4.055,0.063,11.33965913,4.446,0.07,-5.3375
DW_Car-2,B,1.328,9.68,0.07,1.0265,0.0057,0.6332,0.0056,4.198,0.011,4.423,0.016,3.915,0.067,10.62918583,4.423,0.07,-4.9875
V380_Cyg-1,B,12.426,5.68,-0.06,1.058,0.0072,1.1962,0.0036,3.104,0.006,4.336,0.006,4.691,0.041,11.42878335,4.336,-0.06,-6.9275
V380_Cyg-2,B,12.426,5.68,-0.06,0.8451,0.0087,0.5819,0.0055,4.12,0.011,4.356,0.023,3.626,0.038,7.000031591,4.356,-0.06,-4.265
V346_Cen-1,B,6.322,8.51,-0.06,1.0697,0.0044,0.9179,0.0041,3.672,0.008,4.417,0.005,4.457,0.022,11.74086245,4.417,-0.06,-6.3425
V346_Cen-2,B,6.322,8.51,-0.06,0.9222,0.0046,0.6152,0.0076,4.13,0.015,4.352,0.006,3.594,0.028,8.359879163,4.352,-0.06,-4.185
V453_Cyg-1,B,3.89,8.29,0.18,1.1449,0.0072,0.9378,0.0028,3.708,0.004,4.459,0.008,4.666,0.031,13.96046872,4.459,0.18,-6.865
V453_Cyg-2,B,3.89,8.29,0.18,1.0453,0.007,0.7202,0.0046,4.044,0.009,4.442,0.009,4.163,0.039,11.09941271,4.442,0.18,-5.6075
V578_Mon-1,B,2.408,8.54,0.17,1.1626,0.0024,0.7332,0.0032,4.133,0.018,4.477,0.007,4.33,0.03,14.5411917,4.477,0.17,-6.025
V578_Mon-2,B,2.408,8.54,0.17,1.0124,0.0025,0.6325,0.0051,4.185,0.021,4.411,0.007,3.86,0.03,10.28963572,4.411,0.17,-4.85
V573_Car-1,O,1.469,9.52,0.11,1.1793,0.0037,0.7347,0.0034,4.148,0.007,4.504,0.005,4.439,0.023,15.11123641,4.504,0.11,-6.2975
V573_Car-2,B,1.469,9.52,0.11,1.0924,0.0035,0.6559,0.0047,4.218,0.009,4.458,0.005,4.098,0.023,12.37086307,4.458,0.11,-5.445
V478_Cyg-1,O,2.881,8.63,-0.29,1.1875,0.0107,0.8609,0.0054,3.904,0.009,4.507,0.007,4.7,0.03,15.39926526,4.507,-0.29,-6.95
V478_Cyg-2,O,2.881,8.63,-0.29,1.1767,0.0101,0.8543,0.0055,3.907,0.01,4.502,0.008,4.67,0.04,15.02103991,4.502,-0.29,-6.875
GL_Car-1,B,2.422,9.7,0.17,1.2003,0.0085,0.7195,0.004,4.199,0.007,4.491,0.007,4.357,0.029,15.85988376,4.491,0.17,-6.0925
GL_Car-2,B,2.422,9.7,0.17,1.1746,0.0087,0.6962,0.0045,4.22,0.008,4.483,0.007,4.278,0.03,14.94858207,4.483,0.17,-5.895
AH_Cep-1,B,1.775,6.81,0.3,1.2079,0.007,0.8136,0.0067,4.019,0.012,4.487,0.008,4.53,0.03,16.1398688,4.487,0.3,-6.525
AH_Cep-2,B,1.775,6.81,0.3,1.1364,0.0067,0.7513,0.0085,4.073,0.018,4.459,0.008,4.3,0.04,13.68989131,4.459,0.3,-5.95
V1034_Sco-1,O,2.441,8.47,-0.22,1.2307,0.0036,0.8758,0.0043,3.917,0.009,4.508,0.007,4.738,0.028,17.00983105,4.508,-0.22,-7.045
V1034_Sco-2,B,2.441,8.47,-0.22,0.981,0.0024,0.6363,0.0051,4.147,0.01,4.412,0.005,3.874,0.028,9.571940713,4.412,-0.22,-4.885
DN_Cas-1,O,2.311,9.93,0.53,1.2797,0.0016,0.8585,0.0036,4,0.009,4.507,0.014,4.7,0.06,19.04144927,4.507,0.53,-6.95
DN_Cas-2,B,2.311,9.93,0.53,1.1377,0.0016,0.7627,0.0045,4.27,0.01,4.447,0.017,4.27,0.08,13.73093148,4.447,0.53,-5.875
delta_Cir-1,O,3.902,5.09,-0.06,1.301,0.0109,0.9664,0.0043,3.806,0.007,4.574,0.01,5.184,0.07,19.9986187,4.574,-0.06,-8.16
delta_Cir-2,B,3.902,5.09,-0.06,1.0573,0.0091,0.7264,0.0074,4.043,0.014,4.519,0.013,4.339,0.09,11.41037716,4.519,-0.06,-6.0475
EM_Car-1,O,3.414,8.38,-0.31,1.3596,0.0061,0.9708,0.0079,3.856,0.017,4.531,0.026,5.02,0.1,22.88758657,4.531,-0.31,-7.75
EM_Car-2,O,3.414,8.38,-0.31,1.331,0.0067,0.9212,0.0073,3.926,0.016,4.531,0.026,4.92,0.1,21.42890601,4.531,-0.31,-7.5
CC_Cas-1,O,3.366,7.08,0.48,1.3709,0.017,1.0362,0.0072,3.736,0.013,4.538,0.025,5.179,0.053,23.4909186,4.538,0.48,-8.1475
CC_Cas-2,B,3.366,7.08,0.48,0.9978,0.0148,0.8351,0.0114,3.766,0.022,4.452,0.031,4.474,0.064,9.949471218,4.452,0.48,-6.385
V467_Vel-1,O,2.753,10.9,0,1.4031,0.012,0.9996,0.0039,3.842,0.016,4.559,0.031,5.187,0.126,25.29880456,4.559,0,-8.1675
V467_Vel-2,B,2.753,10.9,0,0.9165,0.009,0.5428,0.0037,4.268,0.017,4.402,0.046,3.649,0.11,8.250874855,4.402,0,-4.3225
V3903_Sgr-1,O,1.744,7.27,0.06,1.4357,0.0088,0.9078,0.0046,4.058,0.016,4.58,0.021,5.087,0.029,27.27093323,4.58,0.06,-7.9175
V3903_Sgr-2,B,1.744,7.27,0.06,1.279,0.0101,0.7871,0.0043,4.143,0.013,4.531,0.021,4.658,0.032,19.0107828,4.531,0.06,-6.845
